log_price_thb,log_total_reviews,has_reviews,name_length,name_word_count,log_total_sold,name_qty_log,name_has_weight_unit,name_has_count_unit,name_is_authentic,name_has_bundle,name_thai_ratio,section_Acne_Care,section_Appetite_Suppressant,section_Beauty_Supplements_Value_Sets,section_Bone_Joint_Support,section_Brain_Memory,section_Breast_Enlargement,section_Detoxification,section_Digestive_Care,section_Fat_Blockers_Burners,section_Food_Supplement,section_Hair_Nail,section_Heart_Blood_Pressure,section_Herbs_Traditional_Medicine,section_Immunity,section_Mass_Gainer,section_Meal_Replacement,section_Men_s_Health,section_Multivitamins,section_Nutritional_Foods_Drinks,section_Pre_Workout,section_Pregnancy_Care,section_Protein,section_Sexual_Health_Vitamins,section_Skin_Nourishment,section_Slimming_Beverages,section_Stress_Sleep_and_Anxiety,section_Weight_Management_Value_Sets,section_Well_Being_Gifts_Value_Sets,section_Whitening,section_Women_s_Health,shop_region_bangkok_metro,shop_region_central,shop_region_eastern,shop_region_northeastern,shop_region_northern,shop_region_overseas,shop_region_southern,shop_region_unknown,shop_region_western
4.330733340286331,0.0,0,46,7,0.0,3.044522437723423,0,0,0,0,0.525,1,0,0,0,0,0,0,0,0,0,0,0,0,0,0,0,0,0,0,0,0,0,0,0,0,0,0,0,0,0,1,0,0,0,0,0,0,0,0
4.382026634673881,0.0,0,53,10,0.0,3.044522437723423,1,1,0,0,0.6590909090909091,1,0,0,0,0,0,0,0,0,0,0,0,0,0,0,0,0,0,0,0,0,0,0,0,0,0,0,0,0,0,0,0,0,0,1,0,0,0,0
5.41610040220442,0.0,0,118,18,0.0,7.613324979540639,0,1,0,0,0.55,1,0,0,0,0,0,0,0,0,0,0,0,0,0,0,0,0,0,0,0,0,0,0,0,0,0,0,0,0,0,0,0,0,1,0,0,0,0,0
5.673323267171493,0.0,0,72,8,0.0,0.6931471805599453,0,0,0,1,0.8,1,0,0,0,0,0,0,0,0,0,0,0,0,0,0,0,0,0,0,0,0,0,0,0,0,0,0,0,0,0,0,0,0,1,0,0,0,0,0
5.0106352940962555,0.0,0,119,12,0.0,0.0,0,0,1,0,0.6481481481481481,1,0,0,0,0,0,0,0,0,0,0,0,0,0,0,0,0,0,0,0,0,0,0,0,0,0,0,0,0,0,1,0,0,0,0,0,0,0,0
4.912654885736052,0.0,0,95,11,0.0,0.0,0,0,1,0,0.6823529411764706,1,0,0,0,0,0,0,0,0,0,0,0,0,0,0,0,0,0,0,0,0,0,0,0,0,0,0,0,0,0,1,0,0,0,0,0,0,0,0
5.846438775057725,0.0,0,21,3,0.0,0.0,0,0,0,0,0.0,1,0,0,0,0,0,0,0,0,0,0,0,0,0,0,0,0,0,0,0,0,0,0,0,0,0,0,0,0,0,1,0,0,0,0,0,0,0,0
4.0943445622221,0.0,0,45,9,0.0,0.0,0,0,0,0,0.6111111111111112,1,0,0,0,0,0,0,0,0,0,0,0,0,0,0,0,0,0,0,0,0,0,0,0,0,0,0,0,0,0,0,0,0,1,0,0,0,0,0
5.673323267171493,0.0,0,46,5,0.0,0.0,0,0,0,0,0.7857142857142857,1,0,0,0,0,0,0,0,0,0,0,0,0,0,0,0,0,0,0,0,0,0,0,0,0,0,0,0,0,0,1,0,0,0,0,0,0,0,0
5.968707559985366,0.0,0,154,18,0.0,2.3978952727983707,1,1,0,1,0.8394160583941606,1,0,0,0,0,0,0,0,0,0,0,0,0,0,0,0,0,0,0,0,0,0,0,0,0,0,0,0,0,0,1,0,0,0,0,0,0,0,0
5.8289456176102075,0.0,0,121,13,0.0,0.0,0,0,1,1,0.7924528301886793,1,0,0,0,0,0,0,0,0,0,0,0,0,0,0,0,0,0,0,0,0,0,0,0,0,0,0,0,0,0,1,0,0,0,0,0,0,0,0
5.793013608384144,0.0,0,133,12,0.0,0.0,0,0,0,0,0.8934426229508197,1,0,0,0,0,0,0,0,0,0,0,0,0,0,0,0,0,0,0,0,0,0,0,0,0,0,0,0,0,0,1,0,0,0,0,0,0,0,0
5.298317366548036,0.0,0,65,5,0.0,0.0,0,0,0,0,0.9,1,0,0,0,0,0,0,0,0,0,0,0,0,0,0,0,0,0,0,0,0,0,0,0,0,0,0,0,0,0,0,0,0,0,0,0,0,0,1
5.5254529391317835,0.0,0,87,11,0.0,0.0,0,0,1,0,0.8441558441558441,1,0,0,0,0,0,0,0,0,0,0,0,0,0,0,0,0,0,0,0,0,0,0,0,0,0,0,0,0,0,0,0,0,0,0,0,0,0,1
5.438079308923196,0.0,0,72,12,0.0,0.0,0,0,0,0,0.5245901639344263,1,0,0,0,0,0,0,0,0,0,0,0,0,0,0,0,0,0,0,0,0,0,0,0,0,0,0,0,0,0,1,0,0,0,0,0,0,0,0
5.0106352940962555,0.0,0,51,9,0.0,3.828641396489095,1,1,0,0,0.5813953488372093,1,0,0,0,0,0,0,0,0,0,0,0,0,0,0,0,0,0,0,0,0,0,0,0,0,0,0,0,0,0,1,0,0,0,0,0,0,0,0
5.298317366548036,0.0,0,65,10,0.0,1.791759469228055,0,1,0,0,0.4642857142857143,1,0,0,0,0,0,0,0,0,0,0,0,0,0,0,0,0,0,0,0,0,0,0,0,0,0,0,0,0,0,1,0,0,0,0,0,0,0,0
5.839798278573644,0.0,0,82,8,0.0,0.0,0,0,1,0,0.6933333333333334,1,0,0,0,0,0,0,0,0,0,0,0,0,0,0,0,0,0,0,0,0,0,0,0,0,0,0,0,0,0,1,0,0,0,0,0,0,0,0
6.53813982376767,0.0,0,70,11,0.0,7.613324979540639,0,1,0,0,0.0,1,0,0,0,0,0,0,0,0,0,0,0,0,0,0,0,0,0,0,0,0,0,0,0,0,0,0,0,0,0,1,0,0,0,0,0,0,0,0
6.373319789577012,0.0,0,34,6,0.0,0.0,0,0,0,0,0.0,1,0,0,0,0,0,0,0,0,0,0,0,0,0,0,0,0,0,0,0,0,0,0,0,0,0,0,0,0,0,1,0,0,0,0,0,0,0,0
5.298317366548036,0.0,0,16,3,0.0,2.772588722239781,1,0,0,0,0.0,1,0,0,0,0,0,0,0,0,0,0,0,0,0,0,0,0,0,0,0,0,0,0,0,0,0,0,0,0,0,1,0,0,0,0,0,0,0,0
4.875197323201151,0.0,0,76,10,0.0,3.044522437723423,0,1,0,0,0.7611940298507462,1,0,0,0,0,0,0,0,0,0,0,0,0,0,0,0,0,0,0,0,0,0,0,0,0,0,0,0,0,0,1,0,0,0,0,0,0,0,0
6.68586094706836,0.0,0,123,9,0.0,4.61512051684126,0,0,0,0,0.8173913043478261,1,0,0,0,0,0,0,0,0,0,0,0,0,0,0,0,0,0,0,0,0,0,0,0,0,0,0,0,0,0,0,0,1,0,0,0,0,0,0
6.68586094706836,0.0,0,113,11,2.0794415416798357,4.61512051684126,0,1,1,1,0.6796116504854369,1,0,0,0,0,0,0,0,0,0,0,0,0,0,0,0,0,0,0,0,0,0,0,0,0,0,0,0,0,0,0,0,1,0,0,0,0,0,0
8.240385115516334,0.0,0,111,14,1.9459101490553132,3.4339872044851463,0,1,0,1,0.7040816326530612,1,0,0,0,0,0,0,0,0,0,0,0,0,0,0,0,0,0,0,0,0,0,0,0,0,0,0,0,0,0,0,0,1,0,0,0,0,0,0
5.799092654460526,0.0,0,129,22,0.0,4.51085950651685,1,1,1,0,0.6981132075471698,1,0,0,0,0,0,0,0,0,0,0,0,0,0,0,0,0,0,0,0,0,0,0,0,0,0,0,0,0,0,1,0,0,0,0,0,0,0,0
7.855932199718614,0.0,0,67,10,0.0,3.4339872044851463,0,1,0,1,0.603448275862069,1,0,0,0,0,0,0,0,0,0,0,0,0,0,0,0,0,0,0,0,0,0,0,0,0,0,0,0,0,0,1,0,0,0,0,0,0,0,0
5.673323267171493,0.0,0,8,2,0.0,0.0,0,0,0,0,0.0,1,0,0,0,0,0,0,0,0,0,0,0,0,0,0,0,0,0,0,0,0,0,0,0,0,0,0,0,0,0,0,0,0,1,0,0,0,0,0
5.673323267171493,0.0,0,111,11,0.0,0.6931471805599453,1,0,0,0,0.8080808080808081,1,0,0,0,0,0,0,0,0,0,0,0,0,0,0,0,0,0,0,0,0,0,0,0,0,0,0,0,0,0,1,0,0,0,0,0,0,0,0
5.19295685089021,0.0,0,98,11,0.0,3.4339872044851463,0,1,0,0,0.8636363636363636,1,0,0,0,0,0,0,0,0,0,0,0,0,0,0,0,0,0,0,0,0,0,0,0,0,0,0,0,0,0,1,0,0,0,0,0,0,0,0
5.8888779583328805,0.0,0,68,11,0.0,2.0794415416798357,0,0,0,0,0.7413793103448276,1,0,0,0,0,0,0,0,0,0,0,0,0,0,0,0,0,0,0,0,0,0,0,0,0,0,0,0,0,0,1,0,0,0,0,0,0,0,0
4.605170185988092,0.0,0,57,9,0.0,2.772588722239781,0,1,0,0,0.6326530612244898,1,0,0,0,0,0,0,0,0,0,0,0,0,0,0,0,0,0,0,0,0,0,0,0,0,0,0,0,0,0,1,0,0,0,0,0,0,0,0
6.364750756851911,0.0,0,114,10,0.0,0.0,1,0,0,0,0.9142857142857143,1,0,0,0,0,0,0,0,0,0,0,0,0,0,0,0,0,0,0,0,0,0,0,0,0,0,0,0,0,0,1,0,0,0,0,0,0,0,0
5.247024072160486,0.0,0,46,8,0.0,0.0,0,0,0,0,0.28205128205128205,1,0,0,0,0,0,0,0,0,0,0,0,0,0,0,0,0,0,0,0,0,0,0,0,0,0,0,0,0,0,1,0,0,0,0,0,0,0,0
5.247024072160486,0.0,0,47,8,2.9444389791664403,0.0,0,0,0,0,0.275,1,0,0,0,0,0,0,0,0,0,0,0,0,0,0,0,0,0,0,0,0,0,0,0,0,0,0,0,0,0,1,0,0,0,0,0,0,0,0
5.247024072160486,0.0,0,72,13,0.0,3.4339872044851463,0,1,0,0,0.48333333333333334,1,0,0,0,0,0,0,0,0,0,0,0,0,0,0,0,0,0,0,0,0,0,0,0,0,0,0,0,0,0,1,0,0,0,0,0,0,0,0
6.4457198193855785,0.0,0,44,5,0.0,0.0,0,0,0,0,0.45,1,0,0,0,0,0,0,0,0,0,0,0,0,0,0,0,0,0,0,0,0,0,0,0,0,0,0,0,0,0,0,0,0,0,0,0,1,0,0
5.117694366389664,0.0,0,73,6,0.0,2.3978952727983707,0,1,1,0,0.6268656716417911,1,0,0,0,0,0,0,0,0,0,0,0,0,0,0,0,0,0,0,0,0,0,0,0,0,0,0,0,0,0,0,0,0,0,0,0,1,0,0
5.968707559985366,0.0,0,67,6,0.0,0.0,0,0,0,0,0.5645161290322581,1,0,0,0,0,0,0,0,0,0,0,0,0,0,0,0,0,0,0,0,0,0,0,0,0,0,0,0,0,0,1,0,0,0,0,0,0,0,0
5.4638318050256105,0.0,0,134,12,1.791759469228055,3.4339872044851463,0,1,0,0,0.7073170731707317,1,0,0,0,0,0,0,0,0,0,0,0,0,0,0,0,0,0,0,0,0,0,0,0,0,0,0,0,0,0,0,1,0,0,0,0,0,0,0
5.849324779946859,0.0,0,69,12,8.480529207044645,4.51085950651685,0,1,0,0,0.5,1,0,0,0,0,0,0,0,0,0,0,0,0,0,0,0,0,0,0,0,0,0,0,0,0,0,0,0,0,0,1,0,0,0,0,0,0,0,0
5.942799375126701,0.0,0,135,13,0.0,0.0,1,0,0,0,0.926829268292683,1,0,0,0,0,0,0,0,0,0,0,0,0,0,0,0,0,0,0,0,0,0,0,0,0,0,0,0,0,0,1,0,0,0,0,0,0,0,0
5.634789603169249,0.0,0,108,16,5.030437921392435,1.0986122886681098,0,0,0,1,0.8260869565217391,1,0,0,0,0,0,0,0,0,0,0,0,0,0,0,0,0,0,0,0,0,0,0,0,0,0,0,0,0,0,0,1,0,0,0,0,0,0,0
4.700480365792417,0.0,0,85,12,5.605802066295998,0.6931471805599453,0,0,0,1,0.6351351351351351,1,0,0,0,0,0,0,0,0,0,0,0,0,0,0,0,0,0,0,0,0,0,0,0,0,0,0,0,0,0,0,1,0,0,0,0,0,0,0
5.968707559985366,0.0,0,88,12,3.258096538021482,0.0,0,1,0,0,0.7142857142857143,1,0,0,0,0,0,0,0,0,0,0,0,0,0,0,0,0,0,0,0,0,0,0,0,0,0,0,0,0,0,0,0,0,0,1,0,0,0,0
6.309918278226516,0.0,0,30,6,1.9459101490553132,0.0,0,0,0,0,0.4,1,0,0,0,0,0,0,0,0,0,0,0,0,0,0,0,0,0,0,0,0,0,0,0,0,0,0,0,0,0,1,0,0,0,0,0,0,0,0
5.673323267171493,0.0,0,75,8,2.6390573296152584,1.0986122886681098,0,1,0,0,0.8529411764705882,1,0,0,0,0,0,0,0,0,0,0,0,0,0,0,0,0,0,0,0,0,0,0,0,0,0,0,0,0,0,1,0,0,0,0,0,0,0,0
4.499809670330265,0.0,0,74,9,0.0,0.0,0,0,0,0,0.48484848484848486,1,0,0,0,0,0,0,0,0,0,0,0,0,0,0,0,0,0,0,0,0,0,0,0,0,0,0,0,0,0,0,0,0,0,0,0,0,0,1
5.860786223465865,0.0,0,132,20,2.5649493574615367,7.6128310304073565,1,1,0,0,0.25663716814159293,1,0,0,0,0,0,0,0,0,0,0,0,0,0,0,0,0,0,0,0,0,0,0,0,0,0,0,0,0,0,0,0,0,0,1,0,0,0,0
5.5254529391317835,0.0,0,103,12,0.0,0.6931471805599453,0,0,1,1,0.7912087912087912,1,0,0,0,0,0,0,0,0,0,0,0,0,0,0,0,0,0,0,0,0,0,0,0,0,0,0,0,0,0,0,0,0,0,0,0,1,0,0
5.768320995793772,0.0,0,138,13,1.9459101490553132,3.4339872044851463,0,1,0,1,0.7301587301587301,1,0,0,0,0,0,0,0,0,0,0,0,0,0,0,0,0,0,0,0,0,0,0,0,0,0,0,0,0,0,0,1,0,0,0,0,0,0,0
6.90875477931522,0.0,0,87,12,0.0,0.0,0,0,1,0,0.5,1,0,0,0,0,0,0,0,0,0,0,0,0,0,0,0,0,0,0,0,0,0,0,0,0,0,0,0,0,0,1,0,0,0,0,0,0,0,0
5.598421958998375,0.0,0,20,3,0.0,4.110873864173311,0,0,0,0,0.2777777777777778,1,0,0,0,0,0,0,0,0,0,0,0,0,0,0,0,0,0,0,0,0,0,0,0,0,0,0,0,0,0,0,0,1,0,0,0,0,0,0
5.0106352940962555,0.0,0,37,7,7.029972911706386,4.110873864173311,0,0,0,0,0.7096774193548387,1,0,0,0,0,0,0,0,0,0,0,0,0,0,0,0,0,0,0,0,0,0,0,0,0,0,0,0,0,0,1,0,0,0,0,0,0,0,0
4.727387818712341,0.0,0,73,10,8.107418811719974,3.4339872044851463,0,1,0,0,0.46875,1,0,0,0,0,0,0,0,0,0,0,0,0,0,0,0,0,0,0,0,0,0,0,0,0,0,0,0,0,0,0,0,1,0,0,0,0,0,0
5.968707559985366,0.0,0,71,14,2.772588722239781,3.4339872044851463,0,1,0,0,0.6724137931034483,1,0,0,0,0,0,0,0,0,0,0,0,0,0,0,0,0,0,0,0,0,0,0,0,0,0,0,0,0,0,1,0,0,0,0,0,0,0,0
5.262690188904886,0.0,0,68,10,6.606650186198215,3.4339872044851463,0,1,0,0,0.43103448275862066,1,0,0,0,0,0,0,0,0,0,0,0,0,0,0,0,0,0,0,0,0,0,0,0,0,0,0,0,0,0,1,0,0,0,0,0,0,0,0
5.614659779493029,0.0,0,103,16,5.82600010738045,4.110873864173311,0,1,0,1,0.7931034482758621,1,0,0,0,0,0,0,0,0,0,0,0,0,0,0,0,0,0,0,0,0,0,0,0,0,0,0,0,0,0,0,1,0,0,0,0,0,0,0
6.6582292505604475,0.0,0,151,17,0.0,3.828641396489095,0,1,0,1,0.6384615384615384,1,0,0,0,0,0,0,0,0,0,0,0,0,0,0,0,0,0,0,0,0,0,0,0,0,0,0,0,0,0,1,0,0,0,0,0,0,0,0
5.673323267171493,0.0,0,142,15,2.6390573296152584,4.61512051684126,0,0,1,1,0.8671875,1,0,0,0,0,0,0,0,0,0,0,0,0,0,0,0,0,0,0,0,0,0,0,0,0,0,0,0,0,0,0,0,0,0,0,0,0,0,1
6.255750041753367,0.0,0,136,13,2.3978952727983707,0.0,0,0,0,0,0.7903225806451613,1,0,0,0,0,0,0,0,0,0,0,0,0,0,0,0,0,0,0,0,0,0,0,0,0,0,0,0,0,0,1,0,0,0,0,0,0,0,0
5.181783550292085,0.0,0,70,12,7.119635638017636,3.4339872044851463,0,1,0,0,0.4406779661016949,1,0,0,0,0,0,0,0,0,0,0,0,0,0,0,0,0,0,0,0,0,0,0,0,0,0,0,0,0,0,0,0,0,0,0,0,1,0,0
5.942799375126701,0.0,0,149,16,0.0,3.4339872044851463,1,0,0,0,0.917910447761194,1,0,0,0,0,0,0,0,0,0,0,0,0,0,0,0,0,0,0,0,0,0,0,0,0,0,0,0,0,0,1,0,0,0,0,0,0,0,0
5.768320995793772,0.0,0,106,9,1.791759469228055,3.4339872044851463,0,1,0,0,0.6907216494845361,1,0,0,0,0,0,0,0,0,0,0,0,0,0,0,0,0,0,0,0,0,0,0,0,0,0,0,0,0,0,0,0,0,0,1,0,0,0,0
5.634789603169249,0.0,0,113,17,3.912023005428146,1.0986122886681098,1,0,0,1,0.8333333333333334,1,0,0,0,0,0,0,0,0,0,0,0,0,0,0,0,0,0,0,0,0,0,0,0,0,0,0,0,0,0,0,1,0,0,0,0,0,0,0
4.762173934797756,0.0,0,108,15,7.003065458786462,4.110873864173311,1,1,0,0,0.8297872340425532,1,0,0,0,0,0,0,0,0,0,0,0,0,0,0,0,0,0,0,0,0,0,0,0,0,0,0,0,0,0,0,1,0,0,0,0,0,0,0
5.0689042022202315,0.0,0,41,5,8.464846711044029,0.0,1,0,0,0,0.5833333333333334,1,0,0,0,0,0,0,0,0,0,0,0,0,0,0,0,0,0,0,0,0,0,0,0,0,0,0,0,0,0,1,0,0,0,0,0,0,0,0
6.329720905522696,0.0,0,121,11,2.0794415416798357,6.364750756851911,1,0,0,0,0.8918918918918919,1,0,0,0,0,0,0,0,0,0,0,0,0,0,0,0,0,0,0,0,0,0,0,0,0,0,0,0,0,0,1,0,0,0,0,0,0,0,0
5.262690188904886,0.0,0,73,13,8.391403185357937,3.4339872044851463,0,1,0,0,0.45901639344262296,1,0,0,0,0,0,0,0,0,0,0,0,0,0,0,0,0,0,0,0,0,0,0,0,0,0,0,0,0,0,1,0,0,0,0,0,0,0,0
5.476463551931511,0.0,0,68,8,0.0,0.0,0,0,0,0,0.6721311475409836,1,0,0,0,0,0,0,0,0,0,0,0,0,0,0,0,0,0,0,0,0,0,0,0,0,0,0,0,0,0,1,0,0,0,0,0,0,0,0
6.621405651764134,0.0,0,152,17,3.8918202981106265,3.4339872044851463,0,1,1,0,0.7426470588235294,1,0,0,0,0,0,0,0,0,0,0,0,0,0,0,0,0,0,0,0,0,0,0,0,0,0,0,0,0,0,0,0,0,0,1,0,0,0,0
5.634789603169249,0.0,0,132,10,0.0,0.6931471805599453,0,1,0,1,0.8780487804878049,1,0,0,0,0,0,0,0,0,0,0,0,0,0,0,0,0,0,0,0,0,0,0,0,0,0,0,0,0,0,0,1,0,0,0,0,0,0,0
5.351858133476067,0.0,0,97,16,2.1972245773362196,1.0986122886681098,0,1,0,0,0.6707317073170732,1,0,0,0,0,0,0,0,0,0,0,0,0,0,0,0,0,0,0,0,0,0,0,0,0,0,0,0,0,0,0,0,0,0,0,0,1,0,0
6.3818160174060985,0.0,0,135,17,5.247024072160486,3.4339872044851463,0,1,0,0,0.7899159663865546,1,0,0,0,0,0,0,0,0,0,0,0,0,0,0,0,0,0,0,0,0,0,0,0,0,0,0,0,0,0,0,0,0,0,1,0,0,0,0
4.382026634673881,0.0,0,29,7,3.295836866004329,7.613324979540639,0,0,0,0,0.13043478260869565,1,0,0,0,0,0,0,0,0,0,0,0,0,0,0,0,0,0,0,0,0,0,0,0,0,0,0,0,0,0,1,0,0,0,0,0,0,0,0
6.364750756851911,0.0,0,114,10,0.0,0.0,1,0,0,0,0.9142857142857143,1,0,0,0,0,0,0,0,0,0,0,0,0,0,0,0,0,0,0,0,0,0,0,0,0,0,0,0,0,0,1,0,0,0,0,0,0,0,0
7.307202314764738,0.0,0,77,11,0.0,11.739383517252268,0,1,0,1,0.746268656716418,1,0,0,0,0,0,0,0,0,0,0,0,0,0,0,0,0,0,0,0,0,0,0,0,0,0,0,0,0,0,1,0,0,0,0,0,0,0,0
5.5254529391317835,0.0,0,91,11,0.0,7.601402334583733,1,1,0,0,0.825,1,0,0,0,0,0,0,0,0,0,0,0,0,0,0,0,0,0,0,0,0,0,0,0,0,0,0,0,0,0,1,0,0,0,0,0,0,0,0
5.556828061699537,0.0,0,113,9,0.0,7.613818684808629,0,0,0,0,0.6285714285714286,1,0,0,0,0,0,0,0,0,0,0,0,0,0,0,0,0,0,0,0,0,0,0,0,0,0,0,0,0,0,1,0,0,0,0,0,0,0,0
7.313886831633462,0.0,0,30,6,1.9459101490553132,0.0,0,0,0,0,0.4,1,0,0,0,0,0,0,0,0,0,0,0,0,0,0,0,0,0,0,0,0,0,0,0,0,0,0,0,0,0,1,0,0,0,0,0,0,0,0
6.906754778648554,0.0,0,132,20,2.5649493574615367,7.6128310304073565,1,1,0,0,0.25663716814159293,1,0,0,0,0,0,0,0,0,0,0,0,0,0,0,0,0,0,0,0,0,0,0,0,0,0,0,0,0,0,0,0,0,0,1,0,0,0,0
5.303304908059076,0.0,0,46,7,2.4849066497880004,9.61587214452889,1,0,0,0,0.2,0,0,1,0,0,0,0,0,0,0,0,0,0,0,0,0,0,0,0,0,0,0,0,0,0,0,0,0,0,0,1,0,0,0,0,0,0,0,0
5.545177444479562,0.0,0,62,6,2.302585092994046,4.61512051684126,0,0,0,0,0.4107142857142857,0,0,1,0,0,0,0,0,0,0,0,0,0,0,0,0,0,0,0,0,0,0,0,0,0,0,0,0,0,0,0,0,0,1,0,0,0,0,0
4.787491742782046,0.0,0,62,10,7.266128779556451,4.795790545596741,0,1,0,0,0.5660377358490566,0,0,1,0,0,0,0,0,0,0,0,0,0,0,0,0,0,0,0,0,0,0,0,0,0,0,0,0,0,0,1,0,0,0,0,0,0,0,0
5.673323267171493,0.0,0,65,6,6.70808408385307,0.6931471805599453,0,0,1,0,0.7457627118644068,0,0,1,0,0,0,0,0,0,0,0,0,0,0,0,0,0,0,0,0,0,0,0,0,0,0,0,0,0,0,1,0,0,0,0,0,0,0,0
5.673323267171493,0.0,0,83,5,7.530479995245536,4.61512051684126,0,1,1,0,0.7051282051282052,0,0,1,0,0,0,0,0,0,0,0,0,0,0,0,0,0,0,0,0,0,0,0,0,0,0,0,0,0,0,1,0,0,0,0,0,0,0,0
5.093750200806762,0.0,0,54,6,8.686429508661536,3.4339872044851463,0,1,0,0,0.6530612244897959,0,0,1,0,0,0,0,0,0,0,0,0,0,0,0,0,0,0,0,0,0,0,0,0,0,0,0,0,0,0,1,0,0,0,0,0,0,0,0
5.298317366548036,0.0,0,50,9,0.0,4.2626798770413155,0,1,0,0,0.4634146341463415,0,0,1,0,0,0,0,0,0,0,0,0,0,0,0,0,0,0,0,0,0,0,0,0,0,0,0,0,0,0,0,0,0,0,1,0,0,0,0
4.875197323201151,0.0,0,98,10,6.309918278226516,5.017279836814924,1,0,0,0,0.8295454545454546,0,0,1,0,0,0,0,0,0,0,0,0,0,0,0,0,0,0,0,0,0,0,0,0,0,0,0,0,0,0,1,0,0,0,0,0,0,0,0
5.017279836814924,0.0,0,57,7,7.282761179605593,0.0,0,0,0,0,0.6666666666666666,0,0,1,0,0,0,0,0,0,0,0,0,0,0,0,0,0,0,0,0,0,0,0,0,0,0,0,0,0,0,0,1,0,0,0,0,0,0,0
5.673323267171493,0.0,0,82,13,5.717027701406222,0.6931471805599453,0,0,1,1,0.8285714285714286,0,0,1,0,0,0,0,0,0,0,0,0,0,0,0,0,0,0,0,0,0,0,0,0,0,0,0,0,0,0,0,0,0,1,0,0,0,0,0
5.049856007249537,0.0,0,89,10,7.290292882446597,12.206077645517674,1,0,0,0,0.5875,0,0,1,0,0,0,0,0,0,0,0,0,0,0,0,0,0,0,0,0,0,0,0,0,0,0,0,0,0,0,1,0,0,0,0,0,0,0,0
5.135798437050262,0.0,0,98,9,4.219507705176107,3.044522437723423,0,1,0,0,0.7640449438202247,0,0,1,0,0,0,0,0,0,0,0,0,0,0,0,0,0,0,0,0,0,0,0,0,0,0,0,0,0,0,1,0,0,0,0,0,0,0,0
5.19295685089021,0.0,0,108,7,0.0,0.0,0,0,1,1,0.803921568627451,0,0,1,0,0,0,0,0,0,0,0,0,0,0,0,0,0,0,0,0,0,0,0,0,0,0,0,0,0,0,0,0,0,1,0,0,0,0,0
6.621405651764134,0.0,0,157,23,4.48863636973214,11.51293546492023,1,0,0,0,0.5925925925925926,0,0,1,0,0,0,0,0,0,0,0,0,0,0,0,0,0,0,0,0,0,0,0,0,0,0,0,0,0,0,1,0,0,0,0,0,0,0,0
5.496512272498282,0.0,0,43,7,3.5263605246161616,9.210440366976517,1,1,0,0,0.8108108108108109,0,0,1,0,0,0,0,0,0,0,0,0,0,0,0,0,0,0,0,0,0,0,0,0,0,0,0,0,0,0,0,0,0,1,0,0,0,0,0
5.634789603169249,0.0,0,47,9,6.2878585601617845,4.61512051684126,0,0,1,0,0.46153846153846156,0,0,1,0,0,0,0,0,0,0,0,0,0,0,0,0,0,0,0,0,0,0,0,0,0,0,0,0,0,0,1,0,0,0,0,0,0,0,0
5.278114659230517,0.0,0,56,10,5.968707559985366,3.4339872044851463,0,1,0,0,0.5957446808510638,0,0,1,0,0,0,0,0,0,0,0,0,0,0,0,0,0,0,0,0,0,0,0,0,0,0,0,0,0,0,1,0,0,0,0,0,0,0,0
5.135798437050262,0.0,0,74,9,5.44673737166631,0.6931471805599453,0,1,1,0,0.7575757575757576,0,0,1,0,0,0,0,0,0,0,0,0,0,0,0,0,0,0,0,0,0,0,0,0,0,0,0,0,0,0,1,0,0,0,0,0,0,0,0
5.484796933490655,0.0,0,27,6,4.48863636973214,2.70805020110221,0,1,0,0,0.8636363636363636,0,0,1,0,0,0,0,0,0,0,0,0,0,0,0,0,0,0,0,0,0,0,0,0,0,0,0,0,0,0,1,0,0,0,0,0,0,0,0
5.673323267171493,0.0,0,114,11,0.0,4.61512051684126,0,1,0,0,0.8653846153846154,0,0,1,0,0,0,0,0,0,0,0,0,0,0,0,0,0,0,0,0,0,0,0,0,0,0,0,0,0,0,1,0,0,0,0,0,0,0,0
4.852030263919617,0.0,0,69,11,2.0794415416798357,4.110873864173311,0,0,0,0,0.6779661016949152,0,0,1,0,0,0,0,0,0,0,0,0,0,0,0,0,0,0,0,0,0,0,0,0,0,0,0,0,0,0,1,0,0,0,0,0,0,0,0
5.968707559985366,0.0,0,24,6,7.4999765409521215,5.802118375377063,1,0,0,0,0.0,0,0,1,0,0,0,0,0,0,0,0,0,0,0,0,0,0,0,0,0,0,0,0,0,0,0,0,0,0,0,1,0,0,0,0,0,0,0,0
5.62040086571715,0.0,0,48,6,3.6375861597263857,4.110873864173311,0,0,0,0,0.6097560975609756,0,0,1,0,0,0,0,0,0,0,0,0,0,0,0,0,0,0,0,0,0,0,0,0,0,0,0,0,0,0,1,0,0,0,0,0,0,0,0
4.605170185988092,0.0,0,53,7,0.0,3.4339872044851463,0,1,0,0,0.5217391304347826,0,0,1,0,0,0,0,0,0,0,0,0,0,0,0,0,0,0,0,0,0,0,0,0,0,0,0,0,0,0,0,0,0,1,0,0,0,0,0
7.576097340623111,0.0,0,22,3,5.991464547107982,0.0,0,0,0,0,0.0,0,0,1,0,0,0,0,0,0,0,0,0,0,0,0,0,0,0,0,0,0,0,0,0,0,0,0,0,0,0,1,0,0,0,0,0,0,0,0
5.075173815233827,0.0,0,65,6,9.210340371976184,2.3978952727983707,0,1,0,0,0.7666666666666667,0,0,1,0,0,0,0,0,0,0,0,0,0,0,0,0,0,0,0,0,0,0,0,0,0,0,0,0,0,0,0,0,0,0,0,0,1,0,0
4.382026634673881,0.0,0,22,3,1.9459101490553132,0.0,0,0,0,0,0.35,0,0,1,0,0,0,0,0,0,0,0,0,0,0,0,0,0,0,0,0,0,0,0,0,0,0,0,0,0,0,1,0,0,0,0,0,0,0,0
5.389071729816501,0.0,0,81,12,5.308267697401205,4.795790545596741,0,1,0,0,0.3,0,0,1,0,0,0,0,0,0,0,0,0,0,0,0,0,0,0,0,0,0,0,0,0,0,0,0,0,0,0,1,0,0,0,0,0,0,0,0
5.176149732573829,0.0,0,85,11,3.091042453358316,0.0,0,1,0,0,0.5753424657534246,0,0,1,0,0,0,0,0,0,0,0,0,0,0,0,0,0,0,0,0,0,0,0,0,0,0,0,0,0,0,1,0,0,0,0,0,0,0,0
4.836281906951478,0.0,0,25,3,7.545389749611823,0.0,0,0,0,0,0.2608695652173913,0,0,1,0,0,0,0,0,0,0,0,0,0,0,0,0,0,0,0,0,0,0,0,0,0,0,0,0,0,0,1,0,0,0,0,0,0,0,0
5.703782474656201,0.0,0,52,6,4.174387269895637,11.695255355062795,1,0,1,0,0.8085106382978723,0,0,1,0,0,0,0,0,0,0,0,0,0,0,0,0,0,0,0,0,0,0,0,0,0,0,0,0,0,0,1,0,0,0,0,0,0,0,0
5.707110264748875,0.0,0,42,2,5.093750200806762,0.0,0,0,0,0,0.7560975609756098,0,0,1,0,0,0,0,0,0,0,0,0,0,0,0,0,0,0,0,0,0,0,0,0,0,0,0,0,0,0,0,1,0,0,0,0,0,0,0
5.0106352940962555,0.0,0,73,12,5.4638318050256105,3.9318256327243257,1,0,0,0,0.5409836065573771,0,0,1,0,0,0,0,0,0,0,0,0,0,0,0,0,0,0,0,0,0,0,0,0,0,0,0,0,0,0,1,0,0,0,0,0,0,0,0
4.605170185988092,0.0,0,46,8,6.401917196727186,6.90875477931522,1,1,0,0,0.5897435897435898,0,0,1,0,0,0,0,0,0,0,0,0,0,0,0,0,0,0,0,0,0,0,0,0,0,0,0,0,0,0,1,0,0,0,0,0,0,0,0
5.739792912179234,0.0,0,101,15,6.710523109452428,12.206077645517674,1,0,0,1,0.5862068965517241,0,0,1,0,0,0,0,0,0,0,0,0,0,0,0,0,0,0,0,0,0,0,0,0,0,0,0,0,0,0,1,0,0,0,0,0,0,0,0
5.420534999272286,0.0,0,89,9,6.637258031284457,1.9459101490553132,0,1,0,0,0.7875,0,0,1,0,0,0,0,0,0,0,0,0,0,0,0,0,0,0,0,0,0,0,0,0,0,0,0,0,0,0,1,0,0,0,0,0,0,0,0
5.942799375126701,0.0,0,46,7,5.198497031265826,2.3978952727983707,0,1,0,0,0.575,0,0,1,0,0,0,0,0,0,0,0,0,0,0,0,0,0,0,0,0,0,0,0,0,0,0,0,0,0,0,1,0,0,0,0,0,0,0,0
5.802118375377063,0.0,0,69,11,5.0369526024136295,3.4339872044851463,0,1,0,1,0.8813559322033898,0,0,1,0,0,0,0,0,0,0,0,0,0,0,0,0,0,0,0,0,0,0,0,0,0,0,0,0,0,0,1,0,0,0,0,0,0,0,0
5.652489180268651,0.0,0,62,8,4.276666119016055,0.6931471805599453,0,0,1,1,0.7090909090909091,0,0,1,0,0,0,0,0,0,0,0,0,0,0,0,0,0,0,0,0,0,0,0,0,0,0,0,0,0,0,0,0,0,0,1,0,0,0,0
5.123963979403259,0.0,0,49,6,4.418840607796598,11.51293546492023,1,0,0,0,0.4318181818181818,0,0,1,0,0,0,0,0,0,0,0,0,0,0,0,0,0,0,0,0,0,0,0,0,0,0,0,0,0,0,1,0,0,0,0,0,0,0,0
5.968707559985366,0.0,0,45,9,0.0,5.968707559985366,0,0,0,0,0.4444444444444444,0,0,1,0,0,0,0,0,0,0,0,0,0,0,0,0,0,0,0,0,0,0,0,0,0,0,0,0,0,0,0,0,1,0,0,0,0,0,0
5.831882477283517,0.0,0,141,20,0.0,4.110873864173311,0,1,0,0,0.7868852459016393,0,0,1,0,0,0,0,0,0,0,0,0,0,0,0,0,0,0,0,0,0,0,0,0,0,0,0,0,0,0,0,0,0,1,0,0,0,0,0
5.831882477283517,0.0,0,124,18,0.0,4.110873864173311,0,1,1,0,0.7570093457943925,0,0,1,0,0,0,0,0,0,0,0,0,0,0,0,0,0,0,0,0,0,0,0,0,0,0,0,0,0,0,0,0,0,1,0,0,0,0,0
5.303304908059076,0.0,0,19,2,0.0,0.0,0,0,0,0,1.0,0,0,1,0,0,0,0,0,0,0,0,0,0,0,0,0,0,0,0,0,0,0,0,0,0,0,0,0,0,0,0,0,0,1,0,0,0,0,0
5.942799375126701,0.0,0,31,3,0.0,0.0,1,0,0,0,0.6896551724137931,0,0,1,0,0,0,0,0,0,0,0,0,0,0,0,0,0,0,0,0,0,0,0,0,0,0,0,0,0,0,0,0,0,1,0,0,0,0,0
5.673323267171493,0.0,0,66,10,0.0,5.673323267171493,0,1,0,0,0.7543859649122807,0,0,1,0,0,0,0,0,0,0,0,0,0,0,0,0,0,0,0,0,0,0,0,0,0,0,0,0,0,0,0,1,0,0,0,0,0,0,0
5.583496308781699,0.0,0,81,12,0.0,0.6931471805599453,0,0,0,1,0.8285714285714286,0,0,1,0,0,0,0,0,0,0,0,0,0,0,0,0,0,0,0,0,0,0,0,0,0,0,0,0,0,0,1,0,0,0,0,0,0,0,0
5.135798437050262,0.0,0,42,7,0.0,1.9459101490553132,0,1,0,0,0.6944444444444444,0,0,1,0,0,0,0,0,0,0,0,0,0,0,0,0,0,0,0,0,0,0,0,0,0,0,0,0,0,0,0,0,0,0,0,0,1,0,0
3.912023005428146,0.0,0,51,7,0.0,9.210440366976517,1,0,0,0,0.8444444444444444,0,0,1,0,0,0,0,0,0,0,0,0,0,0,0,0,0,0,0,0,0,0,0,0,0,0,0,0,0,0,1,0,0,0,0,0,0,0,0
6.3818160174060985,0.0,0,28,2,0.0,0.0,0,0,0,0,0.9629629629629629,0,0,1,0,0,0,0,0,0,0,0,0,0,0,0,0,0,0,0,0,0,0,0,0,0,0,0,0,0,0,0,0,0,0,1,0,0,0,0
5.673323267171493,0.0,0,8,2,0.0,0.0,0,0,0,0,0.0,0,0,1,0,0,0,0,0,0,0,0,0,0,0,0,0,0,0,0,0,0,0,0,0,0,0,0,0,0,0,0,0,0,1,0,0,0,0,0
4.927253685157205,0.0,0,126,13,0.0,4.110873864173311,0,1,0,0,0.631578947368421,0,0,1,0,0,0,0,0,0,0,0,0,0,0,0,0,0,0,0,0,0,0,0,0,0,0,0,0,0,0,1,0,0,0,0,0,0,0,0
6.3818160174060985,0.0,0,24,3,0.0,0.0,0,0,0,0,0.36363636363636365,0,0,1,0,0,0,0,0,0,0,0,0,0,0,0,0,0,0,0,0,0,0,0,0,0,0,0,0,0,0,1,0,0,0,0,0,0,0,0
8.431853144249223,0.0,0,75,10,0.0,8.412054873292933,1,1,0,0,0.6307692307692307,0,0,1,0,0,0,0,0,0,0,0,0,0,0,0,0,0,0,0,0,0,0,0,0,0,0,0,0,0,0,1,0,0,0,0,0,0,0,0
4.948759890378168,0.0,0,61,9,0.0,0.0,0,0,0,0,0.32075471698113206,0,0,1,0,0,0,0,0,0,0,0,0,0,0,0,0,0,0,0,0,0,0,0,0,0,0,0,0,0,0,1,0,0,0,0,0,0,0,0
5.0106352940962555,0.0,0,106,12,0.0,4.61512051684126,0,0,1,0,0.5263157894736842,0,0,1,0,0,0,0,0,0,0,0,0,0,0,0,0,0,0,0,0,0,0,0,0,0,0,0,0,0,0,0,0,0,1,0,0,0,0,0
6.792344427470809,0.0,0,16,2,0.0,0.0,0,0,0,0,1.0,0,0,1,0,0,0,0,0,0,0,0,0,0,0,0,0,0,0,0,0,0,0,0,0,0,0,0,0,0,0,1,0,0,0,0,0,0,0,0
5.703782474656201,0.0,0,66,9,0.0,9.210440366976517,1,1,0,0,0.6896551724137931,0,0,1,0,0,0,0,0,0,0,0,0,0,0,0,0,0,0,0,0,0,0,0,0,0,0,0,0,0,0,1,0,0,0,0,0,0,0,0
6.3818160174060985,0.0,0,82,10,0.0,5.303304908059076,1,0,0,0,0.9178082191780822,0,0,1,0,0,0,0,0,0,0,0,0,0,0,0,0,0,0,0,0,0,0,0,0,0,0,0,0,0,0,0,0,0,0,1,0,0,0,0
5.673323267171493,0.0,0,120,13,0.0,0.0,0,1,1,0,0.7037037037037037,0,0,1,0,0,0,0,0,0,0,0,0,0,0,0,0,0,0,0,0,0,0,0,0,0,0,0,0,0,0,0,0,0,1,0,0,0,0,0
6.898714534329988,0.0,0,101,7,0.0,4.61512051684126,0,0,1,0,0.8105263157894737,0,0,1,0,0,0,0,0,0,0,0,0,0,0,0,0,0,0,0,0,0,0,0,0,0,0,0,0,0,0,1,0,0,0,0,0,0,0,0
6.9167150203536085,0.0,0,109,12,0.0,4.110873864173311,0,1,0,0,0.9795918367346939,0,0,1,0,0,0,0,0,0,0,0,0,0,0,0,0,0,0,0,0,0,0,0,0,0,0,0,0,0,0,1,0,0,0,0,0,0,0,0
7.244941546337007,0.0,0,61,10,0.0,6.837332814685591,0,1,0,0,0.8431372549019608,0,0,1,0,0,0,0,0,0,0,0,0,0,0,0,0,0,0,0,0,0,0,0,0,0,0,0,0,0,0,1,0,0,0,0,0,0,0,0
5.860786223465865,0.0,0,26,5,0.0,5.968707559985366,0,0,0,1,0.7727272727272727,0,0,1,0,0,0,0,0,0,0,0,0,0,0,0,0,0,0,0,0,0,0,0,0,0,0,0,0,0,0,0,0,0,0,0,0,1,0,0
5.673323267171493,0.0,0,148,19,2.833213344056216,3.4339872044851463,0,1,1,1,0.8076923076923077,0,0,1,0,0,0,0,0,0,0,0,0,0,0,0,0,0,0,0,0,0,0,0,0,0,0,0,0,0,0,1,0,0,0,0,0,0,0,0
7.705262474866325,0.0,0,108,13,0.0,4.51085950651685,0,1,1,0,0.7204301075268817,0,0,1,0,0,0,0,0,0,0,0,0,0,0,0,0,0,0,0,0,0,0,0,0,0,0,0,0,0,0,1,0,0,0,0,0,0,0,0
5.953243334287785,0.0,0,84,8,0.0,0.0,0,0,0,0,0.7662337662337663,0,0,1,0,0,0,0,0,0,0,0,0,0,0,0,0,0,0,0,0,0,0,0,0,0,0,0,0,0,0,1,0,0,0,0,0,0,0,0
6.603266088213975,0.0,0,47,4,0.0,0.0,0,0,0,0,1.0,0,0,1,0,0,0,0,0,0,0,0,0,0,0,0,0,0,0,0,0,0,0,0,0,0,0,0,0,0,0,1,0,0,0,0,0,0,0,0
5.298317366548036,0.0,0,34,4,0.0,7.613324979540639,0,0,0,0,0.0,0,0,1,0,0,0,0,0,0,0,0,0,0,0,0,0,0,0,0,0,0,0,0,0,0,0,0,0,0,0,0,0,1,0,0,0,0,0,0
7.288927694521257,0.0,0,108,14,0.0,7.307202314764738,0,0,1,1,0.5263157894736842,0,0,1,0,0,0,0,0,0,0,0,0,0,0,0,0,0,0,0,0,0,0,0,0,0,0,0,0,0,0,1,0,0,0,0,0,0,0,0
4.948759890378168,0.0,0,69,8,0.0,3.4339872044851463,0,1,0,0,0.6935483870967742,0,0,1,0,0,0,0,0,0,0,0,0,0,0,0,0,0,0,0,0,0,0,0,0,0,0,0,0,0,0,1,0,0,0,0,0,0,0,0
5.247024072160486,0.0,0,30,6,0.0,3.044522437723423,0,1,0,0,0.88,0,0,1,0,0,0,0,0,0,0,0,0,0,0,0,0,0,0,0,0,0,0,0,0,0,0,0,0,0,0,0,0,0,0,0,0,1,0,0
7.544861068658458,0.0,0,23,3,0.0,0.0,0,0,0,0,0.0,0,0,1,0,0,0,0,0,0,0,0,0,0,0,0,0,0,0,0,0,0,0,0,0,0,0,0,0,0,0,0,0,0,1,0,0,0,0,0
5.929589143389895,0.0,0,55,7,0.0,0.0,0,0,0,0,0.7142857142857143,0,0,1,0,0,0,0,0,0,0,0,0,0,0,0,0,0,0,0,0,0,0,0,0,0,0,0,0,0,0,1,0,0,0,0,0,0,0,0
5.0106352940962555,0.0,0,41,6,0.0,0.0,0,0,0,0,0.7777777777777778,0,0,1,0,0,0,0,0,0,0,0,0,0,0,0,0,0,0,0,0,0,0,0,0,0,0,0,0,0,0,0,0,0,1,0,0,0,0,0
5.135798437050262,0.0,0,88,10,0.0,2.1972245773362196,0,0,0,0,0.6075949367088608,0,0,1,0,0,0,0,0,0,0,0,0,0,0,0,0,0,0,0,0,0,0,0,0,0,0,0,0,0,0,1,0,0,0,0,0,0,0,0
6.3818160174060985,0.0,0,111,12,0.0,5.303304908059076,1,0,1,0,0.97,0,0,1,0,0,0,0,0,0,0,0,0,0,0,0,0,0,0,0,0,0,0,0,0,0,0,0,0,0,0,1,0,0,0,0,0,0,0,0
6.792344427470809,0.0,0,115,16,0.0,0.0,0,0,0,0,0.6,0,0,1,0,0,0,0,0,0,0,0,0,0,0,0,0,0,0,0,0,0,0,0,0,0,0,0,0,0,0,1,0,0,0,0,0,0,0,0
5.968707559985366,0.0,0,78,9,0.0,0.6931471805599453,0,1,0,1,0.6617647058823529,0,0,1,0,0,0,0,0,0,0,0,0,0,0,0,0,0,0,0,0,0,0,0,0,0,0,0,0,0,0,0,0,0,0,1,0,0,0,0
7.065613363597717,0.0,0,124,18,0.0,4.110873864173311,0,1,1,0,0.7570093457943925,0,0,1,0,0,0,0,0,0,0,0,0,0,0,0,0,0,0,0,0,0,0,0,0,0,0,0,0,0,0,0,0,0,1,0,0,0,0,0
5.991464547107982,0.0,0,101,7,0.0,4.61512051684126,0,0,1,0,0.8105263157894737,0,0,1,0,0,0,0,0,0,0,0,0,0,0,0,0,0,0,0,0,0,0,0,0,0,0,0,0,0,0,1,0,0,0,0,0,0,0,0
6.2166061010848646,0.0,0,148,19,2.833213344056216,3.4339872044851463,0,1,1,1,0.8076923076923077,0,0,1,0,0,0,0,0,0,0,0,0,0,0,0,0,0,0,0,0,0,0,0,0,0,0,0,0,0,0,1,0,0,0,0,0,0,0,0
5.955837369464831,0.0,0,69,8,0.0,3.4339872044851463,0,1,0,0,0.6935483870967742,0,0,1,0,0,0,0,0,0,0,0,0,0,0,0,0,0,0,0,0,0,0,0,0,0,0,0,0,0,0,1,0,0,0,0,0,0,0,0
6.898714534329988,0.0,0,73,8,2.302585092994046,6.2166061010848646,0,1,0,0,0.6461538461538462,0,0,1,0,0,0,0,0,0,0,0,0,0,0,0,0,0,0,0,0,0,0,0,0,0,0,0,0,0,0,1,0,0,0,0,0,0,0,0
5.755742213586912,0.0,0,64,10,0.0,5.968707559985366,0,1,0,0,0.6,0,0,1,0,0,0,0,0,0,0,0,0,0,0,0,0,0,0,0,0,0,0,0,0,0,0,0,0,0,0,1,0,0,0,0,0,0,0,0
5.459585514144159,0.0,0,45,4,0.0,0.0,0,0,0,0,0.7142857142857143,0,0,1,0,0,0,0,0,0,0,0,0,0,0,0,0,0,0,0,0,0,0,0,0,0,0,0,0,0,0,1,0,0,0,0,0,0,0,0
7.1631723908466425,0.0,0,43,6,0.0,7.6128310304073565,0,0,0,0,0.3157894736842105,0,0,0,0,0,1,0,0,0,0,0,0,0,0,0,0,0,0,0,0,0,0,0,0,0,0,0,0,0,0,0,0,1,0,0,0,0,0,0
6.85751406254539,0.0,0,134,19,0.0,1.0986122886681098,1,0,0,0,0.8771929824561403,0,0,0,0,0,1,0,0,0,0,0,0,0,0,0,0,0,0,0,0,0,0,0,0,0,0,0,0,0,0,0,0,1,0,0,0,0,0,0
5.480638923341991,0.0,0,75,8,0.0,4.110873864173311,0,1,1,0,0.8382352941176471,0,0,0,0,0,1,0,0,0,0,0,0,0,0,0,0,0,0,0,0,0,0,0,0,0,0,0,0,0,0,0,0,1,0,0,0,0,0,0
6.580639137284949,0.0,0,105,7,0.0,6.580639137284949,1,0,0,0,0.9090909090909091,0,0,0,0,0,1,0,0,0,0,0,0,0,0,0,0,0,0,0,0,0,0,0,0,0,0,0,0,0,0,1,0,0,0,0,0,0,0,0
4.499809670330265,0.0,0,9,1,0.0,0.0,0,0,0,0,1.0,0,0,0,0,0,1,0,0,0,0,0,0,0,0,0,0,0,0,0,0,0,0,0,0,0,0,0,0,0,0,0,1,0,0,0,0,0,0,0
6.19644412779452,0.0,0,127,10,0.0,1.791759469228055,0,1,1,0,0.9745762711864406,0,0,0,0,0,1,0,0,0,0,0,0,0,0,0,0,0,0,0,0,0,0,0,0,0,0,0,0,0,0,0,0,0,1,0,0,0,0,0
4.867534450455582,0.0,0,127,10,1.9459101490553132,0.6931471805599453,0,1,1,0,0.9745762711864406,0,0,0,0,0,1,0,0,0,0,0,0,0,0,0,0,0,0,0,0,0,0,0,0,0,0,0,0,0,0,0,0,0,1,0,0,0,0,0
5.942799375126701,0.0,0,127,10,0.0,1.3862943611198906,0,1,1,0,0.9745762711864406,0,0,0,0,0,1,0,0,0,0,0,0,0,0,0,0,0,0,0,0,0,0,0,0,0,0,0,0,0,0,0,0,0,1,0,0,0,0,0
5.545177444479562,0.0,0,127,10,2.3978952727983707,1.0986122886681098,0,1,1,0,0.9745762711864406,0,0,0,0,0,1,0,0,0,0,0,0,0,0,0,0,0,0,0,0,0,0,0,0,0,0,0,0,0,0,0,0,0,1,0,0,0,0,0
4.867534450455582,0.0,0,107,9,5.54907608489522,0.0,0,0,1,0,0.9696969696969697,0,0,0,0,0,1,0,0,0,0,0,0,0,0,0,0,0,0,0,0,0,0,0,0,0,0,0,0,0,0,0,0,0,1,0,0,0,0,0
4.837075242970874,0.0,0,90,7,4.90527477843843,0.0,0,0,1,0,0.9880952380952381,0,0,0,0,0,1,0,0,0,0,0,0,0,0,0,0,0,0,0,0,0,0,0,0,0,0,0,0,0,0,0,0,0,1,0,0,0,0,0
6.361302477572996,0.0,0,81,9,0.0,0.0,0,0,0,0,0.6438356164383562,0,0,0,0,0,1,0,0,0,0,0,0,0,0,0,0,0,0,0,0,0,0,0,0,0,0,0,0,0,0,0,1,0,0,0,0,0,0,0
5.673323267171493,0.0,0,61,7,0.0,3.4339872044851463,0,1,0,0,0.8363636363636363,0,0,0,0,0,1,0,0,0,0,0,0,0,0,0,0,0,0,0,0,0,0,0,0,0,0,0,0,0,0,1,0,0,0,0,0,0,0,0
5.673323267171493,0.0,0,67,5,0.0,0.0,0,0,0,0,0.8888888888888888,0,0,0,0,0,1,0,0,0,0,0,0,0,0,0,0,0,0,0,0,0,0,0,0,0,0,0,0,0,0,1,0,0,0,0,0,0,0,0
6.55250788703459,0.0,0,47,6,0.0,0.0,0,0,0,0,0.9761904761904762,0,0,0,0,0,1,0,0,0,0,0,0,0,0,0,0,0,0,0,0,0,0,0,0,0,0,0,0,0,0,1,0,0,0,0,0,0,0,0
5.673323267171493,0.0,0,153,21,0.0,1.0986122886681098,0,1,1,1,0.8721804511278195,0,0,0,0,0,1,0,0,0,0,0,0,0,0,0,0,0,0,0,0,0,0,0,0,0,0,0,0,0,0,1,0,0,0,0,0,0,0,0
3.4011973816621555,0.0,0,58,7,0.0,2.3978952727983707,0,1,0,0,0.9019607843137255,0,0,0,0,0,1,0,0,0,0,0,0,0,0,0,0,0,0,0,0,0,0,0,0,0,0,0,0,0,0,0,0,0,1,0,0,0,0,0
4.61512051684126,0.0,0,58,7,0.0,2.3978952727983707,0,1,0,0,0.9019607843137255,0,0,0,0,0,1,0,0,0,0,0,0,0,0,0,0,0,0,0,0,0,0,0,0,0,0,0,0,0,0,0,0,0,1,0,0,0,0,0
5.5254529391317835,0.0,0,59,7,0.0,2.3978952727983707,0,1,0,0,0.8846153846153846,0,0,0,0,0,1,0,0,0,0,0,0,0,0,0,0,0,0,0,0,0,0,0,0,0,0,0,0,0,0,0,0,0,1,0,0,0,0,0
4.867534450455582,0.0,0,107,9,2.0794415416798357,0.0,0,0,1,0,0.9595959595959596,0,0,0,0,0,1,0,0,0,0,0,0,0,0,0,0,0,0,0,0,0,0,0,0,0,0,0,0,0,0,0,0,1,0,0,0,0,0,0
4.867534450455582,0.0,0,108,9,0.0,0.0,0,0,1,0,0.9595959595959596,0,0,0,0,0,1,0,0,0,0,0,0,0,0,0,0,0,0,0,0,0,0,0,0,0,0,0,0,0,0,0,0,1,0,0,0,0,0,0
4.867534450455582,0.0,0,108,9,0.0,0.0,0,0,1,0,0.9595959595959596,0,0,0,0,0,1,0,0,0,0,0,0,0,0,0,0,0,0,0,0,0,0,0,0,0,0,0,0,0,0,0,0,1,0,0,0,0,0,0
4.867534450455582,0.0,0,107,9,0.0,0.0,0,0,1,0,0.9595959595959596,0,0,0,0,0,1,0,0,0,0,0,0,0,0,0,0,0,0,0,0,0,0,0,0,0,0,0,0,0,0,0,0,1,0,0,0,0,0,0
4.867534450455582,0.0,0,107,9,3.9889840465642745,0.0,0,0,1,0,0.9595959595959596,0,0,0,0,0,1,0,0,0,0,0,0,0,0,0,0,0,0,0,0,0,0,0,0,0,0,0,0,0,0,0,0,1,0,0,0,0,0,0
4.867534450455582,0.0,0,108,9,0.0,0.0,0,0,1,0,0.9595959595959596,0,0,0,0,0,1,0,0,0,0,0,0,0,0,0,0,0,0,0,0,0,0,0,0,0,0,0,0,0,0,0,0,1,0,0,0,0,0,0
4.867534450455582,0.0,0,107,9,1.791759469228055,0.0,0,0,1,0,0.9595959595959596,0,0,0,0,0,1,0,0,0,0,0,0,0,0,0,0,0,0,0,0,0,0,0,0,0,0,0,0,0,0,0,0,1,0,0,0,0,0,0
5.545177444479562,0.0,0,86,9,2.3978952727983707,0.0,0,0,1,0,0.9615384615384616,0,0,0,0,0,1,0,0,0,0,0,0,0,0,0,0,0,0,0,0,0,0,0,0,0,0,0,0,0,0,0,0,1,0,0,0,0,0,0
4.867534450455582,0.0,0,86,9,2.3978952727983707,0.0,0,0,1,0,0.9615384615384616,0,0,0,0,0,1,0,0,0,0,0,0,0,0,0,0,0,0,0,0,0,0,0,0,0,0,0,0,0,0,0,0,1,0,0,0,0,0,0
4.941642422609304,0.0,0,118,10,0.0,0.0,0,0,0,0,1.0,0,0,0,0,0,1,0,0,0,0,0,0,0,0,0,0,0,0,0,0,0,0,0,0,0,0,0,0,0,0,1,0,0,0,0,0,0,0,0
6.621405651764134,0.0,0,19,2,0.0,0.0,0,0,0,0,1.0,0,0,0,0,0,1,0,0,0,0,0,0,0,0,0,0,0,0,0,0,0,0,0,0,0,0,0,0,0,0,1,0,0,0,0,0,0,0,0
5.673323267171493,0.0,0,119,12,0.0,0.0,0,0,1,0,0.8796296296296297,0,0,0,0,0,1,0,0,0,0,0,0,0,0,0,0,0,0,0,0,0,0,0,0,0,0,0,0,0,0,1,0,0,0,0,0,0,0,0
5.860786223465865,0.0,0,123,12,0.0,0.0,0,0,1,0,0.9017857142857143,0,0,0,0,0,1,0,0,0,0,0,0,0,0,0,0,0,0,0,0,0,0,0,0,0,0,0,0,0,0,1,0,0,0,0,0,0,0,0
5.968707559985366,0.0,0,126,11,0.0,0.0,0,0,1,0,0.9137931034482759,0,0,0,0,0,1,0,0,0,0,0,0,0,0,0,0,0,0,0,0,0,0,0,0,0,0,0,0,0,0,1,0,0,0,0,0,0,0,0
4.867534450455582,0.0,0,86,9,3.4965075614664802,0.0,0,0,1,0,0.9615384615384616,0,0,0,0,0,1,0,0,0,0,0,0,0,0,0,0,0,0,0,0,0,0,0,0,0,0,0,0,0,0,0,0,1,0,0,0,0,0,0
4.795790545596741,0.0,0,6,1,0.0,0.0,0,0,0,0,1.0,0,0,0,0,0,1,0,0,0,0,0,0,0,0,0,0,0,0,0,0,0,0,0,0,0,0,0,0,0,0,1,0,0,0,0,0,0,0,0
4.795790545596741,0.0,0,6,1,0.0,0.0,0,0,0,0,1.0,0,0,0,0,0,1,0,0,0,0,0,0,0,0,0,0,0,0,0,0,0,0,0,0,0,0,0,0,0,0,1,0,0,0,0,0,0,0,0
4.867534450455582,0.0,0,92,11,3.6888794541139363,0.0,0,0,1,0,0.9634146341463414,0,0,0,0,0,1,0,0,0,0,0,0,0,0,0,0,0,0,0,0,0,0,0,0,0,0,0,0,0,0,0,0,1,0,0,0,0,0,0
5.545177444479562,0.0,0,108,9,1.9459101490553132,0.0,0,0,1,0,0.9595959595959596,0,0,0,0,0,1,0,0,0,0,0,0,0,0,0,0,0,0,0,0,0,0,0,0,0,0,0,0,0,0,0,0,1,0,0,0,0,0,0
5.545177444479562,0.0,0,108,9,3.332204510175204,0.0,0,0,1,0,0.9595959595959596,0,0,0,0,0,1,0,0,0,0,0,0,0,0,0,0,0,0,0,0,0,0,0,0,0,0,0,0,0,0,0,0,1,0,0,0,0,0,0
4.867534450455582,0.0,0,107,9,2.9444389791664403,0.0,0,0,1,0,0.9595959595959596,0,0,0,0,0,1,0,0,0,0,0,0,0,0,0,0,0,0,0,0,0,0,0,0,0,0,0,0,0,0,0,0,1,0,0,0,0,0,0
3.58351893845611,0.0,0,152,21,2.4849066497880004,6.53813982376767,0,1,0,0,0.875,0,0,0,0,0,1,0,0,0,0,0,0,0,0,0,0,0,0,0,0,0,0,0,0,0,0,0,0,0,0,0,0,0,0,0,0,1,0,0
4.770684624465665,0.0,0,85,21,8.112227958349724,4.709530201312334,0,1,0,0,0.5846153846153846,0,0,0,0,0,1,0,0,0,0,0,0,0,0,0,0,0,0,0,0,0,0,0,0,0,0,0,0,0,0,1,0,0,0,0,0,0,0,0
4.02535169073515,0.0,0,69,7,7.462214939768189,9.896462937599164,0,0,0,0,0.5079365079365079,0,0,0,0,0,1,0,0,0,0,0,0,0,0,0,0,0,0,0,0,0,0,0,0,0,0,0,0,0,0,1,0,0,0,0,0,0,0,0
4.30406509320417,0.0,0,64,9,7.534762657037537,2.3978952727983707,0,1,0,0,0.6428571428571429,0,0,0,0,0,1,0,0,0,0,0,0,0,0,0,0,0,0,0,0,0,0,0,0,0,0,0,0,0,0,1,0,0,0,0,0,0,0,0
2.995732273553991,0.0,0,44,7,7.318539548567902,0.6931471805599453,0,1,0,0,0.7297297297297297,0,0,0,0,0,1,0,0,0,0,0,0,0,0,0,0,0,0,0,0,0,0,0,0,0,0,0,0,0,0,1,0,0,0,0,0,0,0,0
4.844187086458591,0.0,0,127,13,5.963579343618446,0.6931471805599453,0,1,1,0,0.9736842105263158,0,0,0,0,0,1,0,0,0,0,0,0,0,0,0,0,0,0,0,0,0,0,0,0,0,0,0,0,0,0,0,0,0,1,0,0,0,0,0
4.248495242049359,0.0,0,58,7,0.0,2.3978952727983707,0,1,0,0,0.9019607843137255,0,0,0,0,0,1,0,0,0,0,0,0,0,0,0,0,0,0,0,0,0,0,0,0,0,0,0,0,0,0,0,0,0,1,0,0,0,0,0
4.61512051684126,0.0,0,58,7,0.0,2.3978952727983707,0,1,0,0,0.9019607843137255,0,0,0,0,0,1,0,0,0,0,0,0,0,0,0,0,0,0,0,0,0,0,0,0,0,0,0,0,0,0,0,0,0,1,0,0,0,0,0
4.859812404361672,0.0,0,135,14,4.605170185988092,0.6931471805599453,0,1,1,0,0.9672131147540983,0,0,0,0,0,1,0,0,0,0,0,0,0,0,0,0,0,0,0,0,0,0,0,0,0,0,0,0,0,0,0,0,0,1,0,0,0,0,0
4.248495242049359,0.0,0,58,7,0.0,2.3978952727983707,0,1,0,0,0.9019607843137255,0,0,0,0,0,1,0,0,0,0,0,0,0,0,0,0,0,0,0,0,0,0,0,0,0,0,0,0,0,0,0,0,0,1,0,0,0,0,0
4.418840607796598,0.0,0,101,11,2.3978952727983707,2.0794415416798357,0,1,0,0,0.8666666666666667,0,0,0,0,0,1,0,0,0,0,0,0,0,0,0,0,0,0,0,0,0,0,0,0,0,0,0,0,0,0,1,0,0,0,0,0,0,0,0
3.4011973816621555,0.0,0,58,7,0.0,2.3978952727983707,0,1,0,0,0.9019607843137255,0,0,0,0,0,1,0,0,0,0,0,0,0,0,0,0,0,0,0,0,0,0,0,0,0,0,0,0,0,0,0,0,0,1,0,0,0,0,0
3.4011973816621555,0.0,0,58,7,1.9459101490553132,2.3978952727983707,0,1,0,0,0.9019607843137255,0,0,0,0,0,1,0,0,0,0,0,0,0,0,0,0,0,0,0,0,0,0,0,0,0,0,0,0,0,0,0,0,0,1,0,0,0,0,0
4.795790545596741,0.0,0,49,4,8.279697133877628,2.3978952727983707,0,1,0,0,0.8043478260869565,0,0,0,0,0,1,0,0,0,0,0,0,0,0,0,0,0,0,0,0,0,0,0,0,0,0,0,0,0,0,1,0,0,0,0,0,0,0,0
4.855928904335275,0.0,0,124,10,7.806289289267033,0.0,0,0,0,0,0.9652173913043478,0,0,0,0,0,1,0,0,0,0,0,0,0,0,0,0,0,0,0,0,0,0,0,0,0,0,0,0,0,0,0,0,0,1,0,0,0,0,0
5.111987788356544,0.0,0,44,9,3.367295829986474,2.0794415416798357,0,1,0,0,0.5555555555555556,0,0,0,0,0,1,0,0,0,0,0,0,0,0,0,0,0,0,0,0,0,0,0,0,0,0,0,0,0,0,0,0,0,1,0,0,0,0,0
4.02535169073515,0.0,0,58,7,2.3978952727983707,2.3978952727983707,0,1,0,0,0.9019607843137255,0,0,0,0,0,1,0,0,0,0,0,0,0,0,0,0,0,0,0,0,0,0,0,0,0,0,0,0,0,0,0,0,0,1,0,0,0,0,0
4.02535169073515,0.0,0,58,7,2.302585092994046,2.3978952727983707,0,1,0,0,0.9019607843137255,0,0,0,0,0,1,0,0,0,0,0,0,0,0,0,0,0,0,0,0,0,0,0,0,0,0,0,0,0,0,0,0,0,1,0,0,0,0,0
6.311734809152915,0.0,0,83,11,3.367295829986474,3.4339872044851463,0,1,0,0,0.6301369863013698,0,0,0,0,0,1,0,0,0,0,0,0,0,0,0,0,0,0,0,0,0,0,0,0,0,0,0,0,0,0,1,0,0,0,0,0,0,0,0
5.247024072160486,0.0,0,89,9,7.561121589530238,1.3862943611198906,0,1,0,1,0.6049382716049383,0,0,0,0,0,1,0,0,0,0,0,0,0,0,0,0,0,0,0,0,0,0,0,0,0,0,0,0,0,0,1,0,0,0,0,0,0,0,0
4.912654885736052,0.0,0,101,11,4.007333185232471,2.0794415416798357,0,1,0,0,0.8666666666666667,0,0,0,0,0,1,0,0,0,0,0,0,0,0,0,0,0,0,0,0,0,0,0,0,0,0,0,0,0,0,1,0,0,0,0,0,0,0,0
4.971894465779825,0.0,0,111,9,6.2878585601617845,0.0,0,0,1,0,0.8446601941747572,0,0,0,0,0,1,0,0,0,0,0,0,0,0,0,0,0,0,0,0,0,0,0,0,0,0,0,0,0,0,0,0,0,1,0,0,0,0,0
5.017279836814924,0.0,0,24,4,0.0,0.0,0,0,0,0,0.5238095238095238,0,0,0,0,0,1,0,0,0,0,0,0,0,0,0,0,0,0,0,0,0,0,0,0,0,0,0,0,0,0,1,0,0,0,0,0,0,0,0
4.859812404361672,0.0,0,126,11,6.824373670043086,0.0,0,0,1,0,0.9913793103448276,0,0,0,0,0,1,0,0,0,0,0,0,0,0,0,0,0,0,0,0,0,0,0,0,0,0,0,0,0,0,0,0,0,1,0,0,0,0,0
4.564348191467836,0.0,0,32,3,0.0,0.0,0,1,0,0,0.9333333333333333,0,0,0,0,0,1,0,0,0,0,0,0,0,0,0,0,0,0,0,0,0,0,0,0,0,0,0,0,0,0,1,0,0,0,0,0,0,0,0
4.51085950651685,0.0,0,84,10,2.9444389791664403,2.3978952727983707,0,1,1,0,0.88,0,0,0,0,0,1,0,0,0,0,0,0,0,0,0,0,0,0,0,0,0,0,0,0,0,0,0,0,0,0,1,0,0,0,0,0,0,0,0
4.189654742026425,0.0,0,56,6,5.860786223465865,0.6931471805599453,0,1,0,0,0.7843137254901961,0,0,0,0,0,1,0,0,0,0,0,0,0,0,0,0,0,0,0,0,0,0,0,0,0,0,0,0,0,0,1,0,0,0,0,0,0,0,0
5.860786223465865,0.0,0,110,12,1.791759469228055,0.6931471805599453,0,1,0,0,0.9191919191919192,0,0,0,0,0,1,0,0,0,0,0,0,0,0,0,0,0,0,0,0,0,0,0,0,0,0,0,0,0,0,1,0,0,0,0,0,0,0,0
4.875197323201151,0.0,0,85,21,3.2188758248682006,4.709530201312334,0,1,0,0,0.5846153846153846,0,0,0,0,0,1,0,0,0,0,0,0,0,0,0,0,0,0,0,0,0,0,0,0,0,0,0,0,0,0,1,0,0,0,0,0,0,0,0
4.499809670330265,0.0,0,57,9,3.332204510175204,2.0794415416798357,0,1,0,0,0.7959183673469388,0,0,0,0,0,1,0,0,0,0,0,0,0,0,0,0,0,0,0,0,0,0,0,0,0,0,0,0,0,0,1,0,0,0,0,0,0,0,0
4.795790545596741,0.0,0,53,7,4.976733742420574,2.3978952727983707,1,0,0,0,0.8085106382978723,0,0,0,0,0,1,0,0,0,0,0,0,0,0,0,0,0,0,0,0,0,0,0,0,0,0,0,0,0,0,1,0,0,0,0,0,0,0,0
4.9344739331306915,0.0,0,48,4,2.1972245773362196,0.0,0,1,0,0,1.0,0,0,0,0,0,1,0,0,0,0,0,0,0,0,0,0,0,0,0,0,0,0,0,0,0,0,0,0,0,0,0,0,0,0,1,0,0,0,0
4.844187086458591,0.0,0,43,5,5.159055299214529,2.3978952727983707,0,1,0,0,0.7692307692307693,0,0,0,0,0,1,0,0,0,0,0,0,0,0,0,0,0,0,0,0,0,0,0,0,0,0,0,0,0,0,1,0,0,0,0,0,0,0,0
4.867534450455582,0.0,0,72,7,4.465908118654584,0.6931471805599453,0,1,0,0,0.9545454545454546,0,0,0,0,0,1,0,0,0,0,0,0,0,0,0,0,0,0,0,0,0,0,0,0,0,0,0,0,0,0,1,0,0,0,0,0,0,0,0
5.968707559985366,0.0,0,94,11,0.0,4.61512051684126,0,0,1,0,0.4880952380952381,0,0,0,0,0,1,0,0,0,0,0,0,0,0,0,0,0,0,0,0,0,0,0,0,0,0,0,0,0,0,0,1,0,0,0,0,0,0,0
4.51085950651685,0.0,0,32,3,0.0,0.0,0,1,0,0,0.9333333333333333,0,0,0,0,0,1,0,0,0,0,0,0,0,0,0,0,0,0,0,0,0,0,0,0,0,0,0,0,0,0,1,0,0,0,0,0,0,0,0
5.19295685089021,0.0,0,41,5,3.9512437185814275,2.3978952727983707,0,1,0,0,0.6756756756756757,0,0,0,0,0,1,0,0,0,0,0,0,0,0,0,0,0,0,0,0,0,0,0,0,0,0,0,0,0,0,1,0,0,0,0,0,0,0,0
4.836281906951478,0.0,0,108,16,0.0,4.709530201312334,0,1,0,0,0.8064516129032258,0,0,0,0,0,1,0,0,0,0,0,0,0,0,0,0,0,0,0,0,0,0,0,0,0,0,0,0,0,0,1,0,0,0,0,0,0,0,0
5.886104031450156,0.0,0,58,9,0.0,1.9459101490553132,0,1,1,0,0.76,0,0,0,0,0,0,0,0,0,0,0,0,0,0,0,0,0,0,0,0,0,0,0,0,0,0,0,1,0,0,0,0,0,0,0,0,1,0,0
5.991464547107982,0.0,0,54,6,0.0,4.110873864173311,0,1,0,1,0.9183673469387755,0,0,0,0,0,0,0,0,0,0,0,0,0,0,0,0,0,0,0,0,0,0,0,0,0,0,0,1,0,0,1,0,0,0,0,0,0,0,0
5.802118375377063,0.0,0,88,13,0.0,6.90875477931522,1,1,0,0,0.4605263157894737,0,0,0,0,0,0,0,0,0,0,0,0,0,0,0,0,0,0,0,0,0,0,0,0,0,0,0,1,0,0,1,0,0,0,0,0,0,0,0
5.968707559985366,0.0,0,121,12,3.4339872044851463,3.4339872044851463,0,1,0,0,0.8727272727272727,0,0,0,0,0,0,0,0,0,0,0,0,0,0,0,0,0,0,0,0,0,0,0,0,0,0,0,1,0,0,0,0,1,0,0,0,0,0,0
7.029972911706386,0.0,0,108,17,0.0,7.0909098220799835,1,0,0,0,0.6521739130434783,0,0,0,0,0,0,0,0,0,0,0,0,0,0,0,0,0,0,0,0,0,0,0,0,0,0,0,1,0,0,1,0,0,0,0,0,0,0,0
5.111987788356544,0.0,0,103,11,3.1354942159291497,1.3862943611198906,1,0,0,0,0.989247311827957,0,0,0,0,0,0,0,0,0,0,0,0,0,0,0,0,0,0,0,0,0,0,0,0,0,0,0,1,0,0,1,0,0,0,0,0,0,0,0
5.111987788356544,0.0,0,54,5,3.258096538021482,0.0,0,0,0,0,0.673469387755102,0,0,0,0,0,0,0,0,0,0,0,0,0,0,0,0,0,0,0,0,0,0,0,0,0,0,0,1,0,0,1,0,0,0,0,0,0,0,0
6.659293919683638,0.0,0,114,14,0.0,6.7464121285733745,1,0,0,0,0.6039603960396039,0,0,0,0,0,0,0,0,0,0,0,0,0,0,0,0,0,0,0,0,0,0,0,0,0,0,0,1,0,0,1,0,0,0,0,0,0,0,0
6.3818160174060985,0.0,0,80,11,0.0,5.5254529391317835,1,0,0,0,0.6714285714285714,0,0,0,0,0,0,0,0,0,0,0,0,0,0,0,0,0,0,0,0,0,0,0,0,0,0,0,1,0,0,1,0,0,0,0,0,0,0,0
6.396929655216146,0.0,0,126,16,0.0,5.5254529391317835,0,1,0,0,0.7070707070707071,0,0,0,0,0,0,0,0,0,0,0,0,0,0,0,0,0,0,0,0,0,0,0,0,0,0,0,1,0,0,1,0,0,0,0,0,0,0,0
5.673323267171493,0.0,0,84,8,0.0,4.110873864173311,0,1,0,0,0.7792207792207793,0,0,0,0,0,0,0,0,0,0,0,0,0,0,0,0,0,0,0,0,0,0,0,0,0,0,0,1,0,0,1,0,0,0,0,0,0,0,0
6.994849985833071,0.0,0,101,9,0.0,1.791759469228055,0,0,0,0,0.9032258064516129,0,0,0,0,0,0,0,0,0,0,0,0,0,0,0,0,0,0,0,0,0,0,0,0,0,0,0,1,0,0,1,0,0,0,0,0,0,0,0
4.7535901911063645,0.0,0,67,4,0.0,4.110873864173311,0,1,1,0,0.921875,0,0,0,0,0,0,0,0,0,0,0,0,0,0,0,0,0,0,0,0,0,0,0,0,0,0,0,1,0,0,1,0,0,0,0,0,0,0,0
6.3818160174060985,0.0,0,80,9,0.0,5.303304908059076,1,0,0,0,0.9305555555555556,0,0,0,0,0,0,0,0,0,0,0,0,0,0,0,0,0,0,0,0,0,0,0,0,0,0,0,1,0,0,0,0,0,0,1,0,0,0,0
6.214608098422191,0.0,0,81,11,0.0,5.993961427306569,1,1,0,0,0.4,0,0,0,0,0,0,0,0,0,0,0,0,0,0,0,0,0,0,0,0,0,0,0,0,0,0,0,1,0,0,1,0,0,0,0,0,0,0,0
5.634789603169249,0.0,0,129,15,0.0,4.61512051684126,0,1,1,0,0.7739130434782608,0,0,0,0,0,0,0,0,0,0,0,0,0,0,0,0,0,0,0,0,0,0,0,0,0,0,0,1,0,0,0,0,0,0,1,0,0,0,0
5.111987788356544,0.0,0,105,11,0.0,4.61512051684126,1,0,1,0,0.9052631578947369,0,0,0,0,0,0,0,0,0,0,0,0,0,0,0,0,0,0,0,0,0,0,0,0,0,0,0,1,0,0,0,0,0,0,1,0,0,0,0
5.87493073085203,0.0,0,76,13,0.0,3.4339872044851463,0,1,0,0,0.5625,0,0,0,0,0,0,0,0,0,0,0,0,0,0,0,0,0,0,0,0,0,0,0,0,0,0,0,1,0,0,1,0,0,0,0,0,0,0,0
7.596392304064196,0.0,0,127,16,1.791759469228055,6.2166061010848646,0,0,1,0,0.5315315315315315,0,0,0,0,0,0,0,0,0,0,0,0,0,0,0,0,0,0,0,0,0,0,0,0,0,0,0,1,0,0,1,0,0,0,0,0,0,0,0
6.646390514847729,0.0,0,100,12,2.3978952727983707,7.613818684808629,0,0,0,0,0.550561797752809,0,0,0,0,0,0,0,0,0,0,0,0,0,0,0,0,0,0,0,0,0,0,0,0,0,0,0,1,0,0,0,0,0,0,0,0,0,0,1
7.1316985104669115,0.0,0,127,17,2.302585092994046,5.484796933490655,0,0,1,0,0.5315315315315315,0,0,0,0,0,0,0,0,0,0,0,0,0,0,0,0,0,0,0,0,0,0,0,0,0,0,0,1,0,0,1,0,0,0,0,0,0,0,0
5.860786223465865,0.0,0,88,12,0.0,3.9318256327243257,1,0,0,1,0.5584415584415584,0,0,0,0,0,0,0,0,0,0,0,0,0,0,0,0,0,0,0,0,0,0,0,0,0,0,0,1,0,0,0,0,0,0,1,0,0,0,0
5.673323267171493,0.0,0,32,3,0.0,0.0,0,0,0,0,1.0,0,0,0,0,0,0,0,0,0,0,0,0,0,0,0,0,0,0,0,0,0,0,0,0,0,0,0,1,0,0,1,0,0,0,0,0,0,0,0
5.37989735354046,0.0,0,69,7,0.0,0.0,0,1,0,0,0.8032786885245902,0,0,0,0,0,0,0,0,0,0,0,0,0,0,0,0,0,0,0,0,0,0,0,0,0,0,0,1,0,0,1,0,0,0,0,0,0,0,0
5.927992124152408,0.0,0,53,6,1.791759469228055,0.0,0,0,0,0,0.8723404255319149,0,0,0,0,0,0,0,0,0,0,0,0,0,0,0,0,0,0,0,0,0,0,0,0,0,0,0,1,0,0,1,0,0,0,0,0,0,0,0
6.042632833682381,0.0,0,68,11,0.0,7.611347717403621,1,0,0,0,0.0,0,0,0,0,0,0,0,0,0,0,0,0,0,0,0,0,0,0,0,0,0,0,0,0,0,0,0,1,0,0,1,0,0,0,0,0,0,0,0
6.398594934535208,0.0,0,51,5,0.0,1.0986122886681098,0,0,0,0,0.8297872340425532,0,0,0,0,0,0,0,0,0,0,0,0,0,0,0,0,0,0,0,0,0,0,0,0,0,0,0,1,0,0,1,0,0,0,0,0,0,0,0
6.856461984594587,0.0,0,75,9,0.0,7.601402334583733,0,1,0,0,0.0,0,0,0,0,0,0,0,0,0,0,0,0,0,0,0,0,0,0,0,0,0,0,0,0,0,0,0,1,0,0,1,0,0,0,0,0,0,0,0
4.755312844417811,0.0,0,90,7,0.0,0.0,1,0,0,0,0.9156626506024096,0,0,0,0,0,0,0,0,0,0,0,0,0,0,0,0,0,0,0,0,0,0,0,0,0,0,0,1,0,0,1,0,0,0,0,0,0,0,0
5.948034989180646,0.0,0,84,8,2.0794415416798357,0.0,0,0,0,1,0.8947368421052632,0,0,0,0,0,0,0,0,0,0,0,0,0,0,0,0,0,0,0,0,0,0,0,0,0,0,0,1,0,0,1,0,0,0,0,0,0,0,0
7.544861068658458,0.0,0,94,11,0.0,2.302585092994046,0,0,0,0,0.7380952380952381,0,0,0,0,0,0,0,0,0,0,0,0,0,0,0,0,0,0,0,0,0,0,0,0,0,0,0,1,0,0,1,0,0,0,0,0,0,0,0
4.976733742420574,0.0,0,44,8,0.0,1.6094379124341003,0,0,0,0,0.7142857142857143,0,0,0,0,0,0,0,0,0,0,0,0,0,0,0,0,0,0,0,0,0,0,0,0,0,0,0,1,0,0,1,0,0,0,0,0,0,0,0
5.4638318050256105,0.0,0,69,4,0.0,0.0,0,1,0,0,1.0,0,0,0,0,0,0,0,0,0,0,0,0,0,0,0,0,0,0,0,0,0,0,0,0,0,0,0,1,0,0,1,0,0,0,0,0,0,0,0
5.332718793265369,0.0,0,67,6,0.0,0.0,0,1,0,0,0.8813559322033898,0,0,0,0,0,0,0,0,0,0,0,0,0,0,0,0,0,0,0,0,0,0,0,0,0,0,0,1,0,0,1,0,0,0,0,0,0,0,0
6.252674299228648,0.0,0,74,9,2.8903717578961645,0.0,0,1,0,0,0.8548387096774194,0,0,0,0,0,0,0,0,0,0,0,0,0,0,0,0,0,0,0,0,0,0,0,0,0,0,0,1,0,0,1,0,0,0,0,0,0,0,0
5.3981627015177525,0.0,0,51,3,2.6390573296152584,0.0,0,1,0,0,1.0,0,0,0,0,0,0,0,0,0,0,0,0,0,0,0,0,0,0,0,0,0,0,0,0,0,0,0,1,0,0,1,0,0,0,0,0,0,0,0
5.53338948872752,0.0,0,114,9,2.70805020110221,0.0,0,0,0,0,1.0,0,0,0,0,0,0,0,0,0,0,0,0,0,0,0,0,0,0,0,0,0,0,0,0,0,0,0,1,0,0,1,0,0,0,0,0,0,0,0
4.663439094112067,0.0,0,42,5,2.70805020110221,3.044522437723423,0,1,0,0,0.9473684210526315,0,0,0,0,0,0,0,0,0,0,0,0,0,0,0,0,0,0,0,0,0,0,0,0,0,0,0,1,0,0,1,0,0,0,0,0,0,0,0
5.848171377281505,0.0,0,49,5,4.0943445622221,0.0,0,0,0,0,0.7555555555555555,0,0,0,0,0,0,0,0,0,0,0,0,0,0,0,0,0,0,0,0,0,0,0,0,0,0,0,1,0,0,1,0,0,0,0,0,0,0,0
5.75890177387728,0.0,0,69,10,3.970291913552122,0.0,1,0,0,0,0.6610169491525424,0,0,0,0,0,0,0,0,0,0,0,0,0,0,0,0,0,0,0,0,0,0,0,0,0,0,0,1,0,0,1,0,0,0,0,0,0,0,0
7.313886831633462,0.0,0,101,9,0.0,1.791759469228055,0,0,0,0,0.9032258064516129,0,0,0,0,0,0,0,0,0,0,0,0,0,0,0,0,0,0,0,0,0,0,0,0,0,0,0,1,0,0,1,0,0,0,0,0,0,0,0
6.364750756851911,0.0,0,32,3,0.0,0.0,0,0,0,0,1.0,0,0,0,0,0,0,0,0,0,0,0,0,0,0,0,0,0,0,0,0,0,0,0,0,0,0,0,1,0,0,1,0,0,0,0,0,0,0,0
6.675823221634848,0.0,0,114,9,2.70805020110221,0.0,0,0,0,0,1.0,0,0,0,0,0,0,0,0,0,0,0,0,0,0,0,0,0,0,0,0,0,0,0,0,0,0,0,1,0,0,1,0,0,0,0,0,0,0,0
5.311233591814583,0.0,0,77,10,2.5649493574615367,0.0,0,0,0,0,0.7272727272727273,0,0,0,0,0,0,0,0,0,0,0,0,0,0,0,0,0,0,0,0,0,0,0,0,0,0,0,1,0,0,1,0,0,0,0,0,0,0,0
4.890349128221754,0.0,0,49,6,3.828641396489095,0.0,0,0,0,0,0.7727272727272727,0,0,0,0,0,0,0,0,0,0,0,0,0,0,0,0,0,0,0,0,0,0,0,0,0,0,0,1,0,0,1,0,0,0,0,0,0,0,0
5.071416766356115,0.0,0,54,5,3.4339872044851463,0.0,0,0,0,0,0.673469387755102,0,0,0,0,0,0,0,0,0,0,0,0,0,0,0,0,0,0,0,0,0,0,0,0,0,0,0,1,0,0,1,0,0,0,0,0,0,0,0
4.976733742420574,0.0,0,65,8,0.0,0.0,0,0,0,0,0.7368421052631579,0,0,0,0,0,0,0,0,0,0,0,0,0,0,0,0,0,0,0,0,0,0,0,0,0,0,0,1,0,0,1,0,0,0,0,0,0,0,0
5.755742213586912,0.0,0,142,16,0.0,6.90875477931522,1,0,0,0,0.9606299212598425,0,0,0,0,0,0,0,0,0,0,0,0,0,0,0,0,0,0,0,0,0,0,0,0,0,0,0,1,0,0,0,0,0,1,0,0,0,0,0
4.912654885736052,0.0,0,100,10,6.827629234502852,0.0,0,1,0,0,0.7692307692307693,0,0,0,0,0,0,0,0,0,0,0,0,0,0,0,0,0,0,0,0,0,0,0,0,0,0,0,1,0,0,0,0,1,0,0,0,0,0,0
5.480638923341991,0.0,0,73,7,6.302618975744905,0.0,0,0,0,0,0.8656716417910447,0,0,0,0,0,0,0,0,0,0,0,0,0,0,0,0,0,0,0,0,0,0,0,0,0,0,0,1,0,0,1,0,0,0,0,0,0,0,0
5.973809611869261,0.0,0,141,13,3.4011973816621555,3.4339872044851463,0,1,1,0,0.8449612403100775,0,0,0,0,0,0,0,0,0,0,0,0,0,0,0,0,0,0,0,0,0,0,0,0,0,0,0,1,0,0,1,0,0,0,0,0,0,0,0
5.247024072160486,0.0,0,70,8,6.943122422819428,3.258096538021482,0,0,0,0,0.5238095238095238,0,0,0,0,0,0,0,0,0,0,0,0,0,0,0,0,0,0,0,0,0,0,0,0,0,0,0,1,0,0,1,0,0,0,0,0,0,0,0
6.520621127558696,0.0,0,35,5,6.236369590203704,4.110873864173311,0,1,0,0,0.6774193548387096,0,0,0,0,0,0,0,0,0,0,0,0,0,0,0,0,0,0,0,0,0,0,0,0,0,0,0,1,0,0,0,0,0,0,0,0,1,0,0
5.968707559985366,0.0,0,72,7,6.371611847231857,5.968707559985366,0,0,0,1,0.8636363636363636,0,0,0,0,0,0,0,0,0,0,0,0,0,0,0,0,0,0,0,0,0,0,0,0,0,0,0,1,0,0,0,0,0,1,0,0,0,0,0
4.143134726391533,0.0,0,26,3,5.703782474656201,0.0,0,0,0,0,0.5833333333333334,0,0,0,0,0,0,0,0,0,0,0,0,0,0,0,0,0,0,0,0,0,0,0,0,0,0,0,1,0,0,1,0,0,0,0,0,0,0,0
6.066108090103747,0.0,0,95,10,5.537334267018537,0.0,0,0,1,1,0.9534883720930233,0,0,0,0,0,0,0,0,0,0,0,0,0,0,0,0,0,0,0,0,0,0,0,0,0,0,0,1,0,0,1,0,0,0,0,0,0,0,0
4.770684624465665,0.0,0,134,15,4.927253685157205,4.110873864173311,0,1,0,0,0.957983193277311,0,0,0,0,0,0,0,0,0,0,0,0,0,0,0,0,0,0,0,0,0,0,0,0,0,0,0,1,0,0,0,0,0,1,0,0,0,0,0
6.284134161070802,0.0,0,18,2,4.465908118654584,2.3978952727983707,0,0,0,0,0.7058823529411765,0,0,0,0,0,0,0,0,0,0,0,0,0,0,0,0,0,0,0,0,0,0,0,0,0,0,0,1,0,0,1,0,0,0,0,0,0,0,0
6.492239835020471,0.0,0,56,6,2.3978952727983707,3.9318256327243257,0,1,0,0,0.803921568627451,0,0,0,0,0,0,0,0,0,0,0,0,0,0,0,0,0,0,0,0,0,0,0,0,0,0,0,1,0,0,0,0,0,0,1,0,0,0,0
5.799092654460526,0.0,0,114,11,2.3978952727983707,0.0,1,0,0,0,0.9230769230769231,0,0,0,0,0,0,0,0,0,0,0,0,0,0,0,0,0,0,0,0,0,0,0,0,0,0,0,1,0,0,1,0,0,0,0,0,0,0,0
6.580639137284949,0.0,0,10,1,4.584967478670572,0.0,0,0,0,0,1.0,0,0,0,0,0,0,0,0,0,0,0,0,0,0,0,0,0,0,0,0,0,0,0,0,0,0,0,1,0,0,0,0,0,0,1,0,0,0,0
6.3818160174060985,0.0,0,76,13,5.056245805348308,5.993961427306569,1,1,0,0,0.328125,0,0,0,0,0,0,0,0,0,0,0,0,0,0,0,0,0,0,0,0,0,0,0,0,0,0,0,1,0,0,1,0,0,0,0,0,0,0,0
5.331752142634274,0.0,0,111,9,2.5649493574615367,0.0,0,1,0,0,0.8349514563106796,0,0,0,0,0,0,0,0,0,0,0,0,0,0,0,0,0,0,0,0,0,0,0,0,0,0,0,1,0,0,1,0,0,0,0,0,0,0,0
4.709530201312334,0.0,0,105,11,6.928537818164665,4.110873864173311,0,1,1,0,0.7789473684210526,0,0,0,0,0,0,0,0,0,0,0,0,0,0,0,0,0,0,0,0,0,0,0,0,0,0,0,1,0,0,0,0,0,1,0,0,0,0,0
5.560681631015528,0.0,0,65,10,7.502186486602924,4.110873864173311,0,1,1,0,0.8571428571428571,0,0,0,0,0,0,0,0,0,0,0,0,0,0,0,0,0,0,0,0,0,0,0,0,0,0,0,1,0,0,1,0,0,0,0,0,0,0,0
6.523562306149512,0.0,0,156,15,5.961005339623274,7.0909098220799835,1,1,0,0,0.6879432624113475,0,0,0,0,0,0,0,0,0,0,0,0,0,0,0,0,0,0,0,0,0,0,0,0,0,0,0,1,0,0,1,0,0,0,0,0,0,0,0
6.226536669287466,0.0,0,73,8,7.346010209913293,4.110873864173311,0,1,0,0,0.7121212121212122,0,0,0,0,0,0,0,0,0,0,0,0,0,0,0,0,0,0,0,0,0,0,0,0,0,0,0,1,0,0,0,0,0,0,1,0,0,0,0
5.3706380281276624,0.0,0,70,10,3.784189633918261,5.484796933490655,1,1,0,0,0.6721311475409836,0,0,0,0,0,0,0,0,0,0,0,0,0,0,0,0,0,0,0,0,0,0,0,0,0,0,0,1,0,0,1,0,0,0,0,0,0,0,0
5.902633333401366,0.0,0,113,18,6.839476438228843,1.3862943611198906,1,0,1,0,0.9263157894736842,0,0,0,0,0,0,0,0,0,0,0,0,0,0,0,0,0,0,0,0,0,0,0,0,0,0,0,1,0,0,0,0,0,0,1,0,0,0,0
6.398594934535208,0.0,0,143,14,3.9512437185814275,4.61512051684126,0,0,0,0,0.5461538461538461,0,0,0,0,0,0,0,0,0,0,0,0,0,0,0,0,0,0,0,0,0,0,0,0,0,0,0,1,0,0,1,0,0,0,0,0,0,0,0
4.51085950651685,0.0,0,33,4,4.804021044733257,0.6931471805599453,0,0,0,0,0.6333333333333333,0,0,0,0,0,0,0,0,0,0,0,0,0,0,0,0,0,0,0,0,0,0,0,0,0,0,0,1,0,0,0,0,0,0,0,0,1,0,0
6.133398042996649,0.0,0,57,9,2.1972245773362196,4.61512051684126,1,1,0,0,0.0,0,0,0,0,0,0,0,0,0,0,0,0,0,0,0,0,0,0,0,0,0,0,0,0,0,0,0,1,0,0,1,0,0,0,0,0,0,0,0
5.968707559985366,0.0,0,116,16,4.61512051684126,1.0986122886681098,0,0,0,1,0.7623762376237624,0,0,0,0,0,0,0,0,0,0,0,0,0,0,0,0,0,0,0,0,0,0,0,0,0,0,0,1,0,0,0,0,1,0,0,0,0,0,0
6.214608098422191,0.0,0,58,8,3.9318256327243257,1.791759469228055,0,1,0,0,0.8235294117647058,0,0,0,0,0,0,0,0,0,0,0,0,0,0,0,0,0,0,0,0,0,0,0,0,0,0,0,1,0,0,1,0,0,0,0,0,0,0,0
6.826545223556594,0.0,0,125,7,7.844632644464681,0.6931471805599453,0,1,1,1,0.9747899159663865,0,0,0,0,0,0,0,0,0,0,0,0,0,0,0,0,0,0,0,0,0,0,0,0,0,0,0,1,0,0,0,0,0,1,0,0,0,0,0
5.303304908059076,0.0,0,115,9,6.212606095751519,0.0,1,1,0,0,0.8504672897196262,0,0,0,0,0,0,0,0,0,0,0,0,0,0,0,0,0,0,0,0,0,0,0,0,0,0,0,1,0,0,0,0,0,0,1,0,0,0,0
5.8888779583328805,0.0,0,42,5,4.204692619390966,0.0,0,0,0,0,0.0,0,0,0,0,0,0,0,0,0,0,0,0,0,0,0,0,0,0,0,0,0,0,0,0,0,0,0,1,0,0,1,0,0,0,0,0,0,0,0
6.802394763324311,0.0,0,101,15,0.0,4.110873864173311,0,1,0,0,0.3372093023255814,0,0,0,0,0,0,0,0,0,0,0,0,0,0,0,0,0,0,0,0,0,0,0,0,0,0,0,1,0,0,1,0,0,0,0,0,0,0,0
6.284134161070802,0.0,0,58,11,6.646390514847729,5.5254529391317835,0,1,0,1,0.6875,0,0,0,0,0,0,0,0,0,0,0,0,0,0,0,0,0,0,0,0,0,0,0,0,0,0,0,1,0,0,1,0,0,0,0,0,0,0,0
6.364750756851911,0.0,0,59,6,3.4339872044851463,4.61512051684126,0,0,1,0,0.6851851851851852,0,0,0,0,0,0,0,0,0,0,0,0,0,0,0,0,0,0,0,0,0,0,0,0,0,0,0,1,0,0,1,0,0,0,0,0,0,0,0
5.860786223465865,0.0,0,59,10,0.0,3.9318256327243257,1,0,0,1,0.86,0,0,0,0,0,0,0,0,0,0,0,0,0,0,0,0,0,0,0,0,0,0,0,0,0,0,0,1,0,0,0,0,0,0,1,0,0,0,0
6.3818160174060985,0.0,0,117,11,3.58351893845611,0.0,1,0,0,0,0.794392523364486,0,0,0,0,0,0,0,0,0,0,0,0,0,0,0,0,0,0,0,0,0,0,0,0,0,0,0,1,0,0,0,0,1,0,0,0,0,0,0
5.771441123130016,0.0,0,142,14,5.929589143389895,4.718498871295094,0,1,0,0,0.875968992248062,0,0,0,0,0,0,0,0,0,0,0,0,0,0,0,0,0,0,0,0,0,0,0,0,0,0,0,1,0,0,0,0,0,1,0,0,0,0,0
5.111987788356544,0.0,0,99,13,2.772588722239781,3.4339872044851463,0,1,1,0,0.8275862068965517,0,0,0,0,0,0,0,0,0,0,0,0,0,0,0,0,0,0,0,0,0,0,0,0,0,0,0,1,0,0,1,0,0,0,0,0,0,0,0
5.602118820879701,0.0,0,78,16,4.532599493153256,3.044522437723423,1,1,0,0,0.6507936507936508,0,0,0,0,0,0,0,0,0,0,0,0,0,0,0,0,0,0,0,0,0,0,0,0,0,0,0,1,0,0,1,0,0,0,0,0,0,0,0
5.455321115357702,0.0,0,69,9,6.6293632534374485,1.0986122886681098,0,0,1,1,0.9016393442622951,0,0,0,0,0,0,0,0,0,0,0,0,0,0,0,0,0,0,0,0,0,0,0,0,0,0,0,1,0,0,1,0,0,0,0,0,0,0,0
6.3818160174060985,0.0,0,66,7,0.0,12.206077645517674,1,0,0,0,0.85,0,0,0,0,0,0,0,0,0,0,0,0,0,0,0,0,0,0,0,0,0,0,0,0,0,0,0,1,0,0,0,0,0,0,1,0,0,0,0
6.408528791059498,0.0,0,65,8,6.777646593635117,4.110873864173311,0,1,0,0,0.603448275862069,0,0,0,0,0,0,0,0,0,0,0,0,0,0,0,0,0,0,0,0,0,0,0,0,0,0,0,1,0,0,1,0,0,0,0,0,0,0,0
6.594413459749778,0.0,0,49,7,0.0,1.9459101490553132,0,1,1,0,0.9302325581395349,0,0,0,0,0,0,0,0,0,0,0,0,0,0,0,0,0,0,0,0,0,0,0,0,0,0,0,1,0,0,0,0,0,0,0,0,1,0,0
7.048386408721883,0.0,0,150,19,0.0,5.5254529391317835,0,1,1,0,0.76,0,0,0,0,0,0,0,0,0,0,0,0,0,0,0,0,0,0,0,0,0,0,0,0,0,0,0,1,0,0,1,0,0,0,0,0,0,0,0
6.236369590203704,0.0,0,41,4,5.159055299214529,0.0,0,0,0,0,0.7631578947368421,0,0,0,0,0,0,0,0,0,0,0,0,0,0,0,0,0,0,0,0,0,0,0,0,0,0,0,1,0,0,1,0,0,0,0,0,0,0,0
5.779508185184337,0.0,0,65,8,0.0,0.0,0,0,0,0,0.7368421052631579,0,0,0,0,0,0,0,0,0,0,0,0,0,0,0,0,0,0,0,0,0,0,0,0,0,0,0,1,0,0,1,0,0,0,0,0,0,0,0
6.042632833682381,0.0,0,105,11,0.0,4.61512051684126,1,0,1,0,0.9052631578947369,0,0,0,0,0,0,0,0,0,0,0,0,0,0,0,0,0,0,0,0,0,0,0,0,0,0,0,1,0,0,0,0,0,0,1,0,0,0,0
5.703782474656201,0.0,0,128,16,4.61512051684126,1.9459101490553132,1,0,0,0,0.38392857142857145,0,0,0,0,0,0,0,0,0,0,0,0,0,0,0,0,0,0,0,0,0,0,0,1,0,0,0,0,0,0,1,0,0,0,0,0,0,0,0
5.886104031450156,0.0,0,163,20,3.1780538303479458,6.90875477931522,1,0,0,0,0.4652777777777778,0,0,0,0,0,0,0,0,0,0,0,0,0,0,0,0,0,0,0,0,0,0,0,1,0,0,0,0,0,0,1,0,0,0,0,0,0,0,0
6.173786103901937,0.0,0,120,14,0.0,11.258046118484,1,1,1,0,0.7289719626168224,0,0,0,0,0,0,0,0,0,0,0,0,0,0,0,0,0,0,0,0,0,0,0,1,0,0,0,0,0,0,1,0,0,0,0,0,0,0,0
5.0689042022202315,0.0,0,47,5,2.1972245773362196,0.0,0,0,0,0,0.6511627906976745,0,0,0,0,0,0,0,0,0,0,0,0,0,0,0,0,0,0,0,0,0,0,0,1,0,0,0,0,0,0,0,0,0,0,0,0,1,0,0
4.189654742026425,0.0,0,58,8,0.0,2.772588722239781,0,1,0,0,0.6470588235294118,0,0,0,0,0,0,0,0,0,0,0,0,0,0,0,0,0,0,0,0,0,0,0,1,0,0,0,0,0,0,1,0,0,0,0,0,0,0,0
5.673323267171493,0.0,0,64,7,2.0794415416798357,2.3978952727983707,0,0,0,0,0.7758620689655172,0,0,0,0,0,0,0,0,0,0,0,0,0,0,0,0,0,0,0,0,0,0,0,1,0,0,0,0,0,0,1,0,0,0,0,0,0,0,0
6.621405651764134,0.0,0,59,9,0.0,4.394449154672439,0,1,0,0,0.0,0,0,0,0,0,0,0,0,0,0,0,0,0,0,0,0,0,0,0,0,0,0,0,1,0,0,0,0,0,0,0,0,0,0,0,0,1,0,0
5.673323267171493,0.0,0,57,5,0.0,0.0,0,0,0,0,0.7547169811320755,0,0,0,0,0,0,0,0,0,0,0,0,0,0,0,0,0,0,0,0,0,0,0,1,0,0,0,0,0,0,1,0,0,0,0,0,0,0,0
5.860786223465865,0.0,0,78,10,3.5553480614894135,0.6931471805599453,0,0,0,1,0.7391304347826086,0,0,0,0,0,0,0,0,0,0,0,0,0,0,0,0,0,0,0,0,0,0,0,1,0,0,0,0,0,0,1,0,0,0,0,0,0,0,0
5.303304908059076,0.0,0,67,14,3.6109179126442243,3.4339872044851463,0,1,0,1,0.6481481481481481,0,0,0,0,0,0,0,0,0,0,0,0,0,0,0,0,0,0,0,0,0,0,0,1,0,0,0,0,0,0,1,0,0,0,0,0,0,0,0
5.135798437050262,0.0,0,115,14,0.0,3.4339872044851463,0,1,0,0,0.7941176470588235,0,0,0,0,0,0,0,0,0,0,0,0,0,0,0,0,0,0,0,0,0,0,0,1,0,0,0,0,0,0,1,0,0,0,0,0,0,0,0
6.523562306149512,0.0,0,72,13,0.0,3.713572066704308,0,1,0,1,0.9,0,0,0,0,0,0,0,0,0,0,0,0,0,0,0,0,0,0,0,0,0,0,0,1,0,0,0,0,0,0,1,0,0,0,0,0,0,0,0
6.796823718274855,0.0,0,85,16,0.0,4.795790545596741,0,0,0,0,0.2898550724637681,0,0,0,0,0,0,0,0,0,0,0,0,0,0,0,0,0,0,0,0,0,0,0,1,0,0,0,0,0,0,1,0,0,0,0,0,0,0,0
7.409136443920128,0.0,0,69,15,0.0,1.3862943611198906,0,1,0,1,0.43636363636363634,0,0,0,0,0,0,0,0,0,0,0,0,0,0,0,0,0,0,0,0,0,0,0,1,0,0,0,0,0,0,1,0,0,0,0,0,0,0,0
7.00397413672268,0.0,0,61,14,0.0,1.0986122886681098,0,1,0,0,0.3541666666666667,0,0,0,0,0,0,0,0,0,0,0,0,0,0,0,0,0,0,0,0,0,0,0,1,0,0,0,0,0,0,1,0,0,0,0,0,0,0,0
6.3818160174060985,0.0,0,66,8,0.0,0.6931471805599453,0,1,0,0,0.6949152542372882,0,0,0,0,0,0,0,0,0,0,0,0,0,0,0,0,0,0,0,0,0,0,0,1,0,0,0,0,0,0,1,0,0,0,0,0,0,0,0
5.298317366548036,0.0,0,100,14,0.0,3.044522437723423,0,1,0,0,0.6551724137931034,0,0,0,0,0,0,0,0,0,0,0,0,0,0,0,0,0,0,0,0,0,0,0,1,0,0,0,0,0,0,1,0,0,0,0,0,0,0,0
4.0943445622221,0.0,0,66,7,2.0794415416798357,0.0,0,0,1,0,0.711864406779661,0,0,0,0,0,0,0,0,0,0,0,0,0,0,0,0,0,0,0,0,0,0,0,1,0,0,0,0,0,0,1,0,0,0,0,0,0,0,0
4.0943445622221,0.0,0,66,7,0.0,0.0,0,0,1,0,0.711864406779661,0,0,0,0,0,0,0,0,0,0,0,0,0,0,0,0,0,0,0,0,0,0,0,1,0,0,0,0,0,0,1,0,0,0,0,0,0,0,0
5.940171252720432,0.0,0,64,6,0.0,1.9459101490553132,1,0,1,0,0.4915254237288136,0,0,0,0,0,0,0,0,0,0,0,0,0,0,0,0,0,0,0,0,0,0,0,1,0,0,0,0,0,0,0,0,0,1,0,0,0,0,0
6.745236349484363,0.0,0,140,18,1.9459101490553132,3.4339872044851463,0,1,0,0,0.7886178861788617,0,0,0,0,0,0,0,0,0,0,0,0,0,0,0,0,0,0,0,0,0,0,0,1,0,0,0,0,0,0,1,0,0,0,0,0,0,0,0
6.907755278982137,0.0,0,112,14,3.258096538021482,3.713572066704308,0,1,0,1,0.8181818181818182,0,0,0,0,0,0,0,0,0,0,0,0,0,0,0,0,0,0,0,0,0,0,0,1,0,0,0,0,0,0,1,0,0,0,0,0,0,0,0
4.330733340286331,0.0,0,44,5,0.0,2.772588722239781,0,1,0,0,0.525,0,0,0,0,0,0,0,0,0,0,0,0,0,0,0,0,0,0,0,0,0,0,0,1,0,0,0,0,0,0,1,0,0,0,0,0,0,0,0
5.0106352940962555,0.0,0,79,8,0.0,1.3862943611198906,0,0,0,0,0.7777777777777778,0,0,0,0,0,0,0,0,0,0,0,0,0,0,0,0,0,0,0,0,0,0,0,1,0,0,0,0,0,0,1,0,0,0,0,0,0,0,0
5.857933154483459,0.0,0,101,9,2.0794415416798357,0.0,0,0,0,0,0.8494623655913979,0,0,0,0,0,0,0,0,0,0,0,0,0,0,0,0,0,0,0,0,0,0,0,1,0,0,0,0,0,0,1,0,0,0,0,0,0,0,0
4.454347296253507,0.0,0,62,7,3.1354942159291497,1.3862943611198906,0,0,0,0,0.8392857142857143,0,0,0,0,0,0,0,0,0,0,0,0,0,0,0,0,0,0,0,0,0,0,0,1,0,0,0,0,0,0,0,0,0,1,0,0,0,0,0
4.330733340286331,0.0,0,158,19,2.70805020110221,2.772588722239781,0,1,0,0,0.5928571428571429,0,0,0,0,0,0,0,0,0,0,0,0,0,0,0,0,0,0,0,0,0,0,0,1,0,0,0,0,0,0,1,0,0,0,0,0,0,0,0
5.135798437050262,0.0,0,86,9,1.9459101490553132,7.00397413672268,1,0,0,0,0.5194805194805194,0,0,0,0,0,0,0,0,0,0,0,0,0,0,0,0,0,0,0,0,0,0,0,1,0,0,0,0,0,0,1,0,0,0,0,0,0,0,0
4.189654742026425,0.0,0,57,8,4.48863636973214,2.772588722239781,0,1,0,0,0.6,0,0,0,0,0,0,0,0,0,0,0,0,0,0,0,0,0,0,0,0,0,0,0,1,0,0,0,0,0,0,1,0,0,0,0,0,0,0,0
4.90527477843843,0.0,0,109,11,0.0,2.3978952727983707,0,1,0,0,0.696969696969697,0,0,0,0,0,0,0,0,0,0,0,0,0,0,0,0,0,0,0,0,0,0,0,1,0,0,0,0,0,0,1,0,0,0,0,0,0,0,0
4.330733340286331,0.0,0,66,11,3.1354942159291497,2.772588722239781,0,1,0,0,0.6428571428571429,0,0,0,0,0,0,0,0,0,0,0,0,0,0,0,0,0,0,0,0,0,0,0,1,0,0,0,0,0,0,1,0,0,0,0,0,0,0,0
5.961082656221897,0.0,0,112,11,5.53338948872752,1.0986122886681098,0,1,0,0,0.6534653465346535,0,0,0,0,0,0,0,0,0,0,0,0,0,0,0,0,0,0,0,0,0,0,0,1,0,0,0,0,0,0,0,0,1,0,0,0,0,0,0
5.303304908059076,0.0,0,30,4,0.0,0.6931471805599453,0,0,0,1,0.48148148148148145,0,0,0,0,0,0,0,0,0,0,0,0,0,0,0,0,0,0,0,0,0,0,0,1,0,0,0,0,0,0,1,0,0,0,0,0,0,0,0
4.248495242049359,0.0,0,47,7,0.0,2.772588722239781,0,1,0,0,0.5853658536585366,0,0,0,0,0,0,0,0,0,0,0,0,0,0,0,0,0,0,0,0,0,0,0,1,0,0,0,0,0,0,1,0,0,0,0,0,0,0,0
6.476972362889683,0.0,0,113,16,0.0,7.601402334583733,0,1,0,0,0.5102040816326531,0,0,0,0,0,0,0,0,0,0,0,0,0,0,0,0,0,0,0,0,0,0,0,1,0,0,0,0,0,0,1,0,0,0,0,0,0,0,0
4.3694478524670215,0.0,0,62,8,0.0,10.819798284210286,1,0,0,0,0.38181818181818183,0,0,0,0,0,0,0,0,0,0,0,0,0,0,0,0,0,0,0,0,0,0,0,1,0,0,0,0,0,0,1,0,0,0,0,0,0,0,0
6.792344427470809,0.0,0,117,15,6.003887067106539,2.3978952727983707,0,1,1,0,0.5922330097087378,0,0,0,0,0,0,0,0,0,0,0,0,0,0,0,0,0,0,0,0,0,0,0,1,0,0,0,0,0,0,1,0,0,0,0,0,0,0,0
4.836281906951478,0.0,0,38,4,0.0,0.0,0,0,1,0,0.3142857142857143,0,0,0,0,0,0,0,0,0,0,0,0,0,0,0,0,0,0,0,0,0,0,0,1,0,0,0,0,0,0,1,0,0,0,0,0,0,0,0
4.605170185988092,0.0,0,98,15,0.0,2.6390573296152584,0,0,0,0,0.7380952380952381,0,0,0,0,0,0,0,0,0,0,0,0,0,0,0,0,0,0,0,0,0,0,0,1,0,0,0,0,0,0,0,0,0,0,1,0,0,0,0
4.605170185988092,0.0,0,111,16,0.0,2.772588722239781,0,1,0,0,0.7604166666666666,0,0,0,0,0,0,0,0,0,0,0,0,0,0,0,0,0,0,0,0,0,0,0,1,0,0,0,0,0,0,0,0,0,0,1,0,0,0,0
5.860786223465865,0.0,0,67,14,3.6109179126442243,3.4339872044851463,0,1,0,1,0.6481481481481481,0,0,0,0,0,0,0,0,0,0,0,0,0,0,0,0,0,0,0,0,0,0,0,1,0,0,0,0,0,0,1,0,0,0,0,0,0,0,0
5.220355825078324,0.0,0,66,8,7.537962659768208,2.772588722239781,0,1,0,0,0.6949152542372882,0,0,0,0,0,0,0,0,0,0,0,0,0,0,0,0,0,0,0,0,0,0,0,1,0,0,0,0,0,0,1,0,0,0,0,0,0,0,0
5.69035945432406,0.0,0,126,16,5.0689042022202315,4.110873864173311,0,0,0,0,0.6936936936936937,0,0,0,0,0,0,0,0,0,0,0,0,0,0,0,0,0,0,0,0,0,0,0,1,0,0,0,0,0,0,0,0,0,0,1,0,0,0,0
5.5909869805108565,0.0,0,93,14,9.210340371976184,4.709530201312334,1,0,0,0,0.7375,0,0,0,0,0,0,0,0,0,0,0,0,0,0,0,0,0,0,0,0,0,0,0,1,0,0,0,0,0,0,1,0,0,0,0,0,0,0,0
5.153291594497779,0.0,0,95,14,6.70073110954781,4.61512051684126,0,1,1,0,0.7317073170731707,0,0,0,0,0,0,0,0,0,0,0,0,0,0,0,0,0,0,0,0,0,0,0,1,0,0,0,0,0,0,1,0,0,0,0,0,0,0,0
4.532599493153256,0.0,0,37,4,7.016609683894219,4.61512051684126,1,1,0,0,0.5,0,0,0,0,0,0,0,0,0,0,0,0,0,0,0,0,0,0,0,0,0,0,0,1,0,0,0,0,0,0,1,0,0,0,0,0,0,0,0
5.0106352940962555,0.0,0,29,6,3.2188758248682006,6.90875477931522,1,0,0,0,0.375,0,0,0,0,0,0,0,0,0,0,0,0,0,0,0,0,0,0,0,0,0,0,0,1,0,0,0,0,0,0,1,0,0,0,0,0,0,0,0
5.3981627015177525,0.0,0,71,12,2.302585092994046,2.0794415416798357,0,1,0,0,0.6333333333333333,0,0,0,0,0,0,0,0,0,0,0,0,0,0,0,0,0,0,0,0,0,0,0,1,0,0,0,0,0,0,1,0,0,0,0,0,0,0,0
6.396929655216146,0.0,0,114,13,6.796823718274855,4.110873864173311,0,1,0,0,0.5392156862745098,0,0,0,0,0,0,0,0,0,0,0,0,0,0,0,0,0,0,0,0,0,0,0,1,0,0,0,0,0,0,1,0,0,0,0,0,0,0,0
5.19295685089021,0.0,0,105,13,9.210340371976184,3.4339872044851463,0,1,0,0,0.7204301075268817,0,0,0,0,0,0,0,0,0,0,0,0,0,0,0,0,0,0,0,0,0,0,0,1,0,0,0,0,0,0,1,0,0,0,0,0,0,0,0
6.530877627725885,0.0,0,73,12,5.641907070938114,6.2166061010848646,1,0,0,0,0.14516129032258066,0,0,0,0,0,0,0,0,0,0,0,0,0,0,0,0,0,0,0,0,0,0,0,1,0,0,0,0,0,0,0,0,0,0,1,0,0,0,0
4.0943445622221,0.0,0,57,9,7.063903961472068,2.772588722239781,0,1,0,0,0.6326530612244898,0,0,0,0,0,0,0,0,0,0,0,0,0,0,0,0,0,0,0,0,0,0,0,1,0,0,0,0,0,0,1,0,0,0,0,0,0,0,0
5.170483995038151,0.0,0,43,6,8.4096079807363,4.61512051684126,1,1,0,0,0.2894736842105263,0,0,0,0,0,0,0,0,0,0,0,0,0,0,0,0,0,0,0,0,0,0,0,1,0,0,0,0,0,0,1,0,0,0,0,0,0,0,0
4.836281906951478,0.0,0,21,3,6.391917113392602,0.0,0,0,0,0,0.9473684210526315,0,0,0,0,0,0,0,0,0,0,0,0,0,0,0,0,0,0,0,0,0,0,0,1,0,0,0,0,0,0,1,0,0,0,0,0,0,0,0
5.0106352940962555,0.0,0,56,8,5.929589143389895,3.713572066704308,0,1,0,0,0.4166666666666667,0,0,0,0,0,0,0,0,0,0,0,0,0,0,0,0,0,0,0,0,0,0,0,1,0,0,0,0,0,0,0,0,1,0,0,0,0,0,0
5.3981627015177525,0.0,0,73,9,2.5649493574615367,4.110873864173311,0,1,0,0,0.6153846153846154,0,0,0,0,0,0,0,0,0,0,0,0,0,0,0,0,0,0,0,0,0,0,0,1,0,0,0,0,0,0,1,0,0,0,0,0,0,0,0
5.831882477283517,0.0,0,88,15,0.0,7.170888478512505,1,1,0,0,0.35135135135135137,0,0,0,0,0,0,0,0,0,0,0,0,0,0,0,0,0,0,0,0,0,0,0,1,0,0,0,0,0,0,1,0,0,0,0,0,0,0,0
5.375278407684165,0.0,0,96,9,6.855408798609928,0.0,0,0,0,0,0.6477272727272727,0,0,0,0,0,0,0,0,0,0,0,0,0,0,0,0,0,0,0,0,0,0,0,1,0,0,0,0,0,0,1,0,0,0,0,0,0,0,0
5.673323267171493,0.0,0,120,11,5.648974238161206,11.51293546492023,1,0,1,1,0.8818181818181818,0,0,0,0,0,0,0,0,0,0,0,0,0,0,0,0,0,0,0,0,0,0,0,1,0,0,0,0,0,0,0,1,0,0,0,0,0,0,0
5.0369526024136295,0.0,0,89,9,2.9444389791664403,0.0,0,0,0,0,0.8148148148148148,0,0,0,0,0,0,0,0,0,0,0,0,0,0,0,0,0,0,0,0,0,0,0,1,0,0,0,0,0,0,1,0,0,0,0,0,0,0,0
5.846438775057725,0.0,0,103,15,6.194405391104672,0.6931471805599453,0,0,0,1,0.7303370786516854,0,0,0,0,0,0,0,0,0,0,0,0,0,0,0,0,0,0,0,0,0,0,0,1,0,0,0,0,0,0,0,0,0,1,0,0,0,0,0
5.66988092298052,0.0,0,96,13,6.028278520230698,4.61512051684126,0,1,0,0,0.6428571428571429,0,0,0,0,0,0,0,0,0,0,0,0,0,0,0,0,0,0,0,0,0,0,0,1,0,0,0,0,0,0,1,0,0,0,0,0,0,0,0
5.91350300563827,0.0,0,119,17,9.210340371976184,7.0909098220799835,1,0,0,0,0.27184466019417475,0,0,0,0,0,0,0,0,0,0,0,0,0,0,0,0,0,0,0,0,0,0,0,1,0,0,0,0,0,0,1,0,0,0,0,0,0,0,0
5.111987788356544,0.0,0,55,10,5.429345628954441,4.61512051684126,0,1,0,0,0.18181818181818182,0,0,0,0,0,0,0,0,0,0,0,0,0,0,0,0,0,0,0,0,0,0,0,1,0,0,0,0,0,0,1,0,0,0,0,0,0,0,0
5.049856007249537,0.0,0,82,7,6.851184927493743,0.0,0,0,1,0,0.7763157894736842,0,0,0,0,0,0,0,0,0,0,0,0,0,0,0,0,0,0,0,0,0,0,0,1,0,0,0,0,0,0,0,0,0,0,1,0,0,0,0
5.375278407684165,0.0,0,39,6,4.499809670330265,4.110873864173311,0,1,0,0,0.5882352941176471,0,0,0,0,0,0,0,0,0,0,0,0,0,0,0,0,0,0,0,0,0,0,0,1,0,0,0,0,0,0,1,0,0,0,0,0,0,0,0
5.303304908059076,0.0,0,99,12,3.7612001156935624,2.3978952727983707,0,1,0,1,0.8636363636363636,0,0,0,0,0,0,0,0,0,0,0,0,0,0,0,0,0,0,0,0,0,0,0,1,0,0,0,0,0,0,1,0,0,0,0,0,0,0,0
5.0689042022202315,0.0,0,78,8,9.210340371976184,2.3978952727983707,0,1,0,0,0.5857142857142857,0,0,0,0,0,0,0,0,0,0,0,0,0,0,0,0,0,0,0,0,0,0,0,1,0,0,0,0,0,0,1,0,0,0,0,0,0,0,0
5.017279836814924,0.0,0,91,8,7.456454555176209,4.110873864173311,0,1,0,0,0.7142857142857143,0,0,0,0,0,0,0,0,0,0,0,0,0,0,0,0,0,0,0,0,0,0,0,1,0,0,0,0,0,0,1,0,0,0,0,0,0,0,0
5.075173815233827,0.0,0,56,8,9.210340371976184,7.409136443920128,1,1,0,0,0.4897959183673469,0,0,0,0,0,0,0,0,0,0,0,0,0,0,0,0,0,0,0,0,0,0,0,1,0,0,0,0,0,0,1,0,0,0,0,0,0,0,0
5.905361848054571,0.0,0,60,8,7.313220387090301,1.0986122886681098,0,1,0,0,0.660377358490566,0,0,0,0,0,0,0,0,0,0,0,0,0,0,0,0,0,0,0,0,0,0,0,1,0,0,0,0,0,0,1,0,0,0,0,0,0,0,0
5.075173815233827,0.0,0,88,13,7.167809184316444,9.210440366976517,1,1,0,0,0.6266666666666667,0,0,0,0,0,0,0,0,0,0,0,0,0,0,0,0,0,0,0,0,0,0,0,1,0,0,0,0,0,0,0,1,0,0,0,0,0,0,0
6.46302945692067,0.0,0,82,11,5.159055299214529,4.61512051684126,0,0,1,0,0.5694444444444444,0,0,0,0,0,0,0,0,0,0,0,0,0,0,0,0,0,0,0,0,0,0,0,1,0,0,0,0,0,0,1,0,0,0,0,0,0,0,0
5.480638923341991,0.0,0,54,10,5.958424693029782,4.795790545596741,0,1,0,0,0.4666666666666667,0,0,0,0,0,0,0,0,0,0,0,0,0,0,0,0,0,0,0,0,0,0,0,1,0,0,0,0,0,0,1,0,0,0,0,0,0,0,0
5.017279836814924,0.0,0,65,8,5.4510384535657,4.110873864173311,0,0,0,0,0.7241379310344828,0,0,0,0,0,0,0,0,0,0,0,0,0,0,0,0,0,0,0,0,0,0,0,1,0,0,0,0,0,0,0,0,0,0,1,0,0,0,0
4.605170185988092,0.0,0,39,4,5.181783550292085,0.0,0,0,0,0,0.8055555555555556,0,0,0,0,0,0,0,0,0,0,0,0,0,0,0,0,0,0,0,0,0,0,0,1,0,0,0,0,0,0,1,0,0,0,0,0,0,0,0
5.831882477283517,0.0,0,139,13,4.465908118654584,3.4339872044851463,0,1,0,0,0.7559055118110236,0,0,0,0,0,0,0,0,0,0,0,0,0,0,0,0,0,0,0,0,0,0,0,1,0,0,0,0,0,0,1,0,0,0,0,0,0,0,0
5.075173815233827,0.0,0,112,11,3.8918202981106265,3.4339872044851463,0,1,0,0,0.8529411764705882,0,0,0,0,0,0,0,0,0,0,0,0,0,0,0,0,0,0,0,0,0,0,0,1,0,0,0,0,0,0,0,1,0,0,0,0,0,0,0
5.135798437050262,0.0,0,96,10,7.704811922932594,4.110873864173311,0,1,0,0,0.896551724137931,0,0,0,0,0,0,0,0,0,0,0,0,0,0,0,0,0,0,0,0,0,0,0,1,0,0,0,0,0,0,1,0,0,0,0,0,0,0,0
5.598421958998375,0.0,0,89,10,4.74493212836325,4.795790545596741,1,1,1,0,0.6,0,0,0,0,0,0,0,0,0,0,0,0,0,0,0,0,0,0,0,0,0,0,0,1,0,0,0,0,0,0,0,0,1,0,0,0,0,0,0
5.225746673713202,0.0,0,41,6,7.20414929203594,2.772588722239781,0,1,0,0,0.5,0,0,0,0,0,0,0,0,0,0,0,0,0,0,0,0,0,0,0,0,0,0,0,1,0,0,0,0,0,0,1,0,0,0,0,0,0,0,0
4.51085950651685,0.0,0,111,13,0.0,2.772588722239781,0,1,0,0,0.7938144329896907,0,0,0,0,0,0,0,0,0,0,0,0,0,0,0,0,0,0,0,0,0,0,0,1,0,0,0,0,0,0,1,0,0,0,0,0,0,0,0
5.703782474656201,0.0,0,128,16,5.805134968916488,1.9459101490553132,1,0,0,0,0.38392857142857145,0,0,0,0,0,0,0,0,0,0,0,0,0,0,0,0,0,0,0,0,0,0,0,1,0,0,0,0,0,0,1,0,0,0,0,0,0,0,0
5.886104031450156,0.0,0,163,20,3.912023005428146,6.90875477931522,1,0,0,0,0.4652777777777778,0,0,0,0,0,0,0,0,0,0,0,0,0,0,0,0,0,0,0,0,0,0,0,1,0,0,0,0,0,0,1,0,0,0,0,0,0,0,0
6.792344427470809,0.0,0,98,12,0.0,2.5649493574615367,1,0,1,0,0.8488372093023255,0,0,0,0,0,0,0,0,0,0,0,0,0,0,0,0,0,0,0,0,0,0,0,1,0,0,0,0,0,0,0,0,0,0,1,0,0,0,0
5.438079308923196,0.0,0,59,8,0.0,3.713572066704308,0,0,0,0,0.4423076923076923,0,0,0,0,0,0,0,0,0,0,0,0,0,0,0,0,0,0,0,0,0,0,0,1,0,0,0,0,0,0,1,0,0,0,0,0,0,0,0
4.700480365792417,0.0,0,72,13,4.248495242049359,7.614312146452,0,1,1,0,0.5333333333333333,0,0,0,0,0,0,0,0,0,0,0,0,0,0,0,0,0,0,0,0,0,0,0,1,0,0,0,0,0,0,1,0,0,0,0,0,0,0,0
4.700480365792417,0.0,0,72,13,1.791759469228055,7.614312146452,0,1,1,0,0.5333333333333333,0,0,0,0,0,0,0,0,0,0,0,0,0,0,0,0,0,0,0,0,0,0,0,1,0,0,0,0,0,0,1,0,0,0,0,0,0,0,0
5.303304908059076,0.0,0,67,14,3.6635616461296463,3.4339872044851463,0,1,0,1,0.6481481481481481,0,0,0,0,0,0,0,0,0,0,0,0,0,0,0,0,0,0,0,0,0,0,0,1,0,0,0,0,0,0,1,0,0,0,0,0,0,0,0
5.0106352940962555,0.0,0,95,14,0.0,3.4339872044851463,0,1,0,0,0.7560975609756098,0,0,0,0,0,0,0,0,0,0,0,0,0,0,0,0,0,0,0,0,0,0,0,1,0,0,0,0,0,0,1,0,0,0,0,0,0,0,0
5.135798437050262,0.0,0,115,14,2.0794415416798357,3.4339872044851463,0,1,0,0,0.7941176470588235,0,0,0,0,0,0,0,0,0,0,0,0,0,0,0,0,0,0,0,0,0,0,0,1,0,0,0,0,0,0,1,0,0,0,0,0,0,0,0
6.796823718274855,0.0,0,85,16,1.9459101490553132,4.795790545596741,0,0,0,0,0.2898550724637681,0,0,0,0,0,0,0,0,0,0,0,0,0,0,0,0,0,0,0,0,0,0,0,1,0,0,0,0,0,0,1,0,0,0,0,0,0,0,0
6.492239835020471,0.0,0,83,13,0.0,1.0986122886681098,0,1,0,0,0.49295774647887325,0,0,0,0,0,0,0,0,0,0,0,0,0,0,0,0,0,0,0,0,0,0,0,1,0,0,0,0,0,0,1,0,0,0,0,0,0,0,0
5.075173815233827,0.0,0,71,6,0.0,6.90875477931522,1,0,1,0,0.7121212121212122,0,0,0,0,0,0,0,0,0,0,0,0,0,0,0,0,0,0,0,0,0,0,0,1,0,0,0,0,0,0,0,0,0,0,1,0,0,0,0
5.968707559985366,0.0,0,114,14,0.0,5.303304908059076,0,0,1,0,0.6732673267326733,0,0,0,0,0,0,0,0,0,0,0,0,0,0,0,0,0,0,0,0,0,0,0,1,0,0,0,0,0,0,1,0,0,0,0,0,0,0,0
4.0943445622221,0.0,0,66,7,2.3978952727983707,0.0,0,0,1,0,0.711864406779661,0,0,0,0,0,0,0,0,0,0,0,0,0,0,0,0,0,0,0,0,0,0,0,1,0,0,0,0,0,0,1,0,0,0,0,0,0,0,0
6.907755278982137,0.0,0,112,14,3.4657359027997265,3.713572066704308,0,1,0,1,0.8181818181818182,0,0,0,0,0,0,0,0,0,0,0,0,0,0,0,0,0,0,0,0,0,0,0,1,0,0,0,0,0,0,1,0,0,0,0,0,0,0,0
5.857933154483459,0.0,0,101,9,2.3978952727983707,0.0,0,0,0,0,0.8494623655913979,0,0,0,0,0,0,0,0,0,0,0,0,0,0,0,0,0,0,0,0,0,0,0,1,0,0,0,0,0,0,1,0,0,0,0,0,0,0,0
4.454347296253507,0.0,0,62,7,4.418840607796598,1.3862943611198906,0,0,0,0,0.8392857142857143,0,0,0,0,0,0,0,0,0,0,0,0,0,0,0,0,0,0,0,0,0,0,0,1,0,0,0,0,0,0,0,0,0,1,0,0,0,0,0
4.330733340286331,0.0,0,158,19,2.9444389791664403,2.772588722239781,0,1,0,0,0.5928571428571429,0,0,0,0,0,0,0,0,0,0,0,0,0,0,0,0,0,0,0,0,0,0,0,1,0,0,0,0,0,0,1,0,0,0,0,0,0,0,0
4.1588830833596715,0.0,0,57,8,4.624972813284271,2.772588722239781,0,1,0,0,0.6,0,0,0,0,0,0,0,0,0,0,0,0,0,0,0,0,0,0,0,0,0,0,0,1,0,0,0,0,0,0,1,0,0,0,0,0,0,0,0
7.0825485693553,0.0,0,92,11,0.0,4.110873864173311,0,1,0,0,0.47560975609756095,0,0,0,0,0,0,0,0,0,0,0,0,0,0,0,0,0,0,0,0,0,0,0,1,0,0,0,0,0,0,1,0,0,0,0,0,0,0,0
5.673323267171493,0.0,0,110,16,0.0,4.110873864173311,0,0,0,1,0.7894736842105263,0,0,0,0,0,0,0,0,0,0,0,0,0,0,0,0,0,0,0,0,0,0,0,1,0,0,0,0,0,0,1,0,0,0,0,0,0,0,0
4.330733340286331,0.0,0,66,11,3.2188758248682006,2.772588722239781,0,1,0,0,0.6428571428571429,0,0,0,0,0,0,0,0,0,0,0,0,0,0,0,0,0,0,0,0,0,0,0,1,0,0,0,0,0,0,1,0,0,0,0,0,0,0,0
5.220355825078324,0.0,0,66,8,7.538494999413465,2.772588722239781,0,1,0,0,0.6949152542372882,0,0,0,0,0,0,0,0,0,0,0,0,0,0,0,0,0,0,0,0,0,0,0,1,0,0,0,0,0,0,1,0,0,0,0,0,0,0,0
5.69035945432406,0.0,0,126,16,5.087596335232384,4.110873864173311,0,0,0,0,0.6936936936936937,0,0,0,0,0,0,0,0,0,0,0,0,0,0,0,0,0,0,0,0,0,0,0,1,0,0,0,0,0,0,0,0,0,0,1,0,0,0,0
5.5909869805108565,0.0,0,93,14,9.210340371976184,4.709530201312334,1,0,0,0,0.7375,0,0,0,0,0,0,0,0,0,0,0,0,0,0,0,0,0,0,0,0,0,0,0,1,0,0,0,0,0,0,1,0,0,0,0,0,0,0,0
5.153291594497779,0.0,0,95,14,6.717804695023691,4.61512051684126,0,1,1,0,0.7317073170731707,0,0,0,0,0,0,0,0,0,0,0,0,0,0,0,0,0,0,0,0,0,0,0,1,0,0,0,0,0,0,1,0,0,0,0,0,0,0,0
5.19295685089021,0.0,0,105,13,9.210340371976184,3.4339872044851463,0,1,0,0,0.7204301075268817,0,0,0,0,0,0,0,0,0,0,0,0,0,0,0,0,0,0,0,0,0,0,0,1,0,0,0,0,0,0,1,0,0,0,0,0,0,0,0
6.530877627725885,0.0,0,73,12,5.648974238161206,6.2166061010848646,1,0,0,0,0.14516129032258066,0,0,0,0,0,0,0,0,0,0,0,0,0,0,0,0,0,0,0,0,0,0,0,1,0,0,0,0,0,0,0,0,0,0,1,0,0,0,0
6.396929655216146,0.0,0,114,13,6.79794041297493,4.110873864173311,0,1,0,0,0.5392156862745098,0,0,0,0,0,0,0,0,0,0,0,0,0,0,0,0,0,0,0,0,0,0,0,1,0,0,0,0,0,0,1,0,0,0,0,0,0,0,0
4.0943445622221,0.0,0,57,9,7.1180162044653335,2.772588722239781,0,1,0,0,0.6326530612244898,0,0,0,0,0,0,0,0,0,0,0,0,0,0,0,0,0,0,0,0,0,0,0,1,0,0,0,0,0,0,1,0,0,0,0,0,0,0,0
4.836281906951478,0.0,0,21,3,6.419994928147142,0.0,0,0,0,0,0.9473684210526315,0,0,0,0,0,0,0,0,0,0,0,0,0,0,0,0,0,0,0,0,0,0,0,1,0,0,0,0,0,0,1,0,0,0,0,0,0,0,0
5.170483995038151,0.0,0,43,6,8.410943391573527,4.61512051684126,1,1,0,0,0.2894736842105263,0,0,0,0,0,0,0,0,0,0,0,0,0,0,0,0,0,0,0,0,0,0,0,1,0,0,0,0,0,0,1,0,0,0,0,0,0,0,0
5.3981627015177525,0.0,0,73,9,2.70805020110221,4.110873864173311,0,1,0,0,0.6153846153846154,0,0,0,0,0,0,0,0,0,0,0,0,0,0,0,0,0,0,0,0,0,0,0,1,0,0,0,0,0,0,1,0,0,0,0,0,0,0,0
5.846438775057725,0.0,0,103,15,6.222576268071369,0.6931471805599453,0,0,0,1,0.7303370786516854,0,0,0,0,0,0,0,0,0,0,0,0,0,0,0,0,0,0,0,0,0,0,0,1,0,0,0,0,0,0,0,0,0,1,0,0,0,0,0
5.0369526024136295,0.0,0,89,9,3.1780538303479458,0.0,0,0,0,0,0.8148148148148148,0,0,0,0,0,0,0,0,0,0,0,0,0,0,0,0,0,0,0,0,0,0,0,1,0,0,0,0,0,0,1,0,0,0,0,0,0,0,0
5.673323267171493,0.0,0,120,11,5.655991810819852,11.51293546492023,1,0,1,1,0.8818181818181818,0,0,0,0,0,0,0,0,0,0,0,0,0,0,0,0,0,0,0,0,0,0,0,1,0,0,0,0,0,0,0,1,0,0,0,0,0,0,0
5.017279836814924,0.0,0,91,8,7.4570320891223805,4.110873864173311,0,1,0,0,0.7142857142857143,0,0,0,0,0,0,0,0,0,0,0,0,0,0,0,0,0,0,0,0,0,0,0,1,0,0,0,0,0,0,1,0,0,0,0,0,0,0,0
5.91350300563827,0.0,0,119,17,9.210340371976184,7.0909098220799835,1,0,0,0,0.27184466019417475,0,0,0,0,0,0,0,0,0,0,0,0,0,0,0,0,0,0,0,0,0,0,0,1,0,0,0,0,0,0,1,0,0,0,0,0,0,0,0
5.049856007249537,0.0,0,82,7,6.855408798609928,0.0,0,0,1,0,0.7763157894736842,0,0,0,0,0,0,0,0,0,0,0,0,0,0,0,0,0,0,0,0,0,0,0,1,0,0,0,0,0,0,0,0,0,0,1,0,0,0,0
4.2626798770413155,0.0,0,31,3,4.653960350157523,0.0,0,0,0,0,0.7586206896551724,0,0,0,0,0,0,0,0,0,0,0,0,0,0,0,0,0,0,0,0,0,0,0,1,0,0,0,0,0,0,1,0,0,0,0,0,0,0,0
6.46302945692067,0.0,0,82,11,5.187385805840755,4.61512051684126,0,0,1,0,0.5694444444444444,0,0,0,0,0,0,0,0,0,0,0,0,0,0,0,0,0,0,0,0,0,0,0,1,0,0,0,0,0,0,1,0,0,0,0,0,0,0,0
5.111987788356544,0.0,0,55,10,5.455321115357702,4.61512051684126,0,1,0,0,0.18181818181818182,0,0,0,0,0,0,0,0,0,0,0,0,0,0,0,0,0,0,0,0,0,0,0,1,0,0,0,0,0,0,1,0,0,0,0,0,0,0,0
5.0689042022202315,0.0,0,78,8,9.210340371976184,2.3978952727983707,0,1,0,0,0.5857142857142857,0,0,0,0,0,0,0,0,0,0,0,0,0,0,0,0,0,0,0,0,0,0,0,1,0,0,0,0,0,0,1,0,0,0,0,0,0,0,0
5.886104031450156,0.0,0,130,15,7.78155595923534,3.4339872044851463,0,1,1,0,0.6724137931034483,0,0,0,0,0,0,0,0,0,0,0,0,0,0,0,0,0,0,0,0,0,0,0,1,0,0,0,0,0,0,1,0,0,0,0,0,0,0,0
5.905361848054571,0.0,0,60,8,7.324489979348532,1.0986122886681098,0,1,0,0,0.660377358490566,0,0,0,0,0,0,0,0,0,0,0,0,0,0,0,0,0,0,0,0,0,0,0,1,0,0,0,0,0,0,1,0,0,0,0,0,0,0,0
5.075173815233827,0.0,0,56,8,9.210340371976184,7.409136443920128,1,1,0,0,0.4897959183673469,0,0,0,0,0,0,0,0,0,0,0,0,0,0,0,0,0,0,0,0,0,0,0,1,0,0,0,0,0,0,1,0,0,0,0,0,0,0,0
5.075173815233827,0.0,0,88,13,7.201170883281678,9.210440366976517,1,1,0,0,0.6266666666666667,0,0,0,0,0,0,0,0,0,0,0,0,0,0,0,0,0,0,0,0,0,0,0,1,0,0,0,0,0,0,0,1,0,0,0,0,0,0,0
5.480638923341991,0.0,0,54,10,5.971261839790462,4.795790545596741,0,1,0,0,0.4666666666666667,0,0,0,0,0,0,0,0,0,0,0,0,0,0,0,0,0,0,0,0,0,0,0,1,0,0,0,0,0,0,1,0,0,0,0,0,0,0,0
5.831882477283517,0.0,0,139,13,4.48863636973214,3.4339872044851463,0,1,0,0,0.7559055118110236,0,0,0,0,0,0,0,0,0,0,0,0,0,0,0,0,0,0,0,0,0,0,0,1,0,0,0,0,0,0,1,0,0,0,0,0,0,0,0
5.66988092298052,0.0,0,96,13,6.028278520230698,4.61512051684126,0,1,0,0,0.6428571428571429,0,0,0,0,0,0,0,0,0,0,0,0,0,0,0,0,0,0,0,0,0,0,0,1,0,0,0,0,0,0,1,0,0,0,0,0,0,0,0
5.162669449951753,0.0,0,70,14,4.948759890378168,5.303304908059076,0,1,0,0,0.40350877192982454,0,0,0,0,0,0,0,0,0,0,0,0,0,0,0,0,0,0,0,0,0,0,0,1,0,0,0,0,0,0,1,0,0,0,0,0,0,0,0
5.602118820879701,0.0,0,91,14,6.6240652277998935,3.4339872044851463,0,1,0,1,0.7702702702702703,0,0,0,0,0,0,0,0,0,0,0,0,0,0,0,0,0,0,0,0,0,0,0,1,0,0,0,0,0,0,1,0,0,0,0,0,0,0,0
5.703782474656201,0.0,0,109,12,9.210340371976184,4.61512051684126,0,0,0,0,0.4742268041237113,0,0,0,0,0,0,0,0,0,0,0,0,0,0,0,0,0,0,0,0,0,0,0,1,0,0,0,0,0,0,0,0,0,1,0,0,0,0,0
6.320768294250582,0.0,0,44,9,3.6109179126442243,11.51293546492023,1,1,0,0,0.5277777777777778,0,0,0,0,0,0,0,0,0,0,0,0,0,0,0,0,0,0,0,0,0,0,0,1,0,0,0,0,0,0,1,0,0,0,0,0,0,0,0
5.135798437050262,0.0,0,86,9,2.302585092994046,7.00397413672268,1,0,0,0,0.5194805194805194,0,0,0,0,0,0,0,0,0,0,0,0,0,0,0,0,0,0,0,0,0,0,0,1,0,0,0,0,0,0,1,0,0,0,0,0,0,0,0
4.941642422609304,0.0,0,143,16,1.9459101490553132,3.4339872044851463,1,1,0,0,0.8359375,0,0,0,1,0,0,0,0,0,0,0,0,0,0,0,0,0,0,0,0,0,0,0,0,0,0,0,0,0,0,1,0,0,0,0,0,0,0,0
6.111467339502679,0.0,0,46,5,3.332204510175204,4.61512051684126,0,0,0,0,0.6428571428571429,0,0,0,1,0,0,0,0,0,0,0,0,0,0,0,0,0,0,0,0,0,0,0,0,0,0,0,0,0,0,1,0,0,0,0,0,0,0,0
5.707110264748875,0.0,0,51,9,4.770684624465665,4.61512051684126,1,1,0,0,0.0,0,0,0,1,0,0,0,0,0,0,0,0,0,0,0,0,0,0,0,0,0,0,0,0,0,0,0,0,0,0,1,0,0,0,0,0,0,0,0
5.247024072160486,0.0,0,93,9,5.099866427824199,3.2188758248682006,0,0,0,0,0.5411764705882353,0,0,0,1,0,0,0,0,0,0,0,0,0,0,0,0,0,0,0,0,0,0,0,0,0,0,0,0,0,0,1,0,0,0,0,0,0,0,0
4.605170185988092,0.0,0,125,13,9.104868739033948,4.61512051684126,1,0,1,0,0.6991150442477876,0,0,0,1,0,0,0,0,0,0,0,0,0,0,0,0,0,0,0,0,0,0,0,0,0,0,0,0,0,0,1,0,0,0,0,0,0,0,0
6.380122536899765,0.0,0,35,6,4.418840607796598,7.313886831633462,1,1,0,0,0.7666666666666667,0,0,0,1,0,0,0,0,0,0,0,0,0,0,0,0,0,0,0,0,0,0,0,0,0,0,0,0,0,0,0,0,0,1,0,0,0,0,0
6.111467339502679,0.0,0,79,10,4.927253685157205,3.9318256327243257,0,1,1,0,0.7714285714285715,0,0,0,1,0,0,0,0,0,0,0,0,0,0,0,0,0,0,0,0,0,0,0,0,0,0,0,0,0,0,0,0,0,0,1,0,0,0,0
6.53813982376767,0.0,0,28,5,4.394449154672439,0.0,0,0,0,0,0.6666666666666666,0,0,0,1,0,0,0,0,0,0,0,0,0,0,0,0,0,0,0,0,0,0,0,0,0,0,0,0,0,0,1,0,0,0,0,0,0,0,0
5.66988092298052,0.0,0,65,8,4.007333185232471,4.61512051684126,1,0,0,0,0.5689655172413793,0,0,0,1,0,0,0,0,0,0,0,0,0,0,0,0,0,0,0,0,0,0,0,0,0,0,0,0,0,0,1,0,0,0,0,0,0,0,0
5.66988092298052,0.0,0,94,8,4.0943445622221,4.110873864173311,0,1,0,0,0.6511627906976745,0,0,0,1,0,0,0,0,0,0,0,0,0,0,0,0,0,0,0,0,0,0,0,0,0,0,0,0,0,0,1,0,0,0,0,0,0,0,0
6.437751649736401,0.0,0,88,13,0.0,4.110873864173311,0,1,0,0,0.3157894736842105,0,0,0,1,0,0,0,0,0,0,0,0,0,0,0,0,0,0,0,0,0,0,0,0,0,0,0,0,0,0,1,0,0,0,0,0,0,0,0
5.796057750765372,0.0,0,87,8,5.993961427306569,7.313886831633462,0,1,0,0,0.85,0,0,0,1,0,0,0,0,0,0,0,0,0,0,0,0,0,0,0,0,0,0,0,0,0,0,0,0,0,0,0,0,1,0,0,0,0,0,0
5.968707559985366,0.0,0,136,14,6.966024187106113,0.6931471805599453,1,1,0,0,0.9024390243902439,0,0,0,1,0,0,0,0,0,0,0,0,0,0,0,0,0,0,0,0,0,0,0,0,0,0,0,0,0,0,1,0,0,0,0,0,0,0,0
6.647688373563329,0.0,0,126,9,4.276666119016055,4.61512051684126,0,1,1,1,0.8813559322033898,0,0,0,1,0,0,0,0,0,0,0,0,0,0,0,0,0,0,0,0,0,0,0,0,0,0,0,0,0,0,0,0,0,1,0,0,0,0,0
5.968707559985366,0.0,0,81,7,5.793013608384144,0.0,0,0,1,0,0.7866666666666666,0,0,0,1,0,0,0,0,0,0,0,0,0,0,0,0,0,0,0,0,0,0,0,0,0,0,0,0,0,0,0,0,0,1,0,0,0,0,0
5.655991810819852,0.0,0,47,7,3.7612001156935624,4.51085950651685,0,1,0,0,0.43902439024390244,0,0,0,1,0,0,0,0,0,0,0,0,0,0,0,0,0,0,0,0,0,0,0,0,0,0,0,0,0,0,1,0,0,0,0,0,0,0,0
6.608000625296087,0.0,0,127,8,3.044522437723423,0.0,0,0,0,0,0.9833333333333333,0,0,0,1,0,0,0,0,0,0,0,0,0,0,0,0,0,0,0,0,0,0,0,0,0,0,0,0,0,0,1,0,0,0,0,0,0,0,0
4.941642422609304,0.0,0,143,16,4.2626798770413155,3.4339872044851463,1,1,0,0,0.8359375,0,0,0,1,0,0,0,0,0,0,0,0,0,0,0,0,0,0,0,0,0,0,0,0,0,0,0,0,0,0,1,0,0,0,0,0,0,0,0
4.787491742782046,0.0,0,79,10,6.733401891837359,6.2166061010848646,1,1,0,0,0.7971014492753623,0,0,0,1,0,0,0,0,0,0,0,0,0,0,0,0,0,0,0,0,0,0,0,0,0,0,0,0,0,0,1,0,0,0,0,0,0,0,0
5.673323267171493,0.0,0,112,9,6.966024187106113,3.9318256327243257,0,0,1,0,0.8365384615384616,0,0,0,1,0,0,0,0,0,0,0,0,0,0,0,0,0,0,0,0,0,0,0,0,0,0,0,0,0,0,0,0,0,0,1,0,0,0,0
4.59511985013459,0.0,0,76,6,9.166701914946353,4.61512051684126,0,1,0,0,0.8571428571428571,0,0,0,1,0,0,0,0,0,0,0,0,0,0,0,0,0,0,0,0,0,0,0,0,0,0,0,0,0,0,1,0,0,0,0,0,0,0,0
5.278114659230517,0.0,0,67,10,8.322151070212902,4.110873864173311,1,1,0,0,0.6379310344827587,0,0,0,1,0,0,0,0,0,0,0,0,0,0,0,0,0,0,0,0,0,0,0,0,0,0,0,0,0,0,1,0,0,0,0,0,0,0,0
6.042632833682381,0.0,0,136,15,0.0,6.398594934535208,1,0,0,0,0.7459016393442623,0,0,0,1,0,0,0,0,0,0,0,0,0,0,0,0,0,0,0,0,0,0,0,0,0,0,0,0,0,0,1,0,0,0,0,0,0,0,0
7.0909098220799835,0.0,0,42,8,5.726847747587197,1.6094379124341003,0,0,0,0,0.8571428571428571,0,0,0,1,0,0,0,0,0,0,0,0,0,0,0,0,0,0,0,0,0,0,0,0,0,0,0,0,0,0,0,0,0,0,1,0,0,0,0
5.69035945432406,0.0,0,65,10,5.049856007249537,1.0986122886681098,0,0,0,0,0.25,0,0,0,1,0,0,0,0,0,0,0,0,0,0,0,0,0,0,0,0,0,0,0,0,0,0,0,0,0,0,1,0,0,0,0,0,0,0,0
4.605170185988092,0.0,0,101,10,7.915348169263078,4.61512051684126,1,0,1,0,0.782608695652174,0,0,0,1,0,0,0,0,0,0,0,0,0,0,0,0,0,0,0,0,0,0,0,0,0,0,0,0,0,0,1,0,0,0,0,0,0,0,0
4.554403068934438,0.0,0,48,9,7.58629630715272,3.044522437723423,0,1,0,0,0.55,0,0,0,1,0,0,0,0,0,0,0,0,0,0,0,0,0,0,0,0,0,0,0,0,0,0,0,0,0,0,1,0,0,0,0,0,0,0,0
4.574710978503383,0.0,0,134,9,9.210340371976184,4.51085950651685,0,1,0,0,0.9603174603174603,0,0,0,1,0,0,0,0,0,0,0,0,0,0,0,0,0,0,0,0,0,0,0,0,0,0,0,0,0,0,1,0,0,0,0,0,0,0,0
6.621405651764134,0.0,0,147,14,6.335054251498059,6.26530121273771,1,1,0,0,0.5522388059701493,0,0,0,1,0,0,0,0,0,0,0,0,0,0,0,0,0,0,0,0,0,0,0,0,0,0,0,0,0,0,1,0,0,0,0,0,0,0,0
5.598421958998375,0.0,0,95,12,4.820281565605037,7.613324979540639,0,1,0,0,0.7590361445783133,0,0,0,1,0,0,0,0,0,0,0,0,0,0,0,0,0,0,0,0,0,0,0,0,0,0,0,0,0,0,1,0,0,0,0,0,0,0,0
4.941642422609304,0.0,0,78,7,4.189654742026425,3.4339872044851463,0,1,0,0,0.8194444444444444,0,0,0,1,0,0,0,0,0,0,0,0,0,0,0,0,0,0,0,0,0,0,0,0,0,0,0,0,0,0,1,0,0,0,0,0,0,0,0
5.8377304471659395,0.0,0,87,9,4.02535169073515,4.110873864173311,1,1,0,0,0.5949367088607594,0,0,0,1,0,0,0,0,0,0,0,0,0,0,0,0,0,0,0,0,0,0,0,0,0,0,0,0,0,0,1,0,0,0,0,0,0,0,0
5.968707559985366,0.0,0,63,11,4.2626798770413155,5.968707559985366,0,0,0,1,0.6415094339622641,0,0,0,1,0,0,0,0,0,0,0,0,0,0,0,0,0,0,0,0,0,0,0,0,0,0,0,0,0,0,0,0,0,1,0,0,0,0,0
6.78332520060396,0.0,0,67,10,6.61338421837956,2.772588722239781,0,1,0,0,0.7586206896551724,0,0,0,1,0,0,0,0,0,0,0,0,0,0,0,0,0,0,0,0,0,0,0,0,0,0,0,0,0,0,1,0,0,0,0,0,0,0,0
5.768320995793772,0.0,0,79,14,8.314097335405807,8.517393171418904,0,0,0,0,0.25757575757575757,0,0,0,1,0,0,0,0,0,0,0,0,0,0,0,0,0,0,0,0,0,0,0,0,0,0,0,0,0,0,0,1,0,0,0,0,0,0,0
5.673323267171493,0.0,0,145,13,3.4339872044851463,0.0,0,1,0,0,0.7518796992481203,0,0,0,1,0,0,0,0,0,0,0,0,0,0,0,0,0,0,0,0,0,0,0,0,0,0,0,0,0,0,1,0,0,0,0,0,0,0,0
5.981414211254481,0.0,0,75,11,6.4457198193855785,4.61512051684126,0,0,0,0,0.0,0,0,0,1,0,0,0,0,0,0,0,0,0,0,0,0,0,0,0,0,0,0,0,0,0,0,0,0,0,0,1,0,0,0,0,0,0,0,0
5.537334267018537,0.0,0,103,12,8.562740006372207,4.110873864173311,0,1,0,0,0.7065217391304348,0,0,0,1,0,0,0,0,0,0,0,0,0,0,0,0,0,0,0,0,0,0,0,0,0,0,0,0,0,0,1,0,0,0,0,0,0,0,0
5.697093486505405,0.0,0,113,13,3.4965075614664802,4.110873864173311,0,1,0,0,0.5247524752475248,0,0,0,1,0,0,0,0,0,0,0,0,0,0,0,0,0,0,0,0,0,0,0,0,0,0,0,0,0,0,0,0,0,0,0,0,1,0,0
6.3818160174060985,0.0,0,48,6,7.176254532017144,6.90875477931522,1,1,0,0,0.7674418604651163,0,0,0,1,0,0,0,0,0,0,0,0,0,0,0,0,0,0,0,0,0,0,0,0,0,0,0,0,0,0,1,0,0,0,0,0,0,0,0
6.684611727667927,0.0,0,79,11,0.0,6.7464121285733745,0,0,0,0,0.7391304347826086,0,0,0,1,0,0,0,0,0,0,0,0,0,0,0,0,0,0,0,0,0,0,0,0,0,0,0,0,0,0,0,0,0,1,0,0,0,0,0
7.736743682453495,0.0,0,63,10,0.0,5.707110264748875,1,1,0,0,0.5370370370370371,0,0,0,1,0,0,0,0,0,0,0,0,0,0,0,0,0,0,0,0,0,0,0,0,0,0,0,0,0,0,1,0,0,0,0,0,0,0,0
6.684611727667927,0.0,0,67,10,0.0,5.707110264748875,1,1,0,0,0.5689655172413793,0,0,0,1,0,0,0,0,0,0,0,0,0,0,0,0,0,0,0,0,0,0,0,0,0,0,0,0,0,0,1,0,0,0,0,0,0,0,0
5.231108616854587,0.0,0,77,11,2.4849066497880004,5.993961427306569,1,0,0,0,0.5873015873015873,0,0,0,1,0,0,0,0,0,0,0,0,0,0,0,0,0,0,0,0,0,0,0,0,0,0,0,0,0,0,1,0,0,0,0,0,0,0,0
7.824046010856292,0.0,0,115,11,0.0,3.4339872044851463,0,1,1,0,0.780952380952381,0,0,0,1,0,0,0,0,0,0,0,0,0,0,0,0,0,0,0,0,0,0,0,0,0,0,0,0,0,0,1,0,0,0,0,0,0,0,0
6.516193076042964,0.0,0,49,8,0.0,6.68586094706836,0,0,0,0,0.5476190476190477,0,0,0,1,0,0,0,0,0,0,0,0,0,0,0,0,0,0,0,0,0,0,0,0,0,0,0,0,0,0,0,0,1,0,0,0,0,0,0
5.278114659230517,0.0,0,120,14,0.0,4.61512051684126,0,0,1,0,0.46226415094339623,0,0,0,1,0,0,0,0,0,0,0,0,0,0,0,0,0,0,0,0,0,0,0,0,0,0,0,0,0,0,0,0,0,1,0,0,0,0,0
5.521460917862246,0.0,0,13,2,0.0,0.0,0,0,0,0,1.0,0,0,0,1,0,0,0,0,0,0,0,0,0,0,0,0,0,0,0,0,0,0,0,0,0,0,0,0,0,0,0,0,0,1,0,0,0,0,0
5.4638318050256105,0.0,0,109,8,0.0,4.61512051684126,0,1,1,0,0.8235294117647058,0,0,0,1,0,0,0,0,0,0,0,0,0,0,0,0,0,0,0,0,0,0,0,0,0,0,0,0,0,0,0,0,0,0,1,0,0,0,0
5.968707559985366,0.0,0,92,10,0.0,9.90353755128617,1,0,0,0,0.575,0,0,0,1,0,0,0,0,0,0,0,0,0,0,0,0,0,0,0,0,0,0,0,0,0,0,0,0,0,0,1,0,0,0,0,0,0,0,0
7.692113339595466,0.0,0,106,15,0.0,1.791759469228055,0,0,0,1,0.7802197802197802,0,0,0,1,0,0,0,0,0,0,0,0,0,0,0,0,0,0,0,0,0,0,0,0,0,0,0,0,0,0,1,0,0,0,0,0,0,0,0
4.795790545596741,0.0,0,44,8,0.0,3.2188758248682006,0,1,0,0,0.0,0,0,0,1,0,0,0,0,0,0,0,0,0,0,0,0,0,0,0,0,0,0,0,0,0,0,0,0,0,0,1,0,0,0,0,0,0,0,0
7.1631723908466425,0.0,0,82,11,0.0,4.61512051684126,0,0,1,1,0.6805555555555556,0,0,0,1,0,0,0,0,0,0,0,0,0,0,0,0,0,0,0,0,0,0,0,0,0,0,0,0,0,0,1,0,0,0,0,0,0,0,0
6.293419278846481,0.0,0,115,13,0.0,4.61512051684126,0,1,1,0,0.9029126213592233,0,0,0,1,0,0,0,0,0,0,0,0,0,0,0,0,0,0,0,0,0,0,0,0,0,0,0,0,0,0,0,0,0,0,1,0,0,0,0
7.795646536334594,0.0,0,105,11,0.0,3.4339872044851463,0,1,0,0,0.8,0,0,0,1,0,0,0,0,0,0,0,0,0,0,0,0,0,0,0,0,0,0,0,0,0,0,0,0,0,0,1,0,0,0,0,0,0,0,0
6.534370064337384,0.0,0,76,14,0.0,1.0986122886681098,0,1,0,0,0.5079365079365079,0,0,0,1,0,0,0,0,0,0,0,0,0,0,0,0,0,0,0,0,0,0,0,0,0,0,0,0,0,0,1,0,0,0,0,0,0,0,0
7.755861384080139,0.0,0,115,11,2.5649493574615367,3.4339872044851463,0,1,1,0,0.780952380952381,0,0,0,1,0,0,0,0,0,0,0,0,0,0,0,0,0,0,0,0,0,0,0,0,0,0,0,0,0,0,1,0,0,0,0,0,0,0,0
6.907755278982137,0.0,0,84,6,4.543294782270004,0.0,0,0,1,0,0.810126582278481,0,0,0,1,0,0,0,0,0,0,0,0,0,0,0,0,0,0,0,0,0,0,0,0,0,0,0,0,0,0,0,0,0,0,1,0,0,0,0
5.0106352940962555,0.0,0,58,5,0.0,10.819798284210286,1,0,0,0,0.8518518518518519,0,0,0,1,0,0,0,0,0,0,0,0,0,0,0,0,0,0,0,0,0,0,0,0,0,0,0,0,0,0,0,0,0,0,1,0,0,0,0
5.736572297479192,0.0,0,45,7,0.0,6.398594934535208,1,0,0,0,0.6756756756756757,0,0,0,1,0,0,0,0,0,0,0,0,0,0,0,0,0,0,0,0,0,0,0,0,0,0,0,0,0,0,1,0,0,0,0,0,0,0,0
5.953243334287785,0.0,0,62,10,0.0,3.4339872044851463,0,1,0,0,0.4716981132075472,0,0,0,1,0,0,0,0,0,0,0,0,0,0,0,0,0,0,0,0,0,0,0,0,0,0,0,0,0,0,1,0,0,0,0,0,0,0,0
6.19644412779452,0.0,0,80,7,0.0,2.3978952727983707,0,1,0,0,0.5405405405405406,0,0,0,1,0,0,0,0,0,0,0,0,0,0,0,0,0,0,0,0,0,0,0,0,0,0,0,0,0,0,1,0,0,0,0,0,0,0,0
6.1092475827643655,0.0,0,54,9,0.0,4.61512051684126,0,1,0,0,0.0,0,0,0,1,0,0,0,0,0,0,0,0,0,0,0,0,0,0,0,0,0,0,0,0,0,0,0,0,0,0,1,0,0,0,0,0,0,0,0
6.90875477931522,0.0,0,140,16,2.4849066497880004,1.791759469228055,0,0,0,1,0.896,0,0,0,1,0,0,0,0,0,0,0,0,0,0,0,0,0,0,0,0,0,0,0,0,0,0,0,0,0,0,1,0,0,0,0,0,0,0,0
5.968707559985366,0.0,0,119,15,0.0,1.3862943611198906,0,0,0,1,0.6857142857142857,0,0,0,1,0,0,0,0,0,0,0,0,0,0,0,0,0,0,0,0,0,0,0,0,0,0,0,0,0,0,1,0,0,0,0,0,0,0,0
6.214608098422191,0.0,0,140,16,0.0,1.0986122886681098,0,0,0,1,0.896,0,0,0,1,0,0,0,0,0,0,0,0,0,0,0,0,0,0,0,0,0,0,0,0,0,0,0,0,0,0,1,0,0,0,0,0,0,0,0
6.907755278982137,0.0,0,134,16,0.0,1.3862943611198906,0,0,0,0,0.576271186440678,0,0,0,1,0,0,0,0,0,0,0,0,0,0,0,0,0,0,0,0,0,0,0,0,0,0,0,0,0,0,1,0,0,0,0,0,0,0,0
6.993932975223189,0.0,0,34,4,0.0,7.313886831633462,1,1,0,0,0.12903225806451613,0,0,0,1,0,0,0,0,0,0,0,0,0,0,0,0,0,0,0,0,0,0,0,0,0,0,0,0,0,0,0,0,1,0,0,0,0,0,0
7.799753318287247,0.0,0,98,12,2.833213344056216,0.0,0,0,1,0,0.8045977011494253,0,0,0,1,0,0,0,0,0,0,0,0,0,0,0,0,0,0,0,0,0,0,0,0,0,0,0,0,0,0,1,0,0,0,0,0,0,0,0
7.799753318287247,0.0,0,110,16,2.772588722239781,0.6931471805599453,0,0,1,0,0.7894736842105263,0,0,0,1,0,0,0,0,0,0,0,0,0,0,0,0,0,0,0,0,0,0,0,0,0,0,0,0,0,0,1,0,0,0,0,0,0,0,0
7.1316985104669115,0.0,0,101,19,3.6635616461296463,8.517393171418904,0,0,0,0,0.0,0,0,0,1,0,0,0,0,0,0,0,0,0,0,0,0,0,0,0,0,0,0,0,0,0,0,0,0,0,0,1,0,0,0,0,0,0,0,0
4.48863636973214,0.0,0,67,5,0.0,1.3862943611198906,0,1,0,0,0.8571428571428571,0,0,0,1,0,0,0,0,0,0,0,0,0,0,0,0,0,0,0,0,0,0,0,0,0,0,0,0,0,0,1,0,0,0,0,0,0,0,0
6.3818160174060985,0.0,0,60,7,0.0,0.0,0,0,0,0,0.9814814814814815,0,0,0,1,0,0,0,0,0,0,0,0,0,0,0,0,0,0,0,0,0,0,0,0,0,0,0,0,0,0,1,0,0,0,0,0,0,0,0
5.420534999272286,0.0,0,116,11,0.0,11.695255355062795,1,0,0,0,0.5377358490566038,0,0,0,1,0,0,0,0,0,0,0,0,0,0,0,0,0,0,0,0,0,0,0,0,0,0,0,0,0,0,1,0,0,0,0,0,0,0,0
5.231108616854587,0.0,0,67,8,0.0,5.993961427306569,1,0,0,0,0.5833333333333334,0,0,0,1,0,0,0,0,0,0,0,0,0,0,0,0,0,0,0,0,0,0,0,0,0,0,0,0,0,0,0,0,1,0,0,0,0,0,0
5.017279836814924,0.0,0,80,12,0.0,6.2166061010848646,1,0,0,0,0.4492753623188406,0,0,0,1,0,0,0,0,0,0,0,0,0,0,0,0,0,0,0,0,0,0,0,0,0,0,0,0,0,0,0,0,1,0,0,0,0,0,0
5.017279836814924,0.0,0,108,13,0.0,0.0,0,0,0,0,0.7395833333333334,0,0,0,1,0,0,0,0,0,0,0,0,0,0,0,0,0,0,0,0,0,0,0,0,0,0,0,0,0,0,0,0,1,0,0,0,0,0,0
5.755742213586912,0.0,0,64,7,0.0,6.398594934535208,1,0,0,0,0.6607142857142857,0,0,0,1,0,0,0,0,0,0,0,0,0,0,0,0,0,0,0,0,0,0,0,0,0,0,0,0,0,0,0,0,0,0,1,0,0,0,0
6.236369590203704,0.0,0,138,15,0.0,0.0,0,0,0,0,0.8467741935483871,0,0,0,1,0,0,0,0,0,0,0,0,0,0,0,0,0,0,0,0,0,0,0,0,0,0,0,0,0,0,0,0,1,0,0,0,0,0,0
5.420534999272286,0.0,0,85,9,2.70805020110221,4.795790545596741,0,0,0,0,0.5194805194805194,0,0,0,1,0,0,0,0,0,0,0,0,0,0,0,0,0,0,0,0,0,0,0,0,0,0,0,0,0,0,1,0,0,0,0,0,0,0,0
5.4638318050256105,0.0,0,109,8,0.0,4.61512051684126,0,1,1,0,0.8235294117647058,0,0,0,1,0,0,0,0,0,0,0,0,0,0,0,0,0,0,0,0,0,0,0,0,0,0,0,0,0,0,0,0,0,0,1,0,0,0,0
6.684611727667927,0.0,0,102,15,0.0,4.795790545596741,0,1,0,0,0.0,0,0,0,1,0,0,0,0,0,0,0,0,0,0,0,0,0,0,0,0,0,0,0,0,0,0,0,0,0,0,1,0,0,0,0,0,0,0,0
5.634789603169249,0.0,0,104,14,0.0,6.398594934535208,1,1,1,0,0.8351648351648352,0,0,0,1,0,0,0,0,0,0,0,0,0,0,0,0,0,0,0,0,0,0,0,0,0,0,0,0,0,0,0,0,0,0,1,0,0,0,0
5.231108616854587,0.0,0,120,13,0.0,5.993961427306569,1,1,1,0,0.7735849056603774,0,0,0,1,0,0,0,0,0,0,0,0,0,0,0,0,0,0,0,0,0,0,0,0,0,0,0,0,0,0,0,0,0,0,1,0,0,0,0
7.635786861395585,0.0,0,77,6,0.0,1.3862943611198906,0,0,0,0,0.75,0,0,0,1,0,0,0,0,0,0,0,0,0,0,0,0,0,0,0,0,0,0,0,0,0,0,0,0,0,0,0,1,0,0,0,0,0,0,0
5.231108616854587,0.0,0,62,9,0.0,6.398594934535208,1,0,0,0,0.5925925925925926,0,0,0,1,0,0,0,0,0,0,0,0,0,0,0,0,0,0,0,0,0,0,0,0,0,0,0,0,0,0,1,0,0,0,0,0,0,0,0
6.634633357861686,0.0,0,98,15,0.0,3.4339872044851463,0,1,0,0,0.5476190476190477,0,0,0,1,0,0,0,0,0,0,0,0,0,0,0,0,0,0,0,0,0,0,0,0,0,0,0,0,0,0,1,0,0,0,0,0,0,0,0
6.53813982376767,0.0,0,119,15,0.0,1.3862943611198906,0,0,0,1,0.6857142857142857,0,0,0,1,0,0,0,0,0,0,0,0,0,0,0,0,0,0,0,0,0,0,0,0,0,0,0,0,0,0,1,0,0,0,0,0,0,0,0
5.680172609017068,0.0,0,38,4,0.0,1.0986122886681098,0,0,0,0,0.9142857142857143,0,0,0,1,0,0,0,0,0,0,0,0,0,0,0,0,0,0,0,0,0,0,0,0,0,0,0,0,0,0,1,0,0,0,0,0,0,0,0
6.431331081933479,0.0,0,63,7,2.833213344056216,0.0,0,0,0,0,0.6666666666666666,0,0,0,1,0,0,0,0,0,0,0,0,0,0,0,0,0,0,0,0,0,0,0,0,0,0,0,0,0,0,0,0,0,1,0,0,0,0,0
6.111467339502679,0.0,0,63,7,2.833213344056216,0.0,0,0,0,0,0.6666666666666666,0,0,0,1,0,0,0,0,0,0,0,0,0,0,0,0,0,0,0,0,0,0,0,0,0,0,0,0,0,0,0,0,0,1,0,0,0,0,0
5.442417710521793,0.0,0,79,10,4.927253685157205,3.9318256327243257,0,1,1,0,0.7714285714285715,0,0,0,1,0,0,0,0,0,0,0,0,0,0,0,0,0,0,0,0,0,0,0,0,0,0,0,0,0,0,0,0,0,0,1,0,0,0,0
5.62040086571715,0.0,0,134,9,9.210340371976184,4.51085950651685,0,1,0,0,0.9603174603174603,0,0,0,1,0,0,0,0,0,0,0,0,0,0,0,0,0,0,0,0,0,0,0,0,0,0,0,0,0,0,1,0,0,0,0,0,0,0,0
5.736572297479192,0.0,0,69,9,2.3978952727983707,2.772588722239781,0,0,0,1,0.9016393442622951,0,0,0,1,0,0,0,0,0,0,0,0,0,0,0,0,0,0,0,0,0,0,0,0,0,0,0,0,0,0,1,0,0,0,0,0,0,0,0
5.111987788356544,0.0,0,100,13,2.4849066497880004,3.4339872044851463,0,1,1,0,0.8295454545454546,0,0,0,0,0,0,0,0,0,0,0,0,0,0,0,0,0,1,0,0,0,0,0,0,0,0,0,0,0,0,1,0,0,0,0,0,0,0,0
5.303304908059076,0.0,0,52,7,6.100318952020064,4.61512051684126,0,0,0,0,0.5217391304347826,0,0,0,0,0,0,0,0,0,0,0,0,0,0,0,0,0,1,0,0,0,0,0,0,0,0,0,0,0,0,1,0,0,0,0,0,0,0,0
4.605170185988092,0.0,0,62,8,4.276666119016055,3.4339872044851463,0,1,0,0,0.5555555555555556,0,0,0,0,0,0,0,0,0,0,0,0,0,0,0,0,0,1,0,0,0,0,0,0,0,0,0,0,0,0,1,0,0,0,0,0,0,0,0
4.836281906951478,0.0,0,38,4,6.3561076606958915,4.110873864173311,0,1,0,0,0.9142857142857143,0,0,0,0,0,0,0,0,0,0,0,0,0,0,0,0,0,1,0,0,0,0,0,0,0,0,0,0,0,0,1,0,0,0,0,0,0,0,0
5.247024072160486,0.0,0,52,11,4.997212273764115,4.61512051684126,0,1,0,0,0.5,0,0,0,0,0,0,0,0,0,0,0,0,0,0,0,0,0,1,0,0,0,0,0,0,0,0,0,0,0,0,0,1,0,0,0,0,0,0,0
4.454347296253507,0.0,0,106,12,3.4657359027997265,7.613324979540639,0,1,0,0,0.5789473684210527,0,0,0,0,0,0,0,0,0,0,0,0,0,0,0,0,0,1,0,0,0,0,0,0,0,0,0,0,0,0,0,0,1,0,0,0,0,0,0
6.46302945692067,0.0,0,58,8,5.521460917862246,3.4339872044851463,0,1,0,0,0.6862745098039216,0,0,0,0,0,0,0,0,0,0,0,0,0,0,0,0,0,1,0,0,0,0,0,0,0,0,0,0,0,0,1,0,0,0,0,0,0,0,0
5.62040086571715,0.0,0,127,15,7.010311867307229,4.795790545596741,0,1,0,1,0.8230088495575221,0,0,0,0,0,0,0,0,0,0,0,0,0,0,0,0,0,1,0,0,0,0,0,0,0,0,0,0,0,0,0,1,0,0,0,0,0,0,0
5.181783550292085,0.0,0,90,10,2.9444389791664403,1.9459101490553132,0,1,0,0,0.691358024691358,0,0,0,0,0,0,0,0,0,0,0,0,0,0,0,0,0,1,0,0,0,0,0,0,0,0,0,0,0,0,1,0,0,0,0,0,0,0,0
4.983606621708336,0.0,0,89,10,6.342121418721152,0.0,0,1,0,0,0.6125,0,0,0,0,0,0,0,0,0,0,0,0,0,0,0,0,0,1,0,0,0,0,0,0,0,0,0,0,0,0,0,0,0,1,0,0,0,0,0
5.420534999272286,0.0,0,75,5,6.704414354964107,4.110873864173311,0,1,0,0,0.9565217391304348,0,0,0,0,0,0,0,0,0,0,0,0,0,0,0,0,0,1,0,0,0,0,0,0,0,0,0,0,0,0,1,0,0,0,0,0,0,0,0
5.111987788356544,0.0,0,43,6,7.628517626575055,7.613324979540639,0,0,1,0,0.5263157894736842,0,0,0,0,0,0,0,0,0,0,0,0,0,0,0,0,0,1,0,0,0,0,0,0,0,0,0,0,0,0,0,0,1,0,0,0,0,0,0
4.983606621708336,0.0,0,72,6,5.8971538676367405,0.0,0,1,0,0,0.8208955223880597,0,0,0,0,0,0,0,0,0,0,0,0,0,0,0,0,0,1,0,0,0,0,0,0,0,0,0,0,0,0,0,0,0,1,0,0,0,0,0
4.867534450455582,0.0,0,73,7,6.131226489483141,0.6931471805599453,0,1,0,0,0.9850746268656716,0,0,0,0,0,0,0,0,0,0,0,0,0,0,0,0,0,1,0,0,0,0,0,0,0,0,0,0,0,0,0,0,0,1,0,0,0,0,0
5.198497031265826,0.0,0,139,15,2.302585092994046,0.0,0,0,0,0,0.768,0,0,0,0,0,0,0,0,0,0,0,0,0,0,0,0,0,1,0,0,0,0,0,0,0,0,0,0,0,0,1,0,0,0,0,0,0,0,0
5.298317366548036,0.0,0,87,14,6.054439346269371,5.303304908059076,1,1,0,0,0.6081081081081081,0,0,0,0,0,0,0,0,0,0,0,0,0,0,0,0,0,1,0,0,0,0,0,0,0,0,0,0,0,0,1,0,0,0,0,0,0,0,0
5.331752142634274,0.0,0,83,10,5.58724865840025,0.0,0,0,0,0,0.7567567567567568,0,0,0,0,0,0,0,0,0,0,0,0,0,0,0,0,0,1,0,0,0,0,0,0,0,0,0,0,0,0,1,0,0,0,0,0,0,0,0
4.983606621708336,0.0,0,107,16,5.272999558563747,5.017279836814924,1,1,0,0,0.33707865168539325,0,0,0,0,0,0,0,0,0,0,0,0,0,0,0,0,0,1,0,0,0,0,0,0,0,0,0,0,0,0,1,0,0,0,0,0,0,0,0
5.62040086571715,0.0,0,80,13,4.6913478822291435,4.795790545596741,0,1,0,1,0.6764705882352942,0,0,0,0,0,0,0,0,0,0,0,0,0,0,0,0,0,1,0,0,0,0,0,0,0,0,0,0,0,0,0,1,0,0,0,0,0,0,0
4.382026634673881,0.0,0,38,3,0.0,0.0,0,0,0,0,1.0,0,0,0,0,0,0,0,0,0,0,0,0,0,0,0,0,0,1,0,0,0,0,0,0,0,0,0,0,0,0,0,0,0,1,0,0,0,0,0
5.19295685089021,0.0,0,127,14,6.849066282633458,4.110873864173311,0,1,0,0,0.8421052631578947,0,0,0,0,0,0,0,0,0,0,0,0,0,0,0,0,0,1,0,0,0,0,0,0,0,0,0,0,0,0,0,1,0,0,0,0,0,0,0
4.605170185988092,0.0,0,87,11,4.875197323201151,7.0909098220799835,1,1,0,0,0.39473684210526316,0,0,0,0,0,0,0,0,0,0,0,0,0,0,0,0,0,1,0,0,0,0,0,0,0,0,0,0,0,0,1,0,0,0,0,0,0,0,0
5.225746673713202,0.0,0,62,8,5.313205979041787,7.614312146452,1,1,0,1,0.2545454545454545,0,0,0,0,0,0,0,0,0,0,0,0,0,0,0,0,0,1,0,0,0,0,0,0,0,0,0,0,0,0,1,0,0,0,0,0,0,0,0
5.1298987149230735,0.0,0,84,12,5.638354669333745,3.091042453358316,0,1,0,0,0.6285714285714286,0,0,0,0,0,0,0,0,0,0,0,0,0,0,0,0,0,1,0,0,0,0,0,0,0,0,0,0,0,0,1,0,0,0,0,0,0,0,0
5.198497031265826,0.0,0,88,11,7.764296006450518,0.0,0,1,0,0,0.7307692307692307,0,0,0,0,0,0,0,0,0,0,0,0,0,0,0,0,0,1,0,0,0,0,0,0,0,0,0,0,0,0,1,0,0,0,0,0,0,0,0
4.912654885736052,0.0,0,73,9,4.248495242049359,0.0,0,0,0,0,0.7076923076923077,0,0,0,0,0,0,0,0,0,0,0,0,0,0,0,0,0,1,0,0,0,0,0,0,0,0,0,0,0,0,1,0,0,0,0,0,0,0,0
5.351858133476067,0.0,0,143,15,4.48863636973214,8.14351740579748,0,0,1,0,0.7222222222222222,0,0,0,0,0,0,0,0,0,0,0,0,0,0,0,0,0,1,0,0,0,0,0,0,0,0,0,0,0,0,0,0,1,0,0,0,0,0,0
5.198497031265826,0.0,0,117,14,5.459585514144159,4.110873864173311,0,1,0,0,0.9230769230769231,0,0,0,0,0,0,0,0,0,0,0,0,0,0,0,0,0,1,0,0,0,0,0,0,0,0,0,0,0,0,0,1,0,0,0,0,0,0,0
5.075173815233827,0.0,0,132,18,5.877735781779639,4.110873864173311,0,1,0,1,0.8508771929824561,0,0,0,0,0,0,0,0,0,0,0,0,0,0,0,0,0,1,0,0,0,0,0,0,0,0,0,0,0,0,1,0,0,0,0,0,0,0,0
4.709530201312334,0.0,0,73,14,4.836281906951478,3.4339872044851463,0,1,0,0,0.5,0,0,0,0,0,0,0,0,0,0,0,0,0,0,0,0,0,1,0,0,0,0,0,0,0,0,0,0,0,0,1,0,0,0,0,0,0,0,0
5.0106352940962555,0.0,0,156,21,7.249925536717988,3.4339872044851463,0,1,0,0,0.7205882352941176,0,0,0,0,0,0,0,0,0,0,0,0,0,0,0,0,0,1,0,0,0,0,0,0,0,0,0,0,0,0,1,0,0,0,0,0,0,0,0
5.3230099791384085,0.0,0,62,14,9.210340371976184,3.828641396489095,1,1,0,0,0.375,0,0,0,0,0,0,0,0,0,0,0,0,0,0,0,0,0,1,0,0,0,0,0,0,0,0,0,0,0,0,0,0,1,0,0,0,0,0,0
5.198497031265826,0.0,0,128,10,2.4849066497880004,2.3978952727983707,0,1,0,0,0.9831932773109243,0,0,0,0,0,0,0,0,0,0,0,0,0,0,0,0,0,1,0,0,0,0,0,0,0,0,0,0,0,0,1,0,0,0,0,0,0,0,0
5.476463551931511,0.0,0,103,12,5.209486152841421,8.036249942132116,0,1,0,0,0.6304347826086957,0,0,0,0,0,0,0,0,0,0,0,0,0,0,0,0,0,1,0,0,0,0,0,0,0,0,0,0,0,0,1,0,0,0,0,0,0,0,0
5.62040086571715,0.0,0,95,16,5.560681631015528,4.795790545596741,0,1,0,1,0.7125,0,0,0,0,0,0,0,0,0,0,0,0,0,0,0,0,0,1,0,0,0,0,0,0,0,0,0,0,0,0,0,1,0,0,0,0,0,0,0
5.351858133476067,0.0,0,65,11,7.939871576361883,4.61512051684126,0,1,0,0,0.6981132075471698,0,0,0,0,0,0,0,0,0,0,0,0,0,0,0,0,0,1,0,0,0,0,0,0,0,0,0,0,0,0,1,0,0,0,0,0,0,0,0
4.2626798770413155,0.0,0,27,5,7.503289630675082,4.61512051684126,0,1,0,0,0.0,0,0,0,0,0,0,0,0,0,0,0,0,0,0,0,0,0,1,0,0,0,0,0,0,0,0,0,0,0,0,1,0,0,0,0,0,0,0,0
6.329720905522696,0.0,0,129,18,5.831882477283517,4.110873864173311,0,1,0,0,0.875,0,0,0,0,0,0,0,0,0,0,0,0,0,0,0,0,0,1,0,0,0,0,0,0,0,0,0,0,0,0,1,0,0,0,0,0,0,0,0
5.476463551931511,0.0,0,98,12,7.039660349862076,6.90875477931522,1,1,0,0,0.6666666666666666,0,0,0,0,0,0,0,0,0,0,0,0,0,0,0,0,0,1,0,0,0,0,0,0,0,0,0,0,0,0,1,0,0,0,0,0,0,0,0
6.111467339502679,0.0,0,45,5,0.0,0.0,0,0,1,0,0.5853658536585366,0,0,0,0,0,0,0,0,0,0,0,0,0,0,0,0,0,1,0,0,0,0,0,0,0,0,0,0,0,0,1,0,0,0,0,0,0,0,0
6.621405651764134,0.0,0,57,9,1.9459101490553132,1.9459101490553132,0,1,0,0,0.8367346938775511,0,0,0,0,0,0,0,0,0,0,0,0,0,0,0,0,0,1,0,0,0,0,0,0,0,0,0,0,0,0,0,0,0,0,0,0,1,0,0
7.02197642307216,0.0,0,76,12,1.9459101490553132,4.61512051684126,0,1,1,0,0.8153846153846154,0,0,0,0,0,0,0,0,0,0,0,0,0,0,0,0,0,1,0,0,0,0,0,0,0,0,0,0,0,0,0,0,0,0,0,0,1,0,0
5.602118820879701,0.0,0,38,7,0.0,6.90875477931522,1,1,0,0,0.125,0,0,0,0,0,0,0,0,0,0,0,0,0,0,0,0,0,1,0,0,0,0,0,0,0,0,0,0,0,0,1,0,0,0,0,0,0,0,0
5.5254529391317835,0.0,0,52,3,1.9459101490553132,0.0,0,0,0,0,1.0,0,0,0,0,0,0,0,0,0,0,0,0,0,0,0,0,0,1,0,0,0,0,0,0,0,0,0,0,0,0,0,0,0,1,0,0,0,0,0
4.948759890378168,0.0,0,131,11,0.0,0.0,1,0,0,0,0.8099173553719008,0,0,0,0,0,0,0,0,0,0,0,0,0,0,0,0,0,1,0,0,0,0,0,0,0,0,0,0,0,0,1,0,0,0,0,0,0,0,0
7.969357742016346,0.0,0,119,18,0.0,5.484796933490655,0,1,0,0,0.6274509803921569,0,0,0,0,0,0,0,0,0,0,0,0,0,0,0,0,0,1,0,0,0,0,0,0,0,0,0,0,0,0,1,0,0,0,0,0,0,0,0
5.225746673713202,0.0,0,24,3,0.0,0.0,0,0,0,0,1.0,0,0,0,0,0,0,0,0,0,0,0,0,0,0,0,0,0,1,0,0,0,0,0,0,0,0,0,0,0,0,1,0,0,0,0,0,0,0,0
6.478509642208569,0.0,0,122,17,3.4965075614664802,7.842278779117352,1,1,1,0,0.5754716981132075,0,0,0,0,0,0,0,0,0,0,0,0,0,0,0,0,0,1,0,0,0,0,0,0,0,0,0,0,0,0,0,0,1,0,0,0,0,0,0
6.338594078203183,0.0,0,71,11,0.0,4.330733340286331,0,1,0,0,0.29508196721311475,0,0,0,0,0,0,0,0,0,0,0,0,0,0,0,0,0,1,0,0,0,0,0,0,0,0,0,0,0,0,1,0,0,0,0,0,0,0,0
5.135798437050262,0.0,0,34,6,0.0,2.3978952727983707,0,1,0,0,0.5517241379310345,0,0,0,0,0,0,0,0,0,0,0,0,0,0,0,0,0,1,0,0,0,0,0,0,0,0,0,0,0,0,0,0,0,1,0,0,0,0,0
4.912654885736052,0.0,0,49,6,3.295836866004329,0.0,0,0,0,0,0.7727272727272727,0,0,0,0,0,0,0,0,0,0,0,0,0,0,0,0,0,1,0,0,0,0,0,0,0,0,0,0,0,0,1,0,0,0,0,0,0,0,0
5.0106352940962555,0.0,0,134,21,0.0,6.2166061010848646,0,1,0,0,0.5263157894736842,0,0,0,0,0,0,0,0,0,0,0,0,0,0,0,0,0,1,0,0,0,0,0,0,0,0,0,0,0,0,0,0,0,1,0,0,0,0,0
5.521460917862246,0.0,0,25,1,0.0,0.0,0,0,0,0,1.0,0,0,0,0,0,0,0,0,0,0,0,0,0,0,0,0,0,1,0,0,0,0,0,0,0,0,0,0,0,0,0,0,0,1,0,0,0,0,0
4.61512051684126,0.0,0,53,4,0.0,0.0,0,0,0,0,1.0,0,0,0,0,0,0,0,0,0,0,0,0,0,0,0,0,0,1,0,0,0,0,0,0,0,0,0,0,0,0,0,0,0,1,0,0,0,0,0
3.9318256327243257,0.0,0,25,1,0.0,0.0,0,0,0,0,1.0,0,0,0,0,0,0,0,0,0,0,0,0,0,0,0,0,0,1,0,0,0,0,0,0,0,0,0,0,0,0,1,0,0,0,0,0,0,0,0
5.981414211254481,0.0,0,64,8,0.0,3.4339872044851463,0,1,0,0,0.7719298245614035,0,0,0,0,0,0,0,0,0,0,0,0,0,0,0,0,0,1,0,0,0,0,0,0,0,0,0,0,0,0,1,0,0,0,0,0,0,0,0
7.43307534889858,0.0,0,59,10,2.302585092994046,0.6931471805599453,0,0,0,1,0.52,0,0,0,0,0,0,0,0,0,0,0,0,0,0,0,0,0,1,0,0,0,0,0,0,0,0,0,0,0,0,0,0,0,0,1,0,0,0,0
5.393627546352362,0.0,0,84,7,3.4657359027997265,0.0,1,0,0,0,0.7564102564102564,0,0,0,0,0,0,0,0,0,0,0,0,0,0,0,0,0,1,0,0,0,0,0,0,0,0,0,0,0,0,1,0,0,0,0,0,0,0,0
5.298317366548036,0.0,0,65,7,0.0,4.61512051684126,1,0,0,0,0.3898305084745763,0,0,0,0,0,0,0,0,0,0,0,0,0,0,0,0,0,1,0,0,0,0,0,0,0,0,0,0,0,0,1,0,0,0,0,0,0,0,0
5.278114659230517,0.0,0,66,10,0.0,4.110873864173311,0,0,0,0,0.38596491228070173,0,0,0,0,0,0,0,0,0,0,0,0,0,0,0,0,0,1,0,0,0,0,0,0,0,0,0,0,0,0,1,0,0,0,0,0,0,0,0
6.551080335043404,0.0,0,44,8,1.9459101490553132,4.574710978503383,0,1,0,0,0.0,0,0,0,0,0,0,0,0,0,0,0,0,0,0,0,0,0,1,0,0,0,0,0,0,0,0,0,0,0,0,0,0,0,0,0,0,1,0,0
5.187385805840755,0.0,0,92,11,2.0794415416798357,4.110873864173311,0,0,0,0,0.5121951219512195,0,0,0,0,0,0,0,0,0,0,0,0,0,0,0,0,0,1,0,0,0,0,0,0,0,0,0,0,0,0,1,0,0,0,0,0,0,0,0
5.0689042022202315,0.0,0,97,13,2.70805020110221,0.0,0,1,0,0,0.4117647058823529,0,0,0,0,0,0,0,0,0,0,0,0,0,0,0,0,0,1,0,0,0,0,0,0,0,0,0,0,0,0,1,0,0,0,0,0,0,0,0
5.860786223465865,0.0,0,20,2,0.0,0.0,0,0,0,0,0.5789473684210527,0,0,0,0,0,0,0,0,0,0,0,0,0,0,0,0,0,1,0,0,0,0,0,0,0,0,0,0,0,0,0,0,0,0,0,0,1,0,0
6.175867270105761,0.0,0,39,5,3.6635616461296463,7.613818684808629,1,1,0,0,0.0,0,0,0,0,0,0,0,0,0,0,0,0,0,0,0,0,0,1,0,0,0,0,0,0,0,0,0,0,0,0,1,0,0,0,0,0,0,0,0
5.153291594497779,0.0,0,90,17,2.9444389791664403,5.303304908059076,1,1,0,0,0.5945945945945946,0,0,0,0,0,0,0,0,0,0,0,0,0,0,0,0,0,1,0,0,0,0,0,0,0,0,0,0,0,0,1,0,0,0,0,0,0,0,0
5.771441123130016,0.0,0,81,11,0.0,2.5649493574615367,0,0,0,0,0.8028169014084507,0,0,0,0,0,0,0,0,0,0,0,0,0,0,0,0,0,1,0,0,0,0,0,0,0,0,0,0,0,0,0,0,0,0,0,0,1,0,0
5.755742213586912,0.0,0,33,5,0.0,1.9459101490553132,0,0,0,0,0.6206896551724138,0,0,0,0,0,0,0,0,0,0,0,0,0,0,0,0,0,1,0,0,0,0,0,0,0,0,0,0,0,0,0,0,0,0,0,0,1,0,0
5.857933154483459,0.0,0,62,8,1.791759469228055,0.0,0,0,1,0,0.5925925925925926,0,0,0,0,0,0,0,0,0,0,0,0,0,0,0,0,0,1,0,0,0,0,0,0,0,0,0,0,0,0,1,0,0,0,0,0,0,0,0
4.709530201312334,0.0,0,96,15,0.0,7.824445930877619,1,0,0,0,0.4024390243902439,0,0,0,0,0,0,0,0,0,0,0,0,0,0,0,0,0,1,0,0,0,0,0,0,0,0,0,0,0,0,1,0,0,0,0,0,0,0,0
7.576097340623111,0.0,0,141,16,0.0,2.4849066497880004,0,0,0,1,0.8888888888888888,0,0,0,0,0,0,0,0,0,0,0,0,0,0,0,0,0,1,0,0,0,0,0,0,0,0,0,0,0,0,1,0,0,0,0,0,0,0,0
3.912023005428146,0.0,0,108,14,3.2188758248682006,3.4339872044851463,1,1,0,0,0.7263157894736842,0,0,0,0,0,0,0,0,0,0,0,0,0,0,0,0,0,1,0,0,0,0,0,0,0,0,0,0,0,0,1,0,0,0,0,0,0,0,0
5.5254529391317835,0.0,0,102,14,0.0,6.2166061010848646,1,0,1,0,0.5280898876404494,0,0,0,0,0,0,0,0,0,0,0,0,0,0,0,0,0,1,0,0,0,0,0,0,0,0,0,0,0,0,1,0,0,0,0,0,0,0,0
6.792344427470809,0.0,0,36,5,0.0,2.3978952727983707,0,0,1,0,0.5,0,0,0,0,0,0,0,0,0,0,0,0,0,0,0,0,0,1,0,0,0,0,0,0,0,0,0,0,0,0,1,0,0,0,0,0,0,0,0
4.564348191467836,0.0,0,110,10,1.9459101490553132,0.0,0,1,1,0,0.8217821782178217,0,0,0,0,0,0,0,0,0,0,0,0,0,0,0,0,0,1,0,0,0,0,0,0,0,0,0,0,0,0,1,0,0,0,0,0,0,0,0
4.330733340286331,0.0,0,28,3,4.912654885736052,0.0,0,0,0,0,0.46153846153846156,0,0,0,0,0,0,0,0,0,0,0,0,0,0,0,0,0,1,0,0,0,0,0,0,0,0,0,0,0,0,1,0,0,0,0,0,0,0,0
4.499809670330265,0.0,0,18,2,0.0,0.0,0,0,0,0,1.0,0,0,0,0,0,0,0,0,0,0,0,0,0,0,0,0,0,1,0,0,0,0,0,0,0,0,0,0,0,0,0,0,0,1,0,0,0,0,0
4.787491742782046,0.0,0,60,8,0.0,3.044522437723423,0,1,0,0,0.7924528301886793,0,0,0,0,0,0,0,0,0,0,0,0,0,0,0,0,0,1,0,0,0,0,0,0,0,0,0,0,0,0,1,0,0,0,0,0,0,0,0
4.2626798770413155,0.0,0,27,5,7.503289630675082,4.61512051684126,0,1,0,0,0.0,0,0,0,0,0,0,0,0,0,0,0,0,0,0,0,0,0,1,0,0,0,0,0,0,0,0,0,0,0,0,1,0,0,0,0,0,0,0,0
6.19644412779452,0.0,0,102,14,0.0,6.2166061010848646,1,0,1,0,0.5280898876404494,0,0,0,0,0,0,0,0,0,0,0,0,0,0,0,0,0,1,0,0,0,0,0,0,0,0,0,0,0,0,1,0,0,0,0,0,0,0,0
6.19644412779452,0.0,0,45,5,0.0,0.0,0,0,1,0,0.5853658536585366,0,0,0,0,0,0,0,0,0,0,0,0,0,0,0,0,0,1,0,0,0,0,0,0,0,0,0,0,0,0,1,0,0,0,0,0,0,0,0
5.91350300563827,0.0,0,60,3,0.0,7.614312146452,0,1,0,0,0.5862068965517241,0,0,0,0,0,0,0,1,0,0,0,0,0,0,0,0,0,0,0,0,0,0,0,0,0,0,0,0,0,0,0,0,0,0,0,0,1,0,0
8.253227645581772,0.0,0,115,7,0.0,1.3862943611198906,0,0,0,1,0.7889908256880734,0,0,0,0,0,0,0,1,0,0,0,0,0,0,0,0,0,0,0,0,0,0,0,0,0,0,0,0,0,0,1,0,0,0,0,0,0,0,0
5.940171252720432,0.0,0,31,6,2.302585092994046,1.9459101490553132,0,1,0,0,0.6923076923076923,0,0,0,0,0,0,0,1,0,0,0,0,0,0,0,0,0,0,0,0,0,0,0,0,0,0,0,0,0,0,0,0,0,0,0,0,1,0,0
5.521460917862246,0.0,0,120,12,0.0,3.9512437185814275,0,0,0,0,0.7889908256880734,0,0,0,0,0,0,0,1,0,0,0,0,0,0,0,0,0,0,0,0,0,0,0,0,0,0,0,0,0,0,1,0,0,0,0,0,0,0,0
7.496097345175956,0.0,0,116,12,0.0,3.9512437185814275,0,0,0,1,0.7714285714285715,0,0,0,0,0,0,0,1,0,0,0,0,0,0,0,0,0,0,0,0,0,0,0,0,0,0,0,0,0,0,1,0,0,0,0,0,0,0,0
6.19644412779452,0.0,0,51,5,0.0,0.0,0,0,0,0,0.6808510638297872,0,0,0,0,0,0,0,1,0,0,0,0,0,0,0,0,0,0,0,0,0,0,0,0,0,0,0,0,0,0,1,0,0,0,0,0,0,0,0
7.3777589082278725,0.0,0,90,10,0.0,1.3862943611198906,0,0,0,0,0.7901234567901234,0,0,0,0,0,0,0,1,0,0,0,0,0,0,0,0,0,0,0,0,0,0,0,0,0,0,0,0,0,0,1,0,0,0,0,0,0,0,0
7.3777589082278725,0.0,0,104,8,0.0,1.3862943611198906,0,0,0,0,0.8350515463917526,0,0,0,0,0,0,0,1,0,0,0,0,0,0,0,0,0,0,0,0,0,0,0,0,0,0,0,0,0,0,1,0,0,0,0,0,0,0,0
8.253227645581772,0.0,0,102,8,1.791759469228055,1.3862943611198906,0,0,0,0,0.8315789473684211,0,0,0,0,0,0,0,1,0,0,0,0,0,0,0,0,0,0,0,0,0,0,0,0,0,0,0,0,0,0,1,0,0,0,0,0,0,0,0
7.208600337960199,0.0,0,25,4,0.0,4.51085950651685,0,1,0,1,0.36363636363636365,0,0,0,0,0,0,0,1,0,0,0,0,0,0,0,0,0,0,0,0,0,0,0,0,0,0,0,0,0,0,1,0,0,0,0,0,0,0,0
5.442417710521793,0.0,0,98,12,0.0,0.6931471805599453,0,1,0,1,0.896551724137931,0,0,0,0,0,0,0,1,0,0,0,0,0,0,0,0,0,0,0,0,0,0,0,0,0,0,0,0,0,0,1,0,0,0,0,0,0,0,0
5.075173815233827,0.0,0,147,20,0.0,6.398594934535208,1,1,0,0,0.703125,0,0,0,0,0,0,0,1,0,0,0,0,0,0,0,0,0,0,0,0,0,0,0,0,0,0,0,0,0,0,0,0,0,1,0,0,0,0,0
3.258096538021482,0.0,0,84,9,0.0,1.9459101490553132,0,1,0,1,0.7763157894736842,0,0,0,0,0,0,0,1,0,0,0,0,0,0,0,0,0,0,0,0,0,0,0,0,0,0,0,0,0,0,0,0,0,0,0,0,1,0,0
6.878326468291325,0.0,0,47,7,0.0,2.3978952727983707,0,1,0,0,0.8292682926829268,0,0,0,0,0,0,0,1,0,0,0,0,0,0,0,0,0,0,0,0,0,0,0,0,0,0,0,0,0,0,0,0,0,0,0,0,1,0,0
5.860786223465865,0.0,0,152,18,3.9889840465642745,1.3862943611198906,1,0,0,0,0.762962962962963,0,0,0,0,0,0,0,1,0,0,0,0,0,0,0,0,0,0,0,0,0,0,0,0,0,0,0,0,0,0,1,0,0,0,0,0,0,0,0
5.860786223465865,0.0,0,138,19,0.0,0.6931471805599453,0,0,0,1,0.7583333333333333,0,0,0,0,0,0,0,1,0,0,0,0,0,0,0,0,0,0,0,0,0,0,0,0,0,0,0,0,0,0,1,0,0,0,0,0,0,0,0
5.991464547107982,0.0,0,42,8,0.0,4.2626798770413155,0,1,0,1,0.17142857142857143,0,0,0,0,0,0,0,1,0,0,0,0,0,0,0,0,0,0,0,0,0,0,0,0,0,0,0,0,0,0,1,0,0,0,0,0,0,0,0
6.386037214049723,0.0,0,65,6,2.6390573296152584,2.3978952727983707,0,0,0,0,0.9666666666666667,0,0,0,0,0,0,0,1,0,0,0,0,0,0,0,0,0,0,0,0,0,0,0,0,0,0,0,0,0,0,1,0,0,0,0,0,0,0,0
8.253227645581772,0.0,0,82,14,0.0,1.3862943611198906,0,0,0,0,0.39705882352941174,0,0,0,0,0,0,0,1,0,0,0,0,0,0,0,0,0,0,0,0,0,0,0,0,0,0,0,0,0,0,1,0,0,0,0,0,0,0,0
8.253227645581772,0.0,0,65,12,0.0,1.0986122886681098,0,0,0,0,0.35185185185185186,0,0,0,0,0,0,0,1,0,0,0,0,0,0,0,0,0,0,0,0,0,0,0,0,0,0,0,0,0,0,1,0,0,0,0,0,0,0,0
7.8628820346414905,0.0,0,64,11,0.0,1.3862943611198906,0,0,0,0,0.2777777777777778,0,0,0,0,0,0,0,1,0,0,0,0,0,0,0,0,0,0,0,0,0,0,0,0,0,0,0,0,0,0,1,0,0,0,0,0,0,0,0
8.253227645581772,0.0,0,84,14,0.0,1.3862943611198906,0,0,0,0,0.38571428571428573,0,0,0,0,0,0,0,1,0,0,0,0,0,0,0,0,0,0,0,0,0,0,0,0,0,0,0,0,0,0,1,0,0,0,0,0,0,0,0
8.253227645581772,0.0,0,97,18,0.0,0.6931471805599453,0,0,0,0,0.3125,0,0,0,0,0,0,0,1,0,0,0,0,0,0,0,0,0,0,0,0,0,0,0,0,0,0,0,0,0,0,1,0,0,0,0,0,0,0,0
8.253227645581772,0.0,0,84,14,0.0,1.3862943611198906,0,0,0,0,0.38571428571428573,0,0,0,0,0,0,0,1,0,0,0,0,0,0,0,0,0,0,0,0,0,0,0,0,0,0,0,0,0,0,1,0,0,0,0,0,0,0,0
7.3777589082278725,0.0,0,96,12,2.302585092994046,3.4339872044851463,1,1,0,0,0.7764705882352941,0,0,0,0,0,0,0,1,0,0,0,0,0,0,0,0,0,0,0,0,0,0,0,0,0,0,0,0,0,0,1,0,0,0,0,0,0,0,0
7.8628820346414905,0.0,0,66,11,0.0,1.3862943611198906,0,0,0,0,0.26785714285714285,0,0,0,0,0,0,0,1,0,0,0,0,0,0,0,0,0,0,0,0,0,0,0,0,0,0,0,0,0,0,1,0,0,0,0,0,0,0,0
5.886104031450156,0.0,0,55,9,3.4011973816621555,0.0,0,1,0,0,0.3191489361702128,0,0,0,0,0,0,0,1,0,0,0,0,0,0,0,0,0,0,0,0,0,0,0,0,0,0,0,0,0,0,0,0,0,0,0,0,1,0,0
5.886104031450156,0.0,0,55,9,0.0,0.0,0,1,0,0,0.3191489361702128,0,0,0,0,0,0,0,1,0,0,0,0,0,0,0,0,0,0,0,0,0,0,0,0,0,0,0,0,0,0,0,0,0,0,0,0,1,0,0
4.564348191467836,0.0,0,67,7,0.0,0.0,0,0,0,0,0.8688524590163934,0,0,0,0,0,0,0,1,0,0,0,0,0,0,0,0,0,0,0,0,0,0,0,0,0,0,0,0,0,0,0,0,0,0,1,0,0,0,0
4.454347296253507,0.0,0,22,4,0.0,0.0,0,0,0,0,0.7368421052631579,0,0,0,0,0,0,0,1,0,0,0,0,0,0,0,0,0,0,0,0,0,0,0,0,0,0,0,0,0,0,1,0,0,0,0,0,0,0,0
5.968707559985366,0.0,0,45,8,0.0,4.61512051684126,0,1,1,0,0.7631578947368421,0,0,0,0,0,0,0,1,0,0,0,0,0,0,0,0,0,0,0,0,0,0,0,0,0,0,0,0,0,0,0,0,1,0,0,0,0,0,0
5.187385805840755,0.0,0,62,12,0.0,1.9459101490553132,0,1,0,0,0.6274509803921569,0,0,0,0,0,0,0,1,0,0,0,0,0,0,0,0,0,0,0,0,0,0,0,0,0,0,0,0,0,0,1,0,0,0,0,0,0,0,0
6.802394763324311,0.0,0,79,8,0.0,0.0,0,0,1,0,0.7361111111111112,0,0,0,0,0,0,0,1,0,0,0,0,0,0,0,0,0,0,0,0,0,0,0,0,0,0,0,0,0,0,1,0,0,0,0,0,0,0,0
4.04305126783455,0.0,0,102,11,0.0,1.0986122886681098,0,1,0,0,0.7717391304347826,0,0,0,0,0,0,0,1,0,0,0,0,0,0,0,0,0,0,0,0,0,0,0,0,0,0,0,0,0,0,1,0,0,0,0,0,0,0,0
3.4011973816621555,0.0,0,103,11,0.0,1.6094379124341003,0,1,0,0,0.7741935483870968,0,0,0,0,0,0,0,1,0,0,0,0,0,0,0,0,0,0,0,0,0,0,0,0,0,0,0,0,0,0,1,0,0,0,0,0,0,0,0
3.4339872044851463,0.0,0,89,10,1.9459101490553132,1.6094379124341003,0,1,0,0,0.7375,0,0,0,0,0,0,0,1,0,0,0,0,0,0,0,0,0,0,0,0,0,0,0,0,0,0,0,0,0,0,1,0,0,0,0,0,0,0,0
5.1298987149230735,0.0,0,97,12,3.7612001156935624,1.9459101490553132,0,1,0,0,0.7209302325581395,0,0,0,0,0,0,0,1,0,0,0,0,0,0,0,0,0,0,0,0,0,0,0,0,0,0,0,0,0,0,1,0,0,0,0,0,0,0,0
6.111467339502679,0.0,0,43,6,0.0,0.0,0,0,0,0,0.1891891891891892,0,0,0,0,0,0,0,1,0,0,0,0,0,0,0,0,0,0,0,0,0,0,0,0,0,0,0,0,0,0,0,0,0,0,0,0,1,0,0
6.111467339502679,0.0,0,51,6,1.9459101490553132,5.993961427306569,0,1,0,0,0.5217391304347826,0,0,0,0,0,0,0,1,0,0,0,0,0,0,0,0,0,0,0,0,0,0,0,0,0,0,0,0,0,0,0,0,0,0,0,0,1,0,0
4.584967478670572,0.0,0,106,10,0.0,3.4339872044851463,0,1,1,1,0.9157894736842105,0,0,0,0,0,0,0,1,0,0,0,0,0,0,0,0,0,0,0,0,0,0,0,0,0,0,0,0,0,0,1,0,0,0,0,0,0,0,0
4.976733742420574,0.0,0,53,10,1.9459101490553132,1.9459101490553132,0,1,0,0,0.6363636363636364,0,0,0,0,0,0,0,1,0,0,0,0,0,0,0,0,0,0,0,0,0,0,0,0,0,0,0,0,0,0,1,0,0,0,0,0,0,0,0
5.187385805840755,0.0,0,127,13,2.0794415416798357,4.61512051684126,0,1,1,0,0.8608695652173913,0,0,0,0,0,0,0,1,0,0,0,0,0,0,0,0,0,0,0,0,0,0,0,0,0,0,0,0,0,0,0,0,0,1,0,0,0,0,0
5.181783550292085,0.0,0,95,11,5.4510384535657,1.9459101490553132,0,1,0,0,0.6705882352941176,0,0,0,0,0,0,0,1,0,0,0,0,0,0,0,0,0,0,0,0,0,0,0,0,0,0,0,0,0,0,1,0,0,0,0,0,0,0,0
6.493753839851686,0.0,0,110,11,0.0,2.3978952727983707,0,0,0,0,0.96,0,0,0,0,0,0,0,1,0,0,0,0,0,0,0,0,0,0,0,0,0,0,0,0,0,0,0,0,0,0,1,0,0,0,0,0,0,0,0
7.002155954403621,0.0,0,96,13,4.477336814478207,3.4339872044851463,0,1,0,0,0.25,0,0,0,0,0,0,0,1,0,0,0,0,0,0,0,0,0,0,0,0,0,0,0,0,0,0,0,0,0,0,0,0,0,0,1,0,0,0,0
5.365040998590945,0.0,0,109,11,2.4849066497880004,2.3978952727983707,0,0,0,0,0.9595959595959596,0,0,0,0,0,0,0,1,0,0,0,0,0,0,0,0,0,0,0,0,0,0,0,0,0,0,0,0,0,0,1,0,0,0,0,0,0,0,0
3.1780538303479458,0.0,0,79,10,9.210340371976184,3.044522437723423,0,1,0,0,0.7714285714285715,0,0,0,0,0,0,0,1,0,0,0,0,0,0,0,0,0,0,0,0,0,0,0,0,0,0,0,0,0,0,0,0,0,0,0,0,1,0,0
5.19295685089021,0.0,0,128,14,4.454347296253507,1.6094379124341003,0,1,0,0,0.9130434782608695,0,0,0,0,0,0,0,1,0,0,0,0,0,0,0,0,0,0,0,0,0,0,0,0,0,0,0,0,0,0,1,0,0,0,0,0,0,0,0
5.272999558563747,0.0,0,82,10,6.508769136971682,1.6094379124341003,0,1,0,0,0.8082191780821918,0,0,0,0,0,0,0,1,0,0,0,0,0,0,0,0,0,0,0,0,0,0,0,0,0,0,0,0,0,0,0,0,0,0,0,0,1,0,0
5.484796933490655,0.0,0,86,8,0.0,4.61512051684126,0,1,1,0,0.9473684210526315,0,0,0,0,0,0,0,1,0,0,0,0,0,0,0,0,0,0,0,0,0,0,0,0,0,0,0,0,0,0,0,0,1,0,0,0,0,0,0
4.663439094112067,0.0,0,110,17,8.02322468471667,7.613818684808629,0,1,0,0,0.5531914893617021,0,0,0,0,0,0,0,1,0,0,0,0,0,0,0,0,0,0,0,0,0,0,0,0,0,0,0,0,0,0,1,0,0,0,0,0,0,0,0
5.225746673713202,0.0,0,76,10,3.044522437723423,2.5649493574615367,0,1,0,0,0.7014925373134329,0,0,0,0,0,0,0,1,0,0,0,0,0,0,0,0,0,0,0,0,0,0,0,0,0,0,0,0,0,0,0,1,0,0,0,0,0,0,0
5.081404364984463,0.0,0,50,8,5.634789603169249,1.791759469228055,0,1,0,0,0.5348837209302325,0,0,0,0,0,0,0,1,0,0,0,0,0,0,0,0,0,0,0,0,0,0,0,0,0,0,0,0,0,0,1,0,0,0,0,0,0,0,0
5.017279836814924,0.0,0,123,16,7.232733136177615,5.017279836814924,1,0,0,0,0.6018518518518519,0,0,0,0,0,0,0,1,0,0,0,0,0,0,0,0,0,0,0,0,0,0,0,0,0,0,0,0,0,0,1,0,0,0,0,0,0,0,0
5.5254529391317835,0.0,0,89,13,4.804021044733257,5.303304908059076,0,1,0,1,0.8311688311688312,0,0,0,0,0,0,0,1,0,0,0,0,0,0,0,0,0,0,0,0,0,0,0,0,0,0,0,0,0,0,1,0,0,0,0,0,0,0,0
6.906754778648554,0.0,0,80,9,6.282266746896006,0.0,0,0,0,0,0.6619718309859155,0,0,0,0,0,0,0,1,0,0,0,0,0,0,0,0,0,0,0,0,0,0,0,0,0,0,0,0,0,0,1,0,0,0,0,0,0,0,0
5.075173815233827,0.0,0,60,8,4.127134385045092,0.6931471805599453,0,0,0,0,0.5283018867924528,0,0,0,0,0,0,0,1,0,0,0,0,0,0,0,0,0,0,0,0,0,0,0,0,0,0,0,0,0,0,1,0,0,0,0,0,0,0,0
5.673323267171493,0.0,0,145,18,4.394449154672439,0.6931471805599453,0,0,0,1,0.8046875,0,0,0,0,0,0,0,1,0,0,0,0,0,0,0,0,0,0,0,0,0,0,0,0,0,0,0,0,0,0,1,0,0,0,0,0,0,0,0
5.198497031265826,0.0,0,86,10,0.0,0.0,0,0,0,0,0.7662337662337663,0,0,0,0,0,0,0,1,0,0,0,0,0,0,0,0,0,0,0,0,0,0,0,0,0,0,0,0,0,0,0,0,1,0,0,0,0,0,0
5.198497031265826,0.0,0,37,4,2.0794415416798357,0.0,0,0,0,0,1.0,0,0,0,0,0,0,0,1,0,0,0,0,0,0,0,0,0,0,0,0,0,0,0,0,0,0,0,0,0,0,1,0,0,0,0,0,0,0,0
4.962844630259907,0.0,0,75,11,6.625392368007956,2.3978952727983707,0,1,0,0,0.8153846153846154,0,0,0,0,0,0,0,1,0,0,0,0,0,0,0,0,0,0,0,0,0,0,0,0,0,0,0,0,0,0,1,0,0,0,0,0,0,0,0
6.478509642208569,0.0,0,59,9,5.631211781821365,9.105090961257085,0,1,0,0,0.0,0,0,0,0,0,0,0,1,0,0,0,0,0,0,0,0,0,0,0,0,0,0,0,0,0,0,0,0,0,0,1,0,0,0,0,0,0,0,0
5.262690188904886,0.0,0,44,5,0.0,0.0,0,0,0,0,0.575,0,0,0,0,0,0,0,1,0,0,0,0,0,0,0,0,0,0,0,0,0,0,0,0,0,0,0,0,0,0,0,0,0,0,0,0,1,0,0
5.420534999272286,0.0,0,68,10,4.955827057601261,7.613324979540639,0,1,1,0,0.4915254237288136,0,0,0,0,0,0,0,1,0,0,0,0,0,0,0,0,0,0,0,0,0,0,0,0,0,0,0,0,0,0,0,0,1,0,0,0,0,0,0
5.556828061699537,0.0,0,74,9,5.749392985908253,1.791759469228055,0,1,0,1,0.8787878787878788,0,0,0,0,0,0,0,1,0,0,0,0,0,0,0,0,0,0,0,0,0,0,0,0,0,0,0,0,0,0,1,0,0,0,0,0,0,0,0
5.3981627015177525,0.0,0,90,7,0.0,2.3978952727983707,0,1,0,0,0.7023809523809523,0,0,0,0,0,0,0,1,0,0,0,0,0,0,0,0,0,0,0,0,0,0,0,0,0,0,0,0,0,0,0,0,0,0,0,0,1,0,0
5.198497031265826,0.0,0,101,8,0.0,0.0,0,1,0,0,0.8191489361702128,0,0,0,0,0,0,0,1,0,0,0,0,0,0,0,0,0,0,0,0,0,0,0,0,0,0,0,0,0,0,1,0,0,0,0,0,0,0,0
5.303304908059076,0.0,0,202,21,0.0,0.0,0,0,1,1,0.9085714285714286,0,0,0,0,0,0,0,1,0,0,0,0,0,0,0,0,0,0,0,0,0,0,0,0,0,0,0,0,0,0,1,0,0,0,0,0,0,0,0
5.049856007249537,0.0,0,65,11,4.68213122712422,2.3978952727983707,0,1,0,1,0.7636363636363637,0,0,0,0,0,0,0,1,0,0,0,0,0,0,0,0,0,0,0,0,0,0,0,0,0,0,0,0,0,0,0,0,0,0,0,0,1,0,0
5.075173815233827,0.0,0,123,20,4.74493212836325,5.707110264748875,1,1,0,0,0.7307692307692307,0,0,0,0,0,0,0,1,0,0,0,0,0,0,0,0,0,0,0,0,0,0,0,0,0,0,0,0,0,0,1,0,0,0,0,0,0,0,0
6.19644412779452,0.0,0,139,15,0.0,2.3978952727983707,0,1,0,0,0.864,0,0,0,0,0,0,0,1,0,0,0,0,0,0,0,0,0,0,0,0,0,0,0,0,0,0,0,0,0,0,0,0,0,0,1,0,0,0,0
5.5254529391317835,0.0,0,141,13,6.645090969505644,0.6931471805599453,0,0,0,0,0.8217054263565892,0,0,0,0,0,0,0,1,0,0,0,0,0,0,0,0,0,0,0,0,0,0,0,0,0,0,0,0,0,0,1,0,0,0,0,0,0,0,0
5.438079308923196,0.0,0,115,18,4.77912349311153,2.3978952727983707,0,1,0,0,0.6836734693877551,0,0,0,0,0,0,0,1,0,0,0,0,0,0,0,0,0,0,0,0,0,0,0,0,0,0,0,0,0,0,1,0,0,0,0,0,0,0,0
5.0689042022202315,0.0,0,104,14,5.3706380281276624,5.5254529391317835,1,0,1,0,0.5274725274725275,0,0,0,0,0,0,0,1,0,0,0,0,0,0,0,0,0,0,0,0,0,0,0,0,0,0,0,0,0,0,0,0,0,1,0,0,0,0,0
5.19295685089021,0.0,0,116,15,3.5263605246161616,4.110873864173311,0,1,0,0,0.9019607843137255,0,0,0,0,0,0,0,1,0,0,0,0,0,0,0,0,0,0,0,0,0,0,0,0,0,0,0,0,0,0,0,1,0,0,0,0,0,0,0
4.5217885770490405,0.0,0,78,10,9.210340371976184,2.3978952727983707,0,1,1,0,0.8382352941176471,0,0,0,0,0,0,0,1,0,0,0,0,0,0,0,0,0,0,0,0,0,0,0,0,0,0,0,0,0,0,1,0,0,0,0,0,0,0,0
5.602118820879701,0.0,0,133,10,0.0,0.0,0,0,0,0,0.983739837398374,0,0,0,0,0,0,0,1,0,0,0,0,0,0,0,0,0,0,0,0,0,0,0,0,0,0,0,0,0,0,1,0,0,0,0,0,0,0,0
6.329720905522696,0.0,0,86,12,7.147559271189454,6.90875477931522,1,0,1,0,0.6133333333333333,0,0,0,0,0,0,0,1,0,0,0,0,0,0,0,0,0,0,0,0,0,0,0,0,0,0,0,0,0,0,0,0,0,0,0,0,1,0,0
5.556828061699537,0.0,0,95,12,5.8944028342648505,1.791759469228055,0,1,0,0,0.5301204819277109,0,0,0,0,0,0,0,1,0,0,0,0,0,0,0,0,0,0,0,0,0,0,0,0,0,0,0,0,0,0,1,0,0,0,0,0,0,0,0
5.602118820879701,0.0,0,75,11,6.059123195581797,7.6128310304073565,0,1,0,1,0.6153846153846154,0,0,0,0,0,0,0,1,0,0,0,0,0,0,0,0,0,0,0,0,0,0,0,0,0,0,0,0,0,0,1,0,0,0,0,0,0,0,0
5.3981627015177525,0.0,0,110,11,0.0,2.3978952727983707,0,0,0,0,0.96,0,0,0,0,0,0,0,1,0,0,0,0,0,0,0,0,0,0,0,0,0,0,0,0,0,0,0,0,0,0,1,0,0,0,0,0,0,0,0
5.993961427306569,0.0,0,89,13,4.804021044733257,5.303304908059076,0,1,0,1,0.8311688311688312,0,0,0,0,0,0,0,1,0,0,0,0,0,0,0,0,0,0,0,0,0,0,0,0,0,0,0,0,0,0,1,0,0,0,0,0,0,0,0
5.700443573390687,0.0,0,87,12,0.0,2.0794415416798357,0,1,0,0,0.6973684210526315,0,0,0,0,0,0,0,1,0,0,0,0,0,0,0,0,0,0,0,0,0,0,0,0,0,0,0,0,0,0,1,0,0,0,0,0,0,0,0
7.286191714702382,0.0,0,93,12,0.0,1.3862943611198906,0,1,0,0,0.8780487804878049,0,0,0,0,0,0,0,1,0,0,0,0,0,0,0,0,0,0,0,0,0,0,0,0,0,0,0,0,0,0,0,0,0,0,1,0,0,0,0
4.59511985013459,0.0,0,89,9,0.0,2.3978952727983707,0,1,0,0,0.7530864197530864,0,0,0,0,0,0,0,1,0,0,0,0,0,0,0,0,0,0,0,0,0,0,0,0,0,0,0,0,0,0,0,0,0,1,0,0,0,0,0
6.063785208687608,0.0,0,71,9,0.0,0.0,0,0,0,0,0.47619047619047616,0,0,0,0,0,0,0,1,0,0,0,0,0,0,0,0,0,0,0,0,0,0,0,0,0,0,0,0,0,0,1,0,0,0,0,0,0,0,0
4.477336814478207,0.0,0,97,12,0.0,1.6094379124341003,0,1,0,0,0.7209302325581395,0,0,0,0,0,0,0,1,0,0,0,0,0,0,0,0,0,0,0,0,0,0,0,0,0,0,0,0,0,0,1,0,0,0,0,0,0,0,0
5.111987788356544,0.0,0,47,6,0.0,2.995732273553991,0,0,0,0,0.2857142857142857,0,0,0,0,0,0,0,1,0,0,0,0,0,0,0,0,0,0,0,0,0,0,0,0,0,0,0,0,0,0,1,0,0,0,0,0,0,0,0
5.198497031265826,0.0,0,67,7,0.0,0.0,0,0,0,0,0.8688524590163934,0,0,0,0,0,0,0,1,0,0,0,0,0,0,0,0,0,0,0,0,0,0,0,0,0,0,0,0,0,0,0,0,0,0,1,0,0,0,0
4.248495242049359,0.0,0,24,3,0.0,0.0,0,0,1,0,1.0,0,0,0,0,0,0,0,1,0,0,0,0,0,0,0,0,0,0,0,0,0,0,0,0,0,0,0,0,0,0,0,0,0,0,0,0,1,0,0
4.787491742782046,0.0,0,77,10,0.0,3.9318256327243257,0,1,0,0,0.5441176470588235,0,0,0,0,0,0,0,1,0,0,0,0,0,0,0,0,0,0,0,0,0,0,0,0,0,0,0,0,0,0,1,0,0,0,0,0,0,0,0
4.5217885770490405,0.0,0,78,10,9.210340371976184,2.3978952727983707,0,1,1,0,0.8382352941176471,0,0,0,0,0,0,0,1,0,0,0,0,0,0,0,0,0,0,0,0,0,0,0,0,0,0,0,0,0,0,1,0,0,0,0,0,0,0,0
6.709304340258298,0.0,0,79,14,0.0,5.303304908059076,1,0,1,0,0.59375,0,0,0,0,0,0,0,0,0,0,0,0,0,0,0,0,0,0,0,0,0,0,0,0,0,0,0,0,1,0,1,0,0,0,0,0,0,0,0
4.394449154672439,0.0,0,96,13,0.0,4.61512051684126,0,0,1,1,0.7619047619047619,0,0,0,0,0,0,0,0,0,0,0,0,0,0,0,0,0,0,0,0,0,0,0,0,0,0,0,0,1,0,0,0,0,1,0,0,0,0,0
6.53813982376767,0.0,0,88,13,0.0,0.6931471805599453,0,0,0,0,0.6052631578947368,0,0,0,0,0,0,0,0,0,0,0,0,0,0,0,0,0,0,0,0,0,0,0,0,0,0,0,0,1,0,1,0,0,0,0,0,0,0,0
6.53813982376767,0.0,0,115,19,0.0,0.6931471805599453,0,0,0,0,0.6701030927835051,0,0,0,0,0,0,0,0,0,0,0,0,0,0,0,0,0,0,0,0,0,0,0,0,0,0,0,0,1,0,1,0,0,0,0,0,0,0,0
5.968707559985366,0.0,0,64,10,0.0,0.6931471805599453,0,0,0,0,0.7090909090909091,0,0,0,0,0,0,0,0,0,0,0,0,0,0,0,0,0,0,0,0,0,0,0,0,0,0,0,0,1,0,1,0,0,0,0,0,0,0,0
5.968707559985366,0.0,0,50,4,0.0,0.0,0,0,0,0,0.5531914893617021,0,0,0,0,0,0,0,0,0,0,0,0,0,0,0,0,0,0,0,0,0,0,0,0,0,0,0,0,1,0,1,0,0,0,0,0,0,0,0
5.860786223465865,0.0,0,37,4,0.0,0.0,0,0,0,0,1.0,0,0,0,0,0,0,0,0,0,0,0,0,0,0,0,0,0,0,0,0,0,0,0,0,0,0,0,0,1,0,0,0,0,0,0,0,0,0,1
4.875197323201151,0.0,0,84,11,0.0,4.61512051684126,0,1,1,0,0.7162162162162162,0,0,0,0,0,0,0,0,0,0,0,0,0,0,0,0,0,0,0,0,0,0,0,0,0,0,0,0,1,0,0,0,0,1,0,0,0,0,0
4.875197323201151,0.0,0,84,11,0.0,4.61512051684126,0,1,1,0,0.7162162162162162,0,0,0,0,0,0,0,0,0,0,0,0,0,0,0,0,0,0,0,0,0,0,0,0,0,0,0,0,1,0,0,0,0,1,0,0,0,0,0
5.673323267171493,0.0,0,80,12,0.0,0.6931471805599453,0,0,0,1,0.6811594202898551,0,0,0,0,0,0,0,0,0,0,0,0,0,0,0,0,0,0,0,0,0,0,0,0,0,0,0,0,1,0,1,0,0,0,0,0,0,0,0
5.5254529391317835,0.0,0,36,3,0.0,4.61512051684126,0,1,1,0,0.8235294117647058,0,0,0,0,0,0,0,0,0,0,0,0,0,0,0,0,0,0,0,0,0,0,0,0,0,0,0,0,1,0,1,0,0,0,0,0,0,0,0
6.673297967767654,0.0,0,48,6,0.0,6.90875477931522,0,0,0,0,0.5813953488372093,0,0,0,0,0,0,0,0,0,0,0,0,0,0,0,0,0,0,0,0,0,0,0,0,0,0,0,0,1,0,0,0,0,1,0,0,0,0,0
7.75833346749091,0.0,0,86,10,0.0,7.162397497355718,0,1,0,0,0.5844155844155844,0,0,0,0,0,0,0,0,0,0,0,0,0,0,0,0,0,0,0,0,0,0,0,0,0,0,0,0,1,0,1,0,0,0,0,0,0,0,0
4.605170185988092,0.0,0,116,15,0.0,3.4339872044851463,0,1,0,0,0.5643564356435643,0,0,0,0,0,0,0,0,0,0,0,0,0,0,0,0,0,0,0,0,0,0,0,0,0,0,0,0,1,0,0,0,0,1,0,0,0,0,0
5.8888779583328805,0.0,0,30,5,0.0,0.0,0,0,0,0,0.7307692307692307,0,0,0,0,0,0,0,0,0,0,0,0,0,0,0,0,0,0,0,0,0,0,0,0,0,0,0,0,1,0,1,0,0,0,0,0,0,0,0
5.955837369464831,0.0,0,93,7,0.0,4.61512051684126,0,1,1,0,0.7586206896551724,0,0,0,0,0,0,0,0,0,0,0,0,0,0,0,0,0,0,0,0,0,0,0,0,0,0,0,0,1,0,1,0,0,0,0,0,0,0,0
5.298317366548036,0.0,0,157,14,0.0,9.476620038167528,1,0,1,0,0.6805555555555556,0,0,0,0,0,0,0,0,0,0,0,0,0,0,0,0,0,0,0,0,0,0,0,0,0,0,0,0,1,0,1,0,0,0,0,0,0,0,0
7.43307534889858,0.0,0,74,11,0.0,1.6094379124341003,0,0,0,1,0.78125,0,0,0,0,0,0,0,0,0,0,0,0,0,0,0,0,0,0,0,0,0,0,0,0,0,0,0,0,1,0,0,0,1,0,0,0,0,0,0
6.311734809152915,0.0,0,127,15,0.0,6.90875477931522,1,1,0,0,0.7876106194690266,0,0,0,0,0,0,0,0,0,0,0,0,0,0,0,0,0,0,0,0,0,0,0,0,0,0,0,0,1,0,1,0,0,0,0,0,0,0,0
6.329720905522696,0.0,0,78,8,0.0,7.601402334583733,1,1,0,0,0.7183098591549296,0,0,0,0,0,0,0,0,0,0,0,0,0,0,0,0,0,0,0,0,0,0,0,0,0,0,0,0,1,0,1,0,0,0,0,0,0,0,0
5.703782474656201,0.0,0,76,8,0.0,0.0,0,0,1,0,0.6231884057971014,0,0,0,0,0,0,0,0,0,0,0,0,0,0,0,0,0,0,0,0,0,0,0,0,0,0,0,0,1,0,1,0,0,0,0,0,0,0,0
5.991464547107982,0.0,0,66,9,0.0,0.0,0,0,1,0,0.7068965517241379,0,0,0,0,0,0,0,0,0,0,0,0,0,0,0,0,0,0,0,0,0,0,0,0,0,0,0,0,1,0,1,0,0,0,0,0,0,0,0
6.673297967767654,0.0,0,88,12,0.0,4.61512051684126,0,1,1,0,0.5844155844155844,0,0,0,0,0,0,0,0,0,0,0,0,0,0,0,0,0,0,0,0,0,0,0,0,0,0,0,0,1,0,1,0,0,0,0,0,0,0,0
5.247024072160486,0.0,0,53,8,0.0,0.0,0,0,0,0,0.6739130434782609,0,0,0,0,0,0,0,0,0,0,0,0,0,0,0,0,0,0,0,0,0,0,0,0,0,0,0,0,1,0,1,0,0,0,0,0,0,0,0
6.39024066706535,0.0,0,92,11,3.044522437723423,0.0,0,0,0,0,0.6829268292682927,0,0,0,0,0,0,0,0,0,0,0,0,0,0,0,0,0,0,0,0,0,0,0,0,0,0,0,0,1,0,1,0,0,0,0,0,0,0,0
5.860786223465865,0.0,0,68,11,0.0,2.0794415416798357,0,0,0,0,0.7413793103448276,0,0,0,0,0,0,0,0,0,0,0,0,0,0,0,0,0,0,0,0,0,0,0,0,0,0,0,0,1,0,1,0,0,0,0,0,0,0,0
7.1631723908466425,0.0,0,21,4,0.0,0.0,0,0,0,0,0.3333333333333333,0,0,0,0,0,0,0,0,0,0,0,0,0,0,0,0,0,0,0,0,0,0,0,0,0,0,0,0,1,0,0,0,0,0,0,0,0,0,1
4.248495242049359,0.0,0,106,10,0.0,0.0,0,1,0,0,0.9175257731958762,0,0,0,0,0,0,0,0,0,0,0,0,0,0,0,0,0,0,0,0,0,0,0,0,0,0,0,0,1,0,1,0,0,0,0,0,0,0,0
4.795790545596741,0.0,0,49,10,0.0,4.61512051684126,1,1,0,0,0.7435897435897436,0,0,0,0,0,0,0,0,0,0,0,0,0,0,0,0,0,0,0,0,0,0,0,0,0,0,0,0,1,0,1,0,0,0,0,0,0,0,0
5.968707559985366,0.0,0,17,2,0.0,0.0,0,0,0,0,1.0,0,0,0,0,0,0,0,0,0,0,0,0,0,0,0,0,0,0,0,0,0,0,0,0,0,0,0,0,1,0,0,0,0,0,0,0,0,0,1
5.673323267171493,0.0,0,66,9,0.0,0.6931471805599453,0,0,0,1,0.7413793103448276,0,0,0,0,0,0,0,0,0,0,0,0,0,0,0,0,0,0,0,0,0,0,0,0,0,0,0,0,1,0,1,0,0,0,0,0,0,0,0
5.860786223465865,0.0,0,68,11,0.0,2.0794415416798357,0,0,0,0,0.7413793103448276,0,0,0,0,0,0,0,0,0,0,0,0,0,0,0,0,0,0,0,0,0,0,0,0,0,0,0,0,1,0,1,0,0,0,0,0,0,0,0
5.703782474656201,0.0,0,68,8,0.0,3.4339872044851463,0,0,0,0,0.47540983606557374,0,0,0,0,0,0,0,0,0,0,0,0,0,0,0,0,0,0,0,0,0,0,0,0,0,0,0,0,1,0,1,0,0,0,0,0,0,0,0
5.583496308781699,0.0,0,83,12,0.0,3.4339872044851463,0,1,0,1,0.7916666666666666,0,0,0,0,0,0,0,0,0,0,0,0,0,0,0,0,0,0,0,0,0,0,0,0,0,0,0,0,1,0,1,0,0,0,0,0,0,0,0
5.075173815233827,0.0,0,129,18,0.0,3.4339872044851463,0,1,0,0,0.625,0,0,0,0,0,0,0,0,0,0,0,0,0,0,0,0,0,0,0,0,0,0,0,0,0,0,0,0,1,0,1,0,0,0,0,0,0,0,0
5.135798437050262,0.0,0,119,17,0.0,3.4339872044851463,0,1,0,0,0.8155339805825242,0,0,0,0,0,0,0,0,0,0,0,0,0,0,0,0,0,0,0,0,0,0,0,0,0,0,0,0,1,0,1,0,0,0,0,0,0,0,0
4.465908118654584,0.0,0,62,7,0.0,1.3862943611198906,0,0,0,0,0.8392857142857143,0,0,0,0,0,0,0,0,0,0,0,0,0,0,0,0,0,0,0,0,0,0,0,0,0,0,0,0,1,0,0,0,0,1,0,0,0,0,0
5.634789603169249,0.0,0,79,14,0.0,5.303304908059076,1,0,1,0,0.59375,0,0,0,0,0,0,0,0,0,0,0,0,0,0,0,0,0,0,0,0,0,0,0,0,0,0,0,0,1,0,1,0,0,0,0,0,0,0,0
6.716594773520978,0.0,0,83,9,0.0,0.0,1,0,0,0,0.918918918918919,0,0,0,0,0,0,0,0,0,0,0,0,0,0,0,0,0,0,0,0,0,0,0,0,0,0,0,0,1,0,1,0,0,0,0,0,0,0,0
5.298317366548036,0.0,0,66,9,0.0,0.0,0,0,1,0,0.7068965517241379,0,0,0,0,0,0,0,0,0,0,0,0,0,0,0,0,0,0,0,0,0,0,0,0,0,0,0,0,1,0,1,0,0,0,0,0,0,0,0
5.225746673713202,0.0,0,103,9,6.618738983517219,0.0,0,0,0,0,0.5789473684210527,0,0,0,0,0,0,0,0,0,0,0,0,0,0,0,0,0,0,0,0,0,0,0,0,0,0,0,0,1,0,1,0,0,0,0,0,0,0,0
4.418840607796598,0.0,0,70,7,8.546751993657782,1.3862943611198906,0,0,0,0,0.8253968253968254,0,0,0,0,0,0,0,0,0,0,0,0,0,0,0,0,0,0,0,0,0,0,0,0,0,0,0,0,1,0,1,0,0,0,0,0,0,0,0
5.298317366548036,0.0,0,71,13,6.915723448631314,3.4339872044851463,0,1,1,0,0.6440677966101694,0,0,0,0,0,0,0,0,0,0,0,0,0,0,0,0,0,0,0,0,0,0,0,0,0,0,0,0,1,0,1,0,0,0,0,0,0,0,0
5.111987788356544,0.0,0,39,6,4.330733340286331,0.6931471805599453,0,0,0,1,0.5882352941176471,0,0,0,0,0,0,0,0,0,0,0,0,0,0,0,0,0,0,0,0,0,0,0,0,0,0,0,0,1,0,1,0,0,0,0,0,0,0,0
5.049856007249537,0.0,0,39,6,7.158513997329321,0.6931471805599453,0,0,0,1,0.5882352941176471,0,0,0,0,0,0,0,0,0,0,0,0,0,0,0,0,0,0,0,0,0,0,0,0,0,0,0,0,1,0,1,0,0,0,0,0,0,0,0
5.736572297479192,0.0,0,83,12,6.194405391104672,4.795790545596741,0,1,0,1,0.7,0,0,0,0,0,0,0,0,0,0,0,0,0,0,0,0,0,0,0,0,0,0,0,0,0,0,0,0,1,0,0,1,0,0,0,0,0,0,0
5.19295685089021,0.0,0,78,13,7.759187438507795,4.110873864173311,0,1,0,1,0.7384615384615385,0,0,0,0,0,0,0,0,0,0,0,0,0,0,0,0,0,0,0,0,0,0,0,0,0,0,0,0,1,0,1,0,0,0,0,0,0,0,0
4.605170185988092,0.0,0,36,6,6.767343125265392,3.4339872044851463,0,1,0,0,0.7096774193548387,0,0,0,0,0,0,0,0,0,0,0,0,0,0,0,0,0,0,0,0,0,0,0,0,0,0,0,0,1,0,1,0,0,0,0,0,0,0,0
5.0689042022202315,0.0,0,87,13,3.4965075614664802,3.4339872044851463,0,1,0,0,0.7066666666666667,0,0,0,0,0,0,0,0,0,0,0,0,0,0,0,0,0,0,0,0,0,0,0,0,0,0,0,0,1,0,1,0,0,0,0,0,0,0,0
5.19295685089021,0.0,0,76,15,8.950273466557375,3.4339872044851463,0,1,1,1,0.6935483870967742,0,0,0,0,0,0,0,0,0,0,0,0,0,0,0,0,0,0,0,0,0,0,0,0,0,0,0,0,1,0,1,0,0,0,0,0,0,0,0
4.983606621708336,0.0,0,95,4,4.51085950651685,0.0,0,0,0,0,0.8260869565217391,0,0,0,0,0,0,0,0,0,0,0,0,0,0,0,0,0,0,0,0,0,0,0,0,0,0,0,0,1,0,0,1,0,0,0,0,0,0,0
5.111987788356544,0.0,0,43,9,7.918992488165245,0.6931471805599453,0,0,0,1,0.5882352941176471,0,0,0,0,0,0,0,0,0,0,0,0,0,0,0,0,0,0,0,0,0,0,0,0,0,0,0,0,1,0,1,0,0,0,0,0,0,0,0
4.8283137373023015,0.0,0,63,7,5.351858133476067,1.0986122886681098,0,0,0,1,0.7017543859649122,0,0,0,0,0,0,0,0,0,0,0,0,0,0,0,0,0,0,0,0,0,0,0,0,0,0,0,0,1,0,1,0,0,0,0,0,0,0,0
5.298317366548036,0.0,0,51,6,9.158309963881798,0.0,0,0,0,0,0.6739130434782609,0,0,0,0,0,0,0,0,0,0,0,0,0,0,0,0,0,0,0,0,0,0,0,0,0,0,0,0,1,0,1,0,0,0,0,0,0,0,0
5.278114659230517,0.0,0,41,7,2.833213344056216,0.6931471805599453,0,1,0,0,0.5714285714285714,0,0,0,0,0,0,0,0,0,0,0,0,0,0,0,0,0,0,0,0,0,0,0,0,0,0,0,0,1,0,1,0,0,0,0,0,0,0,0
5.247024072160486,0.0,0,74,15,5.030437921392435,7.613324979540639,0,1,0,0,0.55,0,0,0,0,0,0,0,0,0,0,0,0,0,0,0,0,0,0,0,0,0,0,0,0,0,0,0,0,1,0,1,0,0,0,0,0,0,0,0
5.5254529391317835,0.0,0,65,9,4.007333185232471,3.4339872044851463,0,1,0,0,0.10526315789473684,0,0,0,0,0,0,0,0,0,0,0,0,0,0,0,0,0,0,0,0,0,0,0,0,0,0,0,0,1,0,1,0,0,0,0,0,0,0,0
5.135798437050262,0.0,0,113,11,0.0,3.4339872044851463,0,1,0,1,0.8155339805825242,0,0,0,0,0,0,0,0,0,0,0,0,0,0,0,0,0,0,0,0,0,0,0,0,0,0,0,0,1,0,1,0,0,0,0,0,0,0,0
5.003946305945459,0.0,0,84,12,8.862341963516347,5.303304908059076,1,0,0,0,0.684931506849315,0,0,0,0,0,0,0,0,0,0,0,0,0,0,0,0,0,0,0,0,0,0,0,0,0,0,0,0,1,0,1,0,0,0,0,0,0,0,0
5.5254529391317835,0.0,0,48,3,4.454347296253507,6.2166061010848646,1,1,0,0,0.8181818181818182,0,0,0,0,0,0,0,0,0,0,0,0,0,0,0,0,0,0,0,0,0,0,0,0,0,0,0,0,1,0,0,1,0,0,0,0,0,0,0
4.787491742782046,0.0,0,55,7,6.775366090936392,3.4339872044851463,0,1,1,0,0.8979591836734694,0,0,0,0,0,0,0,0,0,0,0,0,0,0,0,0,0,0,0,0,0,0,0,0,0,0,0,0,1,0,1,0,0,0,0,0,0,0,0
5.075173815233827,0.0,0,68,9,5.407171771460119,3.4339872044851463,0,1,0,0,0.65,0,0,0,0,0,0,0,0,0,0,0,0,0,0,0,0,0,0,0,0,0,0,0,0,0,0,0,0,1,0,1,0,0,0,0,0,0,0,0
5.075173815233827,0.0,0,75,8,4.31748811353631,2.3978952727983707,0,1,1,0,0.7647058823529411,0,0,0,0,0,0,0,0,0,0,0,0,0,0,0,0,0,0,0,0,0,0,0,0,0,0,0,0,1,0,0,0,0,0,0,0,1,0,0
4.605170185988092,0.0,0,84,11,4.890349128221754,11.002116507732017,1,1,0,0,0.6438356164383562,0,0,0,0,0,0,0,0,0,0,0,0,0,0,0,0,0,0,0,0,0,0,0,0,0,0,0,0,1,0,1,0,0,0,0,0,0,0,0
5.278114659230517,0.0,0,50,7,4.7535901911063645,3.4339872044851463,0,1,0,0,0.7272727272727273,0,0,0,0,0,0,0,0,0,0,0,0,0,0,0,0,0,0,0,0,0,0,0,0,0,0,0,0,1,0,1,0,0,0,0,0,0,0,0
5.521460917862246,0.0,0,137,27,9.210340371976184,3.4339872044851463,0,1,0,0,0.6216216216216216,0,0,0,0,0,0,0,0,0,0,0,0,0,0,0,0,0,0,0,0,0,0,0,0,0,0,0,0,1,0,1,0,0,0,0,0,0,0,0
5.225746673713202,0.0,0,81,13,5.10594547390058,6.90875477931522,1,1,0,0,0.43478260869565216,0,0,0,0,0,0,0,0,0,0,0,0,0,0,0,0,0,0,0,0,0,0,0,0,0,0,0,0,1,0,1,0,0,0,0,0,0,0,0
4.382026634673881,0.0,0,40,5,2.772588722239781,0.0,0,0,1,0,0.9166666666666666,0,0,0,0,0,0,0,0,0,0,0,0,0,0,0,0,0,0,0,0,0,0,0,0,0,0,0,0,1,0,1,0,0,0,0,0,0,0,0
5.736572297479192,0.0,0,77,14,7.620705086838262,4.795790545596741,0,1,0,1,0.6666666666666666,0,0,0,0,0,0,0,0,0,0,0,0,0,0,0,0,0,0,0,0,0,0,0,0,0,0,0,0,1,0,0,1,0,0,0,0,0,0,0
5.049856007249537,0.0,0,39,6,5.429345628954441,0.6931471805599453,0,0,0,1,0.5882352941176471,0,0,0,0,0,0,0,0,0,0,0,0,0,0,0,0,0,0,0,0,0,0,0,0,0,0,0,0,1,0,1,0,0,0,0,0,0,0,0
6.55250788703459,0.0,0,62,6,3.044522437723423,0.0,0,0,0,0,0.8245614035087719,0,0,0,0,0,0,0,0,0,0,0,0,0,0,0,0,0,0,0,0,0,0,0,0,0,0,0,0,1,0,1,0,0,0,0,0,0,0,0
6.040254711277414,0.0,0,112,18,3.2188758248682006,6.68586094706836,0,1,0,0,0.5157894736842106,0,0,0,0,0,0,0,0,0,0,0,0,0,0,0,0,0,0,0,0,0,0,0,0,0,0,0,0,1,0,1,0,0,0,0,0,0,0,0
5.298317366548036,0.0,0,183,24,0.0,3.9318256327243257,0,0,0,1,0.7875,0,0,0,0,0,0,0,0,0,0,0,0,0,0,0,0,0,0,0,0,0,0,0,0,0,0,0,0,1,0,0,0,0,1,0,0,0,0,0
5.278114659230517,0.0,0,63,13,6.663132695990803,3.4339872044851463,0,1,1,0,0.5490196078431373,0,0,0,0,0,0,0,0,0,0,0,0,0,0,0,0,0,0,0,0,0,0,0,0,0,0,0,0,1,0,1,0,0,0,0,0,0,0,0
5.0106352940962555,0.0,0,78,12,0.0,3.044522437723423,0,1,0,1,0.8059701492537313,0,0,0,0,0,0,0,0,0,0,0,0,0,0,0,0,0,0,0,0,0,0,0,0,0,0,0,0,1,0,1,0,0,0,0,0,0,0,0
4.941642422609304,0.0,0,57,9,4.61512051684126,3.713572066704308,0,1,0,0,0.42857142857142855,0,0,0,0,0,0,0,0,0,0,0,0,0,0,0,0,0,0,0,0,0,0,0,0,0,0,0,0,1,0,1,0,0,0,0,0,0,0,0
4.867534450455582,0.0,0,94,9,7.62608275807238,3.4339872044851463,0,1,0,0,0.6976744186046512,0,0,0,0,0,0,0,0,0,0,0,0,0,0,0,0,0,0,0,0,0,0,0,0,0,0,0,0,1,0,1,0,0,0,0,0,0,0,0
6.148468295917647,0.0,0,54,7,6.814542897259958,6.90875477931522,1,0,0,0,0.4166666666666667,0,0,0,0,0,0,0,0,0,0,0,0,0,0,0,0,0,0,0,0,0,0,0,0,0,0,0,0,1,0,1,0,0,0,0,0,0,0,0
4.244630641232919,0.0,0,43,6,7.00397413672268,0.6931471805599453,0,1,0,0,0.5675675675675675,0,0,0,0,0,0,0,0,0,0,0,0,0,0,0,0,0,0,0,0,0,0,0,0,0,0,0,0,1,0,1,0,0,0,0,0,0,0,0
5.14166355650266,0.0,0,26,3,2.70805020110221,0.0,0,0,0,0,0.5,0,0,0,0,0,0,0,0,0,0,0,0,0,0,0,0,0,0,0,0,0,0,0,0,0,0,0,0,1,0,1,0,0,0,0,0,0,0,0
5.5254529391317835,0.0,0,62,6,3.044522437723423,0.0,0,0,0,0,0.8245614035087719,0,0,0,0,0,0,0,0,0,0,0,0,0,0,0,0,0,0,0,0,0,0,0,0,0,0,0,0,1,0,1,0,0,0,0,0,0,0,0
3.9889840465642745,0.0,0,77,8,0.0,3.4339872044851463,0,1,0,0,0.8857142857142857,0,0,0,0,0,0,0,0,0,0,0,0,1,0,0,0,0,0,0,0,0,0,0,0,0,0,0,0,0,0,0,1,0,0,0,0,0,0,0
4.454347296253507,0.0,0,37,5,0.0,6.111467339502679,0,1,0,0,0.8484848484848485,0,0,0,0,0,0,0,0,0,0,0,0,1,0,0,0,0,0,0,0,0,0,0,0,0,0,0,0,0,0,1,0,0,0,0,0,0,0,0
3.58351893845611,0.0,0,26,2,0.0,0.0,0,1,0,0,1.0,0,0,0,0,0,0,0,0,0,0,0,0,1,0,0,0,0,0,0,0,0,0,0,0,0,0,0,0,0,0,1,0,0,0,0,0,0,0,0
3.1354942159291497,0.0,0,38,5,0.0,0.0,0,0,0,0,0.0,0,0,0,0,0,0,0,0,0,0,0,0,1,0,0,0,0,0,0,0,0,0,0,0,0,0,0,0,0,0,1,0,0,0,0,0,0,0,0
5.170483995038151,0.0,0,7,1,0.0,0.0,0,0,0,0,1.0,0,0,0,0,0,0,0,0,0,0,0,0,1,0,0,0,0,0,0,0,0,0,0,0,0,0,0,0,0,0,0,0,0,0,0,0,1,0,0
3.7612001156935624,0.0,0,32,2,3.6109179126442243,0.0,0,1,0,0,1.0,0,0,0,0,0,0,0,0,0,0,0,0,1,0,0,0,0,0,0,0,0,0,0,0,0,0,0,0,0,0,0,0,0,1,0,0,0,0,0
3.58351893845611,0.0,0,53,6,0.0,0.0,0,0,1,0,1.0,0,0,0,0,0,0,0,0,0,0,0,0,1,0,0,0,0,0,0,0,0,0,0,0,0,0,0,0,0,0,0,0,0,0,0,0,1,0,0
5.968707559985366,0.0,0,114,17,0.0,3.4339872044851463,0,1,1,0,0.8469387755102041,0,0,0,0,0,0,0,0,0,0,0,0,1,0,0,0,0,0,0,0,0,0,0,0,0,0,0,0,0,0,0,0,0,1,0,0,0,0,0
4.499809670330265,0.0,0,138,11,0.0,2.3978952727983707,0,1,0,0,0.890625,0,0,0,0,0,0,0,0,0,0,0,0,1,0,0,0,0,0,0,0,0,0,0,0,0,0,0,0,0,0,1,0,0,0,0,0,0,0,0
4.499809670330265,0.0,0,138,11,0.0,2.3978952727983707,0,1,0,0,0.890625,0,0,0,0,0,0,0,0,0,0,0,0,1,0,0,0,0,0,0,0,0,0,0,0,0,0,0,0,0,0,1,0,0,0,0,0,0,0,0
5.303304908059076,0.0,0,59,7,0.0,4.61512051684126,0,1,0,0,0.9433962264150944,0,0,0,0,0,0,0,0,0,0,0,0,1,0,0,0,0,0,0,0,0,0,0,0,0,0,0,0,0,0,1,0,0,0,0,0,0,0,0
6.478509642208569,0.0,0,34,3,0.0,0.0,0,1,0,0,1.0,0,0,0,0,0,0,0,0,0,0,0,0,1,0,0,0,0,0,0,0,0,0,0,0,0,0,0,0,0,0,1,0,0,0,0,0,0,0,0
5.942799375126701,0.0,0,133,15,0.0,4.110873864173311,0,1,0,0,0.9747899159663865,0,0,0,0,0,0,0,0,0,0,0,0,1,0,0,0,0,0,0,0,0,0,0,0,0,0,0,0,0,0,1,0,0,0,0,0,0,0,0
7.0909098220799835,0.0,0,43,1,0.0,0.0,0,0,0,0,0.9767441860465116,0,0,0,0,0,0,0,0,0,0,0,0,1,0,0,0,0,0,0,0,0,0,0,0,0,0,0,0,0,0,1,0,0,0,0,0,0,0,0
3.258096538021482,0.0,0,43,3,0.0,0.0,0,0,0,0,0.9512195121951219,0,0,0,0,0,0,0,0,0,0,0,0,1,0,0,0,0,0,0,0,0,0,0,0,0,0,0,0,0,0,1,0,0,0,0,0,0,0,0
2.9444389791664403,0.0,0,34,6,1.9459101490553132,5.017279836814924,0,1,0,0,0.7931034482758621,0,0,0,0,0,0,0,0,0,0,0,0,1,0,0,0,0,0,0,0,0,0,0,0,0,0,0,0,0,0,1,0,0,0,0,0,0,0,0
2.4849066497880004,0.0,0,34,2,2.3978952727983707,0.0,0,0,0,0,1.0,0,0,0,0,0,0,0,0,0,0,0,0,1,0,0,0,0,0,0,0,0,0,0,0,0,0,0,0,0,0,1,0,0,0,0,0,0,0,0
2.9444389791664403,0.0,0,26,4,3.4965075614664802,5.017279836814924,0,1,0,0,0.8695652173913043,0,0,0,0,0,0,0,0,0,0,0,0,1,0,0,0,0,0,0,0,0,0,0,0,0,0,0,0,0,0,1,0,0,0,0,0,0,0,0
3.784189633918261,0.0,0,23,1,0.0,0.0,0,0,0,0,1.0,0,0,0,0,0,0,0,0,0,0,0,0,1,0,0,0,0,0,0,0,0,0,0,0,0,0,0,0,0,0,0,0,0,1,0,0,0,0,0
5.081404364984463,0.0,0,29,3,0.0,4.61512051684126,0,1,0,0,0.8888888888888888,0,0,0,0,0,0,0,0,0,0,0,0,1,0,0,0,0,0,0,0,0,0,0,0,0,0,0,0,0,0,1,0,0,0,0,0,0,0,0
3.871201010907891,0.0,0,97,9,0.0,3.713572066704308,0,1,0,0,0.7191011235955056,0,0,0,0,0,0,0,0,0,0,0,0,1,0,0,0,0,0,0,0,0,0,0,0,0,0,0,0,0,0,1,0,0,0,0,0,0,0,0
3.6888794541139363,0.0,0,38,4,3.6888794541139363,4.110873864173311,1,0,0,0,0.8285714285714286,0,0,0,0,0,0,0,0,0,0,0,0,1,0,0,0,0,0,0,0,0,0,0,0,0,0,0,0,0,0,1,0,0,0,0,0,0,0,0
5.303304908059076,0.0,0,59,6,0.0,3.9318256327243257,0,1,0,0,0.9259259259259259,0,0,0,0,0,0,0,0,0,0,0,0,1,0,0,0,0,0,0,0,0,0,0,0,0,0,0,0,0,0,0,0,0,0,0,0,1,0,0
6.016157159698354,0.0,0,21,3,0.0,6.040254711277414,0,1,0,0,0.7368421052631579,0,0,0,0,0,0,0,0,0,0,0,0,1,0,0,0,0,0,0,0,0,0,0,0,0,0,0,0,0,0,0,0,0,1,0,0,0,0,0
4.584967478670572,0.0,0,89,9,0.0,3.4339872044851463,0,1,1,1,0.8974358974358975,0,0,0,0,0,0,0,0,0,0,0,0,1,0,0,0,0,0,0,0,0,0,0,0,0,0,0,0,0,0,1,0,0,0,0,0,0,0,0
4.584967478670572,0.0,0,106,10,0.0,3.4339872044851463,0,1,1,1,0.9157894736842105,0,0,0,0,0,0,0,0,0,0,0,0,1,0,0,0,0,0,0,0,0,0,0,0,0,0,0,0,0,0,1,0,0,0,0,0,0,0,0
5.298317366548036,0.0,0,79,7,2.5649493574615367,0.0,0,0,1,0,0.8356164383561644,0,0,0,0,0,0,0,0,0,0,0,0,1,0,0,0,0,0,0,0,0,0,0,0,0,0,0,0,0,0,1,0,0,0,0,0,0,0,0
6.016157159698354,0.0,0,21,3,0.0,6.016157159698354,0,1,0,0,0.7368421052631579,0,0,0,0,0,0,0,0,0,0,0,0,1,0,0,0,0,0,0,0,0,0,0,0,0,0,0,0,0,0,0,0,0,1,0,0,0,0,0
5.351858133476067,0.0,0,72,10,0.0,5.198497031265826,1,1,0,0,0.8412698412698413,0,0,0,0,0,0,0,0,0,0,0,0,1,0,0,0,0,0,0,0,0,0,0,0,0,0,0,0,0,0,0,0,0,0,0,0,1,0,0
3.713572066704308,0.0,0,34,2,2.3978952727983707,0.0,0,1,0,0,0.9393939393939394,0,0,0,0,0,0,0,0,0,0,0,0,1,0,0,0,0,0,0,0,0,0,0,0,0,0,0,0,0,0,0,0,0,1,0,0,0,0,0
3.784189633918261,0.0,0,35,3,3.58351893845611,0.0,0,1,0,0,0.9393939393939394,0,0,0,0,0,0,0,0,0,0,0,0,1,0,0,0,0,0,0,0,0,0,0,0,0,0,0,0,0,0,0,0,0,1,0,0,0,0,0
5.521460917862246,0.0,0,53,4,0.0,1.9459101490553132,0,1,0,0,0.82,0,0,0,0,0,0,0,0,0,0,0,0,1,0,0,0,0,0,0,0,0,0,0,0,0,0,0,0,0,0,0,0,0,1,0,0,0,0,0
3.784189633918261,0.0,0,37,2,4.0943445622221,0.0,0,1,0,0,0.9444444444444444,0,0,0,0,0,0,0,0,0,0,0,0,1,0,0,0,0,0,0,0,0,0,0,0,0,0,0,0,0,0,0,0,0,1,0,0,0,0,0
3.7612001156935624,0.0,0,23,1,4.330733340286331,0.0,0,1,0,0,0.9130434782608695,0,0,0,0,0,0,0,0,0,0,0,0,1,0,0,0,0,0,0,0,0,0,0,0,0,0,0,0,0,0,0,0,0,1,0,0,0,0,0
3.7612001156935624,0.0,0,32,1,2.772588722239781,0.0,0,1,0,0,0.9375,0,0,0,0,0,0,0,0,0,0,0,0,1,0,0,0,0,0,0,0,0,0,0,0,0,0,0,0,0,0,0,0,0,1,0,0,0,0,0
3.7612001156935624,0.0,0,35,1,1.791759469228055,0.0,0,1,0,0,0.9428571428571428,0,0,0,0,0,0,0,0,0,0,0,0,1,0,0,0,0,0,0,0,0,0,0,0,0,0,0,0,0,0,0,0,0,1,0,0,0,0,0
3.7612001156935624,0.0,0,26,1,2.9444389791664403,0.0,0,1,0,0,0.9230769230769231,0,0,0,0,0,0,0,0,0,0,0,0,1,0,0,0,0,0,0,0,0,0,0,0,0,0,0,0,0,0,0,0,0,1,0,0,0,0,0
3.7612001156935624,0.0,0,32,1,4.430816798843313,0.0,0,1,0,0,0.9375,0,0,0,0,0,0,0,0,0,0,0,0,1,0,0,0,0,0,0,0,0,0,0,0,0,0,0,0,0,0,0,0,0,1,0,0,0,0,0
3.7612001156935624,0.0,0,23,1,3.258096538021482,0.0,0,1,0,0,0.9130434782608695,0,0,0,0,0,0,0,0,0,0,0,0,1,0,0,0,0,0,0,0,0,0,0,0,0,0,0,0,0,0,0,0,0,1,0,0,0,0,0
3.7612001156935624,0.0,0,26,1,4.0943445622221,0.0,0,1,0,0,0.9230769230769231,0,0,0,0,0,0,0,0,0,0,0,0,1,0,0,0,0,0,0,0,0,0,0,0,0,0,0,0,0,0,0,0,0,1,0,0,0,0,0
2.388762789235098,0.0,0,60,5,7.465082736399547,3.713572066704308,0,1,0,0,0.8928571428571429,0,0,0,0,0,0,0,0,0,0,0,0,1,0,0,0,0,0,0,0,0,0,0,0,0,0,0,0,0,0,1,0,0,0,0,0,0,0,0
4.394449154672439,0.0,0,40,6,0.0,0.0,0,0,0,0,0.0,0,0,0,0,0,0,0,0,0,0,0,0,1,0,0,0,0,0,0,0,0,0,0,0,0,0,0,0,0,0,1,0,0,0,0,0,0,0,0
3.7612001156935624,0.0,0,97,7,4.23410650459726,0.0,1,0,0,0,0.989010989010989,0,0,0,0,0,0,0,0,0,0,0,0,1,0,0,0,0,0,0,0,0,0,0,0,0,0,0,0,0,0,1,0,0,0,0,0,0,0,0
5.247024072160486,0.0,0,66,5,4.663439094112067,4.61512051684126,0,0,0,0,0.9193548387096774,0,0,0,0,0,0,0,0,0,0,0,0,1,0,0,0,0,0,0,0,0,0,0,0,0,0,0,0,0,0,1,0,0,0,0,0,0,0,0
4.394449154672439,0.0,0,54,5,4.418840607796598,4.110873864173311,0,1,0,0,0.92,0,0,0,0,0,0,0,0,0,0,0,0,1,0,0,0,0,0,0,0,0,0,0,0,0,0,0,0,0,0,1,0,0,0,0,0,0,0,0
4.248495242049359,0.0,0,37,4,7.850882664809852,4.110873864173311,0,1,0,0,0.8823529411764706,0,0,0,0,0,0,0,0,0,0,0,0,1,0,0,0,0,0,0,0,0,0,0,0,0,0,0,0,0,0,1,0,0,0,0,0,0,0,0
4.07753744390572,0.0,0,17,2,8.551014739891748,4.110873864173311,0,1,0,0,0.875,0,0,0,0,0,0,0,0,0,0,0,0,1,0,0,0,0,0,0,0,0,0,0,0,0,0,0,0,0,0,0,0,0,1,0,0,0,0,0
4.2626798770413155,0.0,0,57,4,7.60688453121963,0.0,0,0,0,0,1.0,0,0,0,0,0,0,0,0,0,0,0,0,1,0,0,0,0,0,0,0,0,0,0,0,0,0,0,0,0,0,0,0,1,0,0,0,0,0,0
4.51085950651685,0.0,0,20,3,6.638567789166521,1.791759469228055,0,0,0,0,0.9444444444444444,0,0,0,0,0,0,0,0,0,0,0,0,1,0,0,0,0,0,0,0,0,0,0,0,0,0,0,0,0,0,0,0,0,1,0,0,0,0,0
4.248495242049359,0.0,0,46,7,5.4680601411351315,5.993961427306569,1,1,0,0,0.775,0,0,0,0,0,0,0,0,0,0,0,0,1,0,0,0,0,0,0,0,0,0,0,0,0,0,0,0,0,0,1,0,0,0,0,0,0,0,0
5.303304908059076,0.0,0,86,9,4.394449154672439,4.795790545596741,0,1,1,0,0.9102564102564102,0,0,0,0,0,0,0,0,0,0,0,0,1,0,0,0,0,0,0,0,0,0,0,0,0,0,0,0,0,0,1,0,0,0,0,0,0,0,0
5.187385805840755,0.0,0,93,7,7.282761179605593,4.2626798770413155,0,1,0,0,0.9186046511627907,0,0,0,0,0,0,0,0,0,0,0,0,1,0,0,0,0,0,0,0,0,0,0,0,0,0,0,0,0,0,1,0,0,0,0,0,0,0,0
4.394449154672439,0.0,0,30,3,4.290459441148391,0.0,0,0,0,0,0.6428571428571429,0,0,0,0,0,0,0,0,0,0,0,0,1,0,0,0,0,0,0,0,0,0,0,0,0,0,0,0,0,0,0,0,1,0,0,0,0,0,0
4.61512051684126,0.0,0,24,1,3.1780538303479458,0.0,0,0,0,0,1.0,0,0,0,0,0,0,0,0,0,0,0,0,1,0,0,0,0,0,0,0,0,0,0,0,0,0,0,0,0,0,0,0,0,0,1,0,0,0,0
3.7376696182833684,0.0,0,33,2,6.003887067106539,0.0,0,1,0,0,0.9375,0,0,0,0,0,0,0,0,0,0,0,0,1,0,0,0,0,0,0,0,0,0,0,0,0,0,0,0,0,0,0,0,0,1,0,0,0,0,0
4.189654742026425,0.0,0,22,2,4.48863636973214,0.0,0,0,0,0,1.0,0,0,0,0,0,0,0,0,0,0,0,0,1,0,0,0,0,0,0,0,0,0,0,0,0,0,0,0,0,0,1,0,0,0,0,0,0,0,0
5.5254529391317835,0.0,0,57,6,5.926926025970411,6.2166061010848646,1,1,0,0,0.8653846153846154,0,0,0,0,0,0,0,0,0,0,0,0,1,0,0,0,0,0,0,0,0,0,0,0,0,0,0,0,0,0,1,0,0,0,0,0,0,0,0
4.1588830833596715,0.0,0,56,6,9.210340371976184,4.61512051684126,0,1,0,0,0.9411764705882353,0,0,0,0,0,0,0,0,0,0,0,0,1,0,0,0,0,0,0,0,0,0,0,0,0,0,0,0,0,0,1,0,0,0,0,0,0,0,0
4.795790545596741,0.0,0,28,4,3.7376696182833684,0.0,0,0,0,0,0.92,0,0,0,0,0,0,0,0,0,0,0,0,1,0,0,0,0,0,0,0,0,0,0,0,0,0,0,0,0,0,1,0,0,0,0,0,0,0,0
4.1588830833596715,0.0,0,42,7,7.707062655370473,4.61512051684126,0,1,0,0,0.8611111111111112,0,0,0,0,0,0,0,0,0,0,0,0,1,0,0,0,0,0,0,0,0,0,0,0,0,0,0,0,0,0,1,0,0,0,0,0,0,0,0
5.262690188904886,0.0,0,48,2,9.052164937010307,4.61512051684126,0,1,1,0,0.851063829787234,0,0,0,0,0,0,0,0,0,0,0,0,1,0,0,0,0,0,0,0,0,0,0,0,0,0,0,0,0,0,1,0,0,0,0,0,0,0,0
4.248495242049359,0.0,0,44,4,9.043458999670106,4.110873864173311,0,1,0,0,0.8780487804878049,0,0,0,0,0,0,0,0,0,0,0,0,1,0,0,0,0,0,0,0,0,0,0,0,0,0,0,0,0,0,1,0,0,0,0,0,0,0,0
5.017279836814924,0.0,0,109,13,2.4849066497880004,3.9318256327243257,0,1,1,0,0.8526315789473684,0,0,0,0,0,0,0,0,0,0,0,0,1,0,0,0,0,0,0,0,0,0,0,0,0,0,0,0,0,0,1,0,0,0,0,0,0,0,0
5.521460917862246,0.0,0,49,4,4.189654742026425,4.61512051684126,0,0,0,0,0.9347826086956522,0,0,0,0,0,0,0,0,0,0,0,0,1,0,0,0,0,0,0,0,0,0,0,0,0,0,0,0,0,0,1,0,0,0,0,0,0,0,0
4.07753744390572,0.0,0,34,4,7.151485463904735,5.993961427306569,1,1,0,0,0.7741935483870968,0,0,0,0,0,0,0,0,0,0,0,0,1,0,0,0,0,0,0,0,0,0,0,0,0,0,0,0,0,0,0,0,0,1,0,0,0,0,0
4.997212273764115,0.0,0,30,3,4.6913478822291435,0.0,0,0,0,0,1.0,0,0,0,0,0,0,0,0,0,0,0,0,1,0,0,0,0,0,0,0,0,0,0,0,0,0,0,0,0,0,1,0,0,0,0,0,0,0,0
4.060443010546419,0.0,0,61,6,8.704502289721232,4.110873864173311,1,1,1,0,0.8928571428571429,0,0,0,0,0,0,0,0,0,0,0,0,1,0,0,0,0,0,0,0,0,0,0,0,0,0,0,0,0,0,0,0,0,1,0,0,0,0,0
4.454347296253507,0.0,0,28,3,3.5263605246161616,0.0,0,1,0,0,1.0,0,0,0,0,0,0,0,0,0,0,0,0,1,0,0,0,0,0,0,0,0,0,0,0,0,0,0,0,0,0,0,0,0,0,1,0,0,0,0
3.4339872044851463,0.0,0,120,9,3.4965075614664802,4.110873864173311,0,1,0,0,0.7946428571428571,0,0,0,0,0,0,0,0,0,0,0,0,1,0,0,0,0,0,0,0,0,0,0,0,0,0,0,0,0,0,1,0,0,0,0,0,0,0,0
4.795790545596741,0.0,0,49,5,5.111987788356544,4.61512051684126,0,1,0,0,0.8888888888888888,0,0,0,0,0,0,0,0,0,0,0,0,1,0,0,0,0,0,0,0,0,0,0,0,0,0,0,0,0,0,0,0,1,0,0,0,0,0,0
3.2188758248682006,0.0,0,41,5,6.901737206656574,2.3978952727983707,0,1,0,0,0.8648648648648649,0,0,0,0,0,0,0,0,0,0,0,0,1,0,0,0,0,0,0,0,0,0,0,0,0,0,0,0,0,0,1,0,0,0,0,0,0,0,0
3.784189633918261,0.0,0,37,2,5.84354441703136,0.0,0,1,0,0,0.9444444444444444,0,0,0,0,0,0,0,0,0,0,0,0,1,0,0,0,0,0,0,0,0,0,0,0,0,0,0,0,0,0,0,0,0,1,0,0,0,0,0
3.7612001156935624,0.0,0,104,10,4.248495242049359,1.0986122886681098,1,1,1,0,0.9894736842105263,0,0,0,0,0,0,0,0,0,0,0,0,1,0,0,0,0,0,0,0,0,0,0,0,0,0,0,0,0,0,1,0,0,0,0,0,0,0,0
5.438079308923196,0.0,0,109,11,5.69035945432406,7.313886831633462,1,1,0,0,0.7575757575757576,0,0,0,0,0,0,0,0,0,0,0,0,1,0,0,0,0,0,0,0,0,0,0,0,0,0,0,0,0,0,0,0,0,1,0,0,0,0,0
4.2626798770413155,0.0,0,48,4,6.028278520230698,4.110873864173311,0,1,0,0,0.9111111111111111,0,0,0,0,0,0,0,0,0,0,0,0,1,0,0,0,0,0,0,0,0,0,0,0,0,0,0,0,0,0,1,0,0,0,0,0,0,0,0
4.983606621708336,0.0,0,49,7,4.30406509320417,3.4339872044851463,0,1,0,0,0.9302325581395349,0,0,0,0,0,0,0,0,0,0,0,0,1,0,0,0,0,0,0,0,0,0,0,0,0,0,0,0,0,0,1,0,0,0,0,0,0,0,0
4.330733340286331,0.0,0,34,4,7.356918242356021,0.0,0,0,0,0,0.5806451612903226,0,0,0,0,0,0,0,0,0,0,0,0,1,0,0,0,0,0,0,0,0,0,0,0,0,0,0,0,0,0,1,0,0,0,0,0,0,0,0
5.968707559985366,0.0,0,81,7,5.3981627015177525,0.6931471805599453,0,0,1,1,0.9733333333333334,0,0,0,0,0,0,0,0,0,0,0,0,1,0,0,0,0,0,0,0,0,0,0,0,0,0,0,0,0,0,0,0,0,0,1,0,0,0,0
4.394449154672439,0.0,0,41,5,4.624972813284271,4.61512051684126,0,1,0,0,0.8648648648648649,0,0,0,0,0,0,0,0,0,0,0,0,1,0,0,0,0,0,0,0,0,0,0,0,0,0,0,0,0,0,1,0,0,0,0,0,0,0,0
5.707110264748875,0.0,0,86,9,4.820281565605037,5.303304908059076,0,1,1,0,0.9102564102564102,0,0,0,0,0,0,0,0,0,0,0,0,1,0,0,0,0,0,0,0,0,0,0,0,0,0,0,0,0,0,1,0,0,0,0,0,0,0,0
5.662960480135946,0.0,0,106,10,0.0,3.4339872044851463,0,1,1,1,0.9157894736842105,0,0,0,0,0,0,0,0,0,0,0,0,1,0,0,0,0,0,0,0,0,0,0,0,0,0,0,0,0,0,1,0,0,0,0,0,0,0,0
5.278114659230517,0.0,0,79,7,0.0,0.0,0,0,1,0,0.8356164383561644,0,0,0,0,0,0,0,0,0,0,0,0,1,0,0,0,0,0,0,0,0,0,0,0,0,0,0,0,0,0,1,0,0,0,0,0,0,0,0
4.110873864173311,0.0,0,62,9,0.0,0.0,1,0,0,0,0.7222222222222222,0,0,0,0,0,0,0,0,0,0,0,0,0,0,0,0,0,0,1,0,0,0,0,0,0,0,0,0,0,0,0,1,0,0,0,0,0,0,0
4.867534450455582,0.0,0,119,12,0.0,1.791759469228055,0,1,0,0,0.6481481481481481,0,0,0,0,0,0,0,0,0,0,0,0,0,0,0,0,0,0,1,0,0,0,0,0,0,0,0,0,0,0,0,0,1,0,0,0,0,0,0
4.867534450455582,0.0,0,119,13,0.0,1.791759469228055,0,1,0,0,0.6355140186915887,0,0,0,0,0,0,0,0,0,0,0,0,0,0,0,0,0,0,1,0,0,0,0,0,0,0,0,0,0,0,0,0,1,0,0,0,0,0,0
8.157943507105037,0.0,0,53,7,0.0,5.993961427306569,1,0,0,0,0.5957446808510638,0,0,0,0,0,0,0,0,0,0,0,0,0,0,0,0,0,0,1,0,0,0,0,0,0,0,0,0,0,0,1,0,0,0,0,0,0,0,0
7.259116128097101,0.0,0,74,16,0.0,6.68586094706836,1,0,0,1,0.6271186440677966,0,0,0,0,0,0,0,0,0,0,0,0,0,0,0,0,0,0,1,0,0,0,0,0,0,0,0,0,0,0,1,0,0,0,0,0,0,0,0
6.918695219020472,0.0,0,29,4,0.0,6.7464121285733745,1,0,0,0,0.8846153846153846,0,0,0,0,0,0,0,0,0,0,0,0,0,0,0,0,0,0,1,0,0,0,0,0,0,0,0,0,0,0,0,0,0,0,0,0,1,0,0
7.85979918056211,0.0,0,145,16,0.0,5.993961427306569,1,0,0,1,0.8384615384615385,0,0,0,0,0,0,0,0,0,0,0,0,0,0,0,0,0,0,1,0,0,0,0,0,0,0,0,0,0,0,1,0,0,0,0,0,0,0,0
4.605170185988092,0.0,0,27,3,0.0,0.0,0,0,0,0,0.68,0,0,0,0,0,0,0,0,0,0,0,0,0,0,0,0,0,0,1,0,0,0,0,0,0,0,0,0,0,0,0,0,0,0,0,0,1,0,0
6.825460036255307,0.0,0,139,14,0.0,5.993961427306569,1,0,0,0,0.8412698412698413,0,0,0,0,0,0,0,0,0,0,0,0,0,0,0,0,0,0,1,0,0,0,0,0,0,0,0,0,0,0,1,0,0,0,0,0,0,0,0
6.030685260261263,0.0,0,77,12,0.0,6.68586094706836,1,0,0,0,0.6666666666666666,0,0,0,0,0,0,0,0,0,0,0,0,0,0,0,0,0,0,1,0,0,0,0,0,0,0,0,0,0,0,1,0,0,0,0,0,0,0,0
7.3783837129967145,0.0,0,139,14,0.0,5.993961427306569,1,0,0,0,0.8412698412698413,0,0,0,0,0,0,0,0,0,0,0,0,0,0,0,0,0,0,1,0,0,0,0,0,0,0,0,0,0,0,1,0,0,0,0,0,0,0,0
6.803505257608338,0.0,0,118,9,0.0,4.795790545596741,0,0,0,1,0.9727272727272728,0,0,0,0,0,0,0,0,0,0,0,0,0,0,0,0,0,0,1,0,0,0,0,0,0,0,0,0,0,0,0,0,0,1,0,0,0,0,0
6.710523109452428,0.0,0,92,11,0.0,6.7464121285733745,1,0,0,0,0.8048780487804879,0,0,0,0,0,0,0,0,0,0,0,0,0,0,0,0,0,0,1,0,0,0,0,0,0,0,0,0,0,0,1,0,0,0,0,0,0,0,0
6.79794041297493,0.0,0,77,10,0.0,4.61512051684126,0,1,1,0,0.75,0,0,0,0,0,0,0,0,0,0,0,0,0,0,0,0,0,0,1,0,0,0,0,0,0,0,0,0,0,0,1,0,0,0,0,0,0,0,0
4.718498871295094,0.0,0,122,18,0.0,5.5254529391317835,0,0,0,0,0.6634615384615384,0,0,0,0,0,0,0,0,0,0,0,0,0,0,0,0,0,0,1,0,0,0,0,0,0,0,0,0,0,0,0,0,0,0,0,0,1,0,0
5.081404364984463,0.0,0,32,4,0.0,5.303304908059076,1,0,0,0,0.0,0,0,0,0,0,0,0,0,0,0,0,0,0,0,0,0,0,0,1,0,0,0,0,0,0,0,0,0,0,0,1,0,0,0,0,0,0,0,0
6.144185634125646,0.0,0,107,17,0.0,5.993961427306569,1,0,0,0,0.5934065934065934,0,0,0,0,0,0,0,0,0,0,0,0,0,0,0,0,0,0,1,0,0,0,0,0,0,0,0,0,0,0,1,0,0,0,0,0,0,0,0
5.564520407322694,0.0,0,70,12,0.0,5.993961427306569,1,0,0,0,0.7457627118644068,0,0,0,0,0,0,0,0,0,0,0,0,0,0,0,0,0,0,1,0,0,0,0,0,0,0,0,0,0,0,0,1,0,0,0,0,0,0,0
6.054439346269371,0.0,0,134,16,0.0,6.68586094706836,0,0,0,1,0.5630252100840336,0,0,0,0,0,0,0,0,0,0,0,0,0,0,0,0,0,0,1,0,0,0,0,0,0,0,0,0,0,0,0,0,0,1,0,0,0,0,0
6.660575149839686,0.0,0,104,16,0.0,2.772588722239781,0,1,0,0,0.797752808988764,0,0,0,0,0,0,0,0,0,0,0,0,0,0,0,0,0,0,1,0,0,0,0,0,0,0,0,0,0,0,1,0,0,0,0,0,0,0,0
6.673297967767654,0.0,0,99,11,0.0,7.613324979540639,1,0,0,0,0.5795454545454546,0,0,0,0,0,0,0,0,0,0,0,0,0,0,0,0,0,0,1,0,0,0,0,0,0,0,0,0,0,0,0,0,0,1,0,0,0,0,0
7.1631723908466425,0.0,0,124,20,0.0,5.017279836814924,0,0,0,0,0.49523809523809526,0,0,0,0,0,0,0,0,0,0,0,0,0,0,0,0,0,0,1,0,0,0,0,0,0,0,0,0,0,0,0,0,0,0,1,0,0,0,0
6.710523109452428,0.0,0,82,10,0.0,5.993961427306569,1,0,0,1,0.9178082191780822,0,0,0,0,0,0,0,0,0,0,0,0,0,0,0,0,0,0,1,0,0,0,0,0,0,0,0,0,0,0,0,0,0,1,0,0,0,0,0
7.1316985104669115,0.0,0,104,12,0.0,5.993961427306569,1,0,0,1,0.9247311827956989,0,0,0,0,0,0,0,0,0,0,0,0,0,0,0,0,0,0,1,0,0,0,0,0,0,0,0,0,0,0,0,0,0,1,0,0,0,0,0
6.7580945044277305,0.0,0,32,6,0.0,6.68586094706836,1,0,0,0,0.2962962962962963,0,0,0,0,0,0,0,0,0,0,0,0,0,0,0,0,0,0,1,0,0,0,0,0,0,0,0,0,0,0,0,0,0,0,1,0,0,0,0
6.7580945044277305,0.0,0,31,6,0.0,6.68586094706836,1,0,0,0,0.3076923076923077,0,0,0,0,0,0,0,0,0,0,0,0,0,0,0,0,0,0,1,0,0,0,0,0,0,0,0,0,0,0,0,0,0,0,1,0,0,0,0
6.3818160174060985,0.0,0,133,14,0.0,0.6931471805599453,1,0,0,1,0.8833333333333333,0,0,0,0,0,0,0,0,0,0,0,0,0,0,0,0,0,0,1,0,0,0,0,0,0,0,0,0,0,0,1,0,0,0,0,0,0,0,0
6.018593214496234,0.0,0,110,8,1.9459101490553132,5.993961427306569,1,0,0,0,0.970873786407767,0,0,0,0,0,0,0,0,0,0,0,0,0,0,0,0,0,0,1,0,0,0,0,0,0,0,0,0,0,0,1,0,0,0,0,0,0,0,0
6.659293919683638,0.0,0,72,10,0.0,6.7464121285733745,1,0,0,0,0.746031746031746,0,0,0,0,0,0,0,0,0,0,0,0,0,0,0,0,0,0,1,0,0,0,0,0,0,0,0,0,0,0,1,0,0,0,0,0,0,0,0
7.85979918056211,0.0,0,145,16,0.0,5.993961427306569,1,0,0,1,0.8384615384615385,0,0,0,0,0,0,0,0,0,0,0,0,0,0,0,0,0,0,1,0,0,0,0,0,0,0,0,0,0,0,1,0,0,0,0,0,0,0,0
8.157943507105037,0.0,0,145,16,0.0,5.993961427306569,1,0,0,1,0.8384615384615385,0,0,0,0,0,0,0,0,0,0,0,0,0,0,0,0,0,0,1,0,0,0,0,0,0,0,0,0,0,0,1,0,0,0,0,0,0,0,0
7.3783837129967145,0.0,0,139,14,1.791759469228055,5.993961427306569,1,0,0,0,0.8412698412698413,0,0,0,0,0,0,0,0,0,0,0,0,0,0,0,0,0,0,1,0,0,0,0,0,0,0,0,0,0,0,1,0,0,0,0,0,0,0,0
6.825460036255307,0.0,0,139,14,0.0,5.993961427306569,1,0,0,0,0.8412698412698413,0,0,0,0,0,0,0,0,0,0,0,0,0,0,0,0,0,0,1,0,0,0,0,0,0,0,0,0,0,0,1,0,0,0,0,0,0,0,0
6.802394763324311,0.0,0,84,12,2.4849066497880004,7.613818684808629,1,0,0,0,0.4931506849315068,0,0,0,0,0,0,0,0,0,0,0,0,0,0,0,0,0,0,1,0,0,0,0,0,0,0,0,0,0,0,0,0,0,0,1,0,0,0,0
6.792344427470809,0.0,0,115,14,0.0,7.613324979540639,1,0,0,0,0.6470588235294118,0,0,0,0,0,0,0,0,0,0,0,0,0,0,0,0,0,0,1,0,0,0,0,0,0,0,0,0,0,0,0,0,0,0,1,0,0,0,0
6.792344427470809,0.0,0,91,10,0.0,7.613324979540639,1,0,0,0,0.5487804878048781,0,0,0,0,0,0,0,0,0,0,0,0,0,0,0,0,0,0,1,0,0,0,0,0,0,0,0,0,0,0,0,0,0,0,1,0,0,0,0
5.521460917862246,0.0,0,94,11,0.0,3.4965075614664802,0,0,1,0,0.5952380952380952,0,0,0,0,0,0,0,0,0,0,0,0,0,0,0,0,0,0,1,0,0,0,0,0,0,0,0,0,0,0,1,0,0,0,0,0,0,0,0
4.330733340286331,0.0,0,136,12,0.0,4.110873864173311,1,0,0,0,0.944,0,0,0,0,0,0,0,0,0,0,0,0,0,0,0,0,0,0,1,0,0,0,0,0,0,0,0,0,0,0,1,0,0,0,0,0,0,0,0
6.261491684321042,0.0,0,103,7,0.0,5.993961427306569,1,0,0,0,0.9690721649484536,0,0,0,0,0,0,0,0,0,0,0,0,0,0,0,0,0,0,1,0,0,0,0,0,0,0,0,0,0,0,0,1,0,0,0,0,0,0,0
6.1092475827643655,0.0,0,70,9,2.302585092994046,5.993961427306569,0,0,0,0,0.5645161290322581,0,0,0,0,0,0,0,0,0,0,0,0,0,0,0,0,0,0,1,0,0,0,0,0,0,0,0,0,0,0,1,0,0,0,0,0,0,0,0
3.828641396489095,0.0,0,62,9,0.0,0.0,1,0,0,0,0.7222222222222222,0,0,0,0,0,0,0,0,0,0,0,0,0,0,0,0,0,0,1,0,0,0,0,0,0,0,0,0,0,0,0,1,0,0,0,0,0,0,0
5.420534999272286,0.0,0,25,1,3.332204510175204,0.0,0,0,0,0,0.44,0,0,0,0,0,0,0,0,0,0,0,0,0,0,0,0,0,0,1,0,0,0,0,0,0,0,0,0,0,0,1,0,0,0,0,0,0,0,0
5.14166355650266,0.0,0,147,14,7.241366283322318,0.0,0,0,0,0,0.7761194029850746,0,0,0,0,0,0,0,0,0,0,0,0,0,0,0,0,0,0,1,0,0,0,0,0,0,0,0,0,0,0,1,0,0,0,0,0,0,0,0
5.278114659230517,0.0,0,88,15,5.1647859739235145,4.61512051684126,0,1,1,0,0.6351351351351351,0,0,0,0,0,0,0,0,0,0,0,0,0,0,0,0,0,0,1,0,0,0,0,0,0,0,0,0,0,0,0,1,0,0,0,0,0,0,0
6.423246963533519,0.0,0,62,8,4.653960350157523,7.601402334583733,1,0,0,0,0.2909090909090909,0,0,0,0,0,0,0,0,0,0,0,0,0,0,0,0,0,0,1,0,0,0,0,0,0,0,0,0,0,0,1,0,0,0,0,0,0,0,0
4.605170185988092,0.0,0,126,11,4.770684624465665,0.0,0,0,0,0,0.6896551724137931,0,0,0,0,0,0,0,0,0,0,0,0,0,0,0,0,0,0,1,0,0,0,0,0,0,0,0,0,0,0,1,0,0,0,0,0,0,0,0
6.824373670043086,0.0,0,93,7,4.499809670330265,1.0986122886681098,0,0,0,0,0.8735632183908046,0,0,0,0,0,0,0,0,0,0,0,0,0,0,0,0,0,0,1,0,0,0,0,0,0,0,0,0,0,0,1,0,0,0,0,0,0,0,0
5.375278407684165,0.0,0,75,14,3.713572066704308,3.2188758248682006,1,1,0,0,0.5161290322580645,0,0,0,0,0,0,0,0,0,0,0,0,0,0,0,0,0,0,1,0,0,0,0,0,0,0,0,0,0,0,1,0,0,0,0,0,0,0,0
6.641182169740591,0.0,0,18,1,1.791759469228055,0.0,0,0,0,0,0.9444444444444444,0,0,0,0,0,0,0,0,0,0,0,0,0,0,0,0,0,0,1,0,0,0,0,0,0,0,0,0,0,0,1,0,0,0,0,0,0,0,0
5.860786223465865,0.0,0,109,14,6.692083742506628,0.0,0,0,0,0,0.6354166666666666,0,0,0,0,0,0,0,0,0,0,0,0,0,0,0,0,0,0,1,0,0,0,0,0,0,0,0,0,0,0,1,0,0,0,0,0,0,0,0
5.857933154483459,0.0,0,57,7,4.787491742782046,5.993961427306569,0,0,0,0,0.5294117647058824,0,0,0,0,0,0,0,0,0,0,0,0,0,0,0,0,0,0,1,0,0,0,0,0,0,0,0,0,0,0,1,0,0,0,0,0,0,0,0
4.912654885736052,0.0,0,70,7,2.70805020110221,2.3978952727983707,1,0,0,0,0.59375,0,0,0,0,0,0,0,0,0,0,0,0,0,0,0,0,0,0,1,0,0,0,0,0,0,0,0,0,0,0,1,0,0,0,0,0,0,0,0
6.633318433280377,0.0,0,103,11,5.707110264748875,3.4339872044851463,0,1,0,0,0.8172043010752689,0,0,0,0,0,0,0,0,0,0,0,0,0,0,0,0,0,0,1,0,0,0,0,0,0,0,0,0,0,0,1,0,0,0,0,0,0,0,0
6.579251212010101,0.0,0,83,9,5.808142489980444,3.4339872044851463,0,1,0,0,0.72,0,0,0,0,0,0,0,0,0,0,0,0,0,0,0,0,0,0,1,0,0,0,0,0,0,0,0,0,0,0,1,0,0,0,0,0,0,0,0
5.3981627015177525,0.0,0,98,9,4.709530201312334,0.0,0,0,0,0,0.9,0,0,0,0,0,0,0,0,0,0,0,0,0,0,0,0,0,0,1,0,0,0,0,0,0,0,0,0,0,0,0,0,0,1,0,0,0,0,0
6.779921907472252,0.0,0,111,11,2.3978952727983707,1.3862943611198906,1,0,0,0,0.8118811881188119,0,0,0,0,0,0,0,0,0,0,0,0,0,0,0,0,0,0,1,0,0,0,0,0,0,0,0,0,0,0,1,0,0,0,0,0,0,0,0
5.707110264748875,0.0,0,78,11,1.9459101490553132,2.3978952727983707,0,1,0,0,0.7352941176470589,0,0,0,0,0,0,0,0,0,0,0,0,0,0,0,0,0,0,1,0,0,0,0,0,0,0,0,0,0,0,1,0,0,0,0,0,0,0,0
4.890349128221754,0.0,0,120,10,1.791759469228055,0.0,0,0,0,0,0.7657657657657657,0,0,0,0,0,0,0,0,0,0,0,0,0,0,0,0,0,0,1,0,0,0,0,0,0,0,0,0,0,0,1,0,0,0,0,0,0,0,0
3.871201010907891,0.0,0,84,12,5.501258210544727,2.3978952727983707,0,1,0,0,0.6301369863013698,0,0,0,0,0,0,0,0,0,0,0,0,0,0,0,0,0,0,1,0,0,0,0,0,0,0,0,0,0,0,1,0,0,0,0,0,0,0,0
6.7464121285733745,0.0,0,119,9,4.430816798843313,7.613818684808629,1,0,1,0,0.8636363636363636,0,0,0,0,0,0,0,0,0,0,0,0,0,0,0,0,0,0,1,0,0,0,0,0,0,0,0,0,0,0,0,1,0,0,0,0,0,0,0
4.61512051684126,0.0,0,50,8,8.717190933223135,5.8664680569332965,1,1,0,0,0.813953488372093,0,0,0,0,0,0,0,0,0,0,0,0,0,0,0,0,0,0,1,0,0,0,0,0,0,0,0,0,0,0,1,0,0,0,0,0,0,0,0
5.583496308781699,0.0,0,61,6,5.3612921657094255,5.707110264748875,1,0,0,0,0.6964285714285714,0,0,0,0,0,0,0,0,0,0,0,0,0,0,0,0,0,0,1,0,0,0,0,0,0,0,0,0,0,0,1,0,0,0,0,0,0,0,0
6.536691597591305,0.0,0,75,9,4.143134726391533,7.614312146452,1,1,0,0,0.7014925373134329,0,0,0,0,0,0,0,0,0,0,0,0,0,0,0,0,0,0,1,0,0,0,0,0,0,0,0,0,0,0,1,0,0,0,0,0,0,0,0
5.111987788356544,0.0,0,77,12,5.1298987149230735,7.613324979540639,0,1,1,0,0.6212121212121212,0,0,0,0,0,0,0,0,0,0,0,0,0,0,0,0,0,0,1,0,0,0,0,0,0,0,0,0,0,0,0,0,1,0,0,0,0,0,0
7.265429723253953,0.0,0,86,10,5.683579767338681,5.472270673671475,1,0,0,0,0.8051948051948052,0,0,0,0,0,0,0,0,0,0,0,0,0,0,0,0,0,0,1,0,0,0,0,0,0,0,0,0,0,0,1,0,0,0,0,0,0,0,0
7.147559271189454,0.0,0,108,12,6.786716950605081,3.044522437723423,0,0,0,0,0.8556701030927835,0,0,0,0,0,0,0,0,0,0,0,0,0,0,0,0,0,0,1,0,0,0,0,0,0,0,0,0,0,0,1,0,0,0,0,0,0,0,0
6.684611727667927,0.0,0,247,9,6.210600077024653,5.993961427306569,0,0,0,0,0.8865546218487395,0,0,0,0,0,0,0,0,0,0,0,0,0,0,0,0,0,0,1,0,0,0,0,0,0,0,0,0,0,0,1,0,0,0,0,0,0,0,0
4.836281906951478,0.0,0,78,7,6.293419278846481,0.0,0,0,0,0,1.0,0,0,0,0,0,0,0,0,0,0,0,0,0,0,0,0,0,0,1,0,0,0,0,0,0,0,0,0,0,0,1,0,0,0,0,0,0,0,0
5.0689042022202315,0.0,0,120,15,5.356586274672012,3.4339872044851463,0,1,0,0,0.8018867924528302,0,0,0,0,0,0,0,0,0,0,0,0,0,0,0,0,0,0,1,0,0,0,0,0,0,0,0,0,0,0,0,0,0,0,0,0,0,0,1
5.017279836814924,0.0,0,60,10,6.29156913955832,5.303304908059076,0,0,0,0,0.6470588235294118,0,0,0,0,0,0,0,0,0,0,0,0,0,0,0,0,0,0,1,0,0,0,0,0,0,0,0,0,0,0,1,0,0,0,0,0,0,0,0
6.716594773520978,0.0,0,37,4,7.509883061154913,6.7464121285733745,0,0,0,0,0.5882352941176471,0,0,0,0,0,0,0,0,0,0,0,0,0,0,0,0,0,0,1,0,0,0,0,0,0,0,0,0,0,0,0,0,0,0,0,0,1,0,0
6.46302945692067,0.0,0,47,7,5.634789603169249,4.61512051684126,0,1,1,0,0.7560975609756098,0,0,0,0,0,0,0,0,0,0,0,0,0,0,0,0,0,0,1,0,0,0,0,0,0,0,0,0,0,0,1,0,0,0,0,0,0,0,0
6.841615476477592,0.0,0,95,15,5.25227342804663,1.791759469228055,0,0,0,1,0.7530864197530864,0,0,0,0,0,0,0,0,0,0,0,0,0,0,0,0,0,0,1,0,0,0,0,0,0,0,0,0,0,0,1,0,0,0,0,0,0,0,0
6.721425700790643,0.0,0,48,7,7.430707082545968,7.824445930877619,1,0,0,0,0.5952380952380952,0,0,0,0,0,0,0,0,0,0,0,0,0,0,0,0,0,0,1,0,0,0,0,0,0,0,0,0,0,0,1,0,0,0,0,0,0,0,0
6.692083742506628,0.0,0,102,13,8.441607204459642,6.7464121285733745,1,0,0,0,0.8222222222222222,0,0,0,0,0,0,0,0,0,0,0,0,0,0,0,0,0,0,1,0,0,0,0,0,0,0,0,0,0,0,1,0,0,0,0,0,0,0,0
5.771441123130016,0.0,0,38,3,6.304448802421981,0.0,0,0,0,0,0.9142857142857143,0,0,0,0,0,0,0,0,0,0,0,0,0,0,0,0,0,0,1,0,0,0,0,0,0,0,0,0,0,0,1,0,0,0,0,0,0,0,0
5.598421958998375,0.0,0,70,10,4.7535901911063645,5.5254529391317835,0,0,0,0,0.6166666666666667,0,0,0,0,0,0,0,0,0,0,0,0,0,0,0,0,0,0,1,0,0,0,0,0,0,0,0,0,0,0,1,0,0,0,0,0,0,0,0
6.194405391104672,0.0,0,59,8,7.621684998724611,0.0,0,0,0,0,0.6274509803921569,0,0,0,0,0,0,0,0,0,0,0,0,0,0,0,0,0,0,1,0,0,0,0,0,0,0,0,0,0,0,1,0,0,0,0,0,0,0,0
4.890349128221754,0.0,0,109,10,4.820281565605037,3.9318256327243257,0,0,0,0,0.84,0,0,0,0,0,0,0,0,0,0,0,0,0,0,0,0,0,0,1,0,0,0,0,0,0,0,0,0,0,0,0,0,0,0,1,0,0,0,0
5.583496308781699,0.0,0,119,15,6.54965074223381,1.3862943611198906,0,1,0,0,0.8461538461538461,0,0,0,0,0,0,0,0,0,0,0,0,0,0,0,0,0,0,1,0,0,0,0,0,0,0,0,0,0,0,1,0,0,0,0,0,0,0,0
6.695798917058491,0.0,0,102,13,8.441607204459642,6.7464121285733745,1,0,0,0,0.8222222222222222,0,0,0,0,0,0,0,0,0,0,0,0,0,0,0,0,0,0,1,0,0,0,0,0,0,0,0,0,0,0,1,0,0,0,0,0,0,0,0
4.499809670330265,0.0,0,130,19,0.0,10.31231367277647,1,1,0,0,0.5803571428571429,0,0,0,0,1,0,0,0,0,0,0,0,0,0,0,0,0,0,0,0,0,0,0,0,0,0,0,0,0,0,1,0,0,0,0,0,0,0,0
6.293419278846481,0.0,0,122,15,0.0,6.90875477931522,1,1,0,0,0.6509433962264151,0,0,0,0,1,0,0,0,0,0,0,0,0,0,0,0,0,0,0,0,0,0,0,0,0,0,0,0,0,0,0,0,0,0,0,0,1,0,0
4.90527477843843,0.0,0,31,2,0.0,0.0,0,1,0,0,1.0,0,0,0,0,1,0,0,0,0,0,0,0,0,0,0,0,0,0,0,0,0,0,0,0,0,0,0,0,0,0,1,0,0,0,0,0,0,0,0
7.3752557780097545,0.0,0,122,21,0.0,4.795790545596741,0,1,0,1,0.1568627450980392,0,0,0,0,1,0,0,0,0,0,0,0,0,0,0,0,0,0,0,0,0,0,0,0,0,0,0,0,0,0,0,0,0,0,0,0,1,0,0
8.005033344637111,0.0,0,122,21,0.0,4.795790545596741,0,1,0,1,0.1568627450980392,0,0,0,0,1,0,0,0,0,0,0,0,0,0,0,0,0,0,0,0,0,0,0,0,0,0,0,0,0,0,0,0,0,0,0,0,1,0,0
6.8885724595653635,0.0,0,58,9,0.0,5.017279836814924,0,1,0,0,0.12,0,0,0,0,1,0,0,0,0,0,0,0,0,0,0,0,0,0,0,0,0,0,0,0,0,0,0,0,0,0,0,0,0,0,0,0,1,0,0
6.311734809152915,0.0,0,79,11,0.0,5.017279836814924,0,1,0,0,0.6666666666666666,0,0,0,0,1,0,0,0,0,0,0,0,0,0,0,0,0,0,0,0,0,0,0,0,0,0,0,0,0,0,0,0,0,0,0,0,1,0,0
4.663439094112067,0.0,0,67,7,0.0,3.4339872044851463,0,1,0,0,0.5245901639344263,0,0,0,0,1,0,0,0,0,0,0,0,0,0,0,0,0,0,0,0,0,0,0,0,0,0,0,0,0,0,1,0,0,0,0,0,0,0,0
6.0063531596017325,0.0,0,77,12,0.0,6.90875477931522,1,1,0,0,0.6212121212121212,0,0,0,0,1,0,0,0,0,0,0,0,0,0,0,0,0,0,0,0,0,0,0,0,0,0,0,0,0,0,1,0,0,0,0,0,0,0,0
5.552184090505087,0.0,0,74,11,0.0,6.90875477931522,1,1,0,0,0.7619047619047619,0,0,0,0,1,0,0,0,0,0,0,0,0,0,0,0,0,0,0,0,0,0,0,0,0,0,0,0,0,0,1,0,0,0,0,0,0,0,0
5.574053367981417,0.0,0,74,11,0.0,6.90875477931522,1,1,0,0,0.7619047619047619,0,0,0,0,1,0,0,0,0,0,0,0,0,0,0,0,0,0,0,0,0,0,0,0,0,0,0,0,0,0,1,0,0,0,0,0,0,0,0
5.017279836814924,0.0,0,55,10,3.1780538303479458,6.2166061010848646,1,1,0,0,0.6590909090909091,0,0,0,0,1,0,0,0,0,0,0,0,0,0,0,0,0,0,0,0,0,0,0,0,0,0,0,0,0,0,1,0,0,0,0,0,0,0,0
5.484796933490655,0.0,0,83,12,0.0,6.2166061010848646,1,1,0,0,0.676056338028169,0,0,0,0,1,0,0,0,0,0,0,0,0,0,0,0,0,0,0,0,0,0,0,0,0,0,0,0,0,0,1,0,0,0,0,0,0,0,0
5.986200717432883,0.0,0,77,12,0.0,6.90875477931522,1,1,0,0,0.6212121212121212,0,0,0,0,1,0,0,0,0,0,0,0,0,0,0,0,0,0,0,0,0,0,0,0,0,0,0,0,0,0,1,0,0,0,0,0,0,0,0
5.393627546352362,0.0,0,108,15,0.0,6.398594934535208,1,1,0,0,0.574468085106383,0,0,0,0,1,0,0,0,0,0,0,0,0,0,0,0,0,0,0,0,0,0,0,0,0,0,0,0,0,0,0,0,0,1,0,0,0,0,0
4.997212273764115,0.0,0,55,10,0.0,6.2166061010848646,1,1,0,0,0.6590909090909091,0,0,0,0,1,0,0,0,0,0,0,0,0,0,0,0,0,0,0,0,0,0,0,0,0,0,0,0,0,0,1,0,0,0,0,0,0,0,0
5.464678903763262,0.0,0,83,12,0.0,6.2166061010848646,1,1,0,0,0.676056338028169,0,0,0,0,1,0,0,0,0,0,0,0,0,0,0,0,0,0,0,0,0,0,0,0,0,0,0,0,0,0,1,0,0,0,0,0,0,0,0
5.351858133476067,0.0,0,77,10,3.367295829986474,0.0,0,0,0,0,0.7272727272727273,0,0,0,0,1,0,0,0,0,0,0,0,0,0,0,0,0,0,0,0,0,0,0,0,0,0,0,0,0,0,1,0,0,0,0,0,0,0,0
6.8885724595653635,0.0,0,90,9,0.0,0.0,1,0,1,0,0.9146341463414634,0,0,0,0,1,0,0,0,0,0,0,0,0,0,0,0,0,0,0,0,0,0,0,0,0,0,0,0,0,0,1,0,0,0,0,0,0,0,0
5.017279836814924,0.0,0,94,9,0.0,6.2166061010848646,1,1,0,0,0.9418604651162791,0,0,0,0,1,0,0,0,0,0,0,0,0,0,0,0,0,0,0,0,0,0,0,0,0,0,0,0,0,0,1,0,0,0,0,0,0,0,0
4.663439094112067,0.0,0,61,6,0.0,0.0,0,0,1,0,0.6428571428571429,0,0,0,0,1,0,0,0,0,0,0,0,0,0,0,0,0,0,0,0,0,0,0,0,0,0,0,0,0,0,0,0,0,1,0,0,0,0,0
6.918695219020472,0.0,0,84,6,0.0,0.0,0,0,1,0,0.759493670886076,0,0,0,0,1,0,0,0,0,0,0,0,0,0,0,0,0,0,0,0,0,0,0,0,0,0,0,0,0,0,0,0,0,1,0,0,0,0,0
6.898714534329988,0.0,0,99,16,0.0,5.303304908059076,0,1,0,0,0.5476190476190477,0,0,0,0,1,0,0,0,0,0,0,0,0,0,0,0,0,0,0,0,0,0,0,0,0,0,0,0,0,0,1,0,0,0,0,0,0,0,0
6.621405651764134,0.0,0,46,6,0.0,3.2188758248682006,0,0,0,0,0.0,0,0,0,0,1,0,0,0,0,0,0,0,0,0,0,0,0,0,0,0,0,0,0,0,0,0,0,0,0,0,1,0,0,0,0,0,0,0,0
6.673297967767654,0.0,0,6,1,0.0,0.0,0,0,0,0,0.0,0,0,0,0,1,0,0,0,0,0,0,0,0,0,0,0,0,0,0,0,0,0,0,0,0,0,0,0,0,0,1,0,0,0,0,0,0,0,0
5.521460917862246,0.0,0,90,11,0.0,7.0909098220799835,1,1,0,0,0.625,0,0,0,0,1,0,0,0,0,0,0,0,0,0,0,0,0,0,0,0,0,0,0,0,0,0,0,0,0,0,1,0,0,0,0,0,0,0,0
7.43307534889858,0.0,0,122,17,0.0,3.7612001156935624,0,0,0,0,0.42452830188679247,0,0,0,0,1,0,0,0,0,0,0,0,0,0,0,0,0,0,0,0,0,0,0,0,0,0,0,0,0,0,1,0,0,0,0,0,0,0,0
6.852242569051878,0.0,0,109,16,0.0,4.795790545596741,0,0,0,0,0.0,0,0,0,0,1,0,0,0,0,0,0,0,0,0,0,0,0,0,0,0,0,0,0,0,0,0,0,0,0,0,1,0,0,0,0,0,0,0,0
6.647688373563329,0.0,0,45,7,0.0,3.4339872044851463,0,0,0,0,0.0,0,0,0,0,1,0,0,0,0,0,0,0,0,0,0,0,0,0,0,0,0,0,0,0,0,0,0,0,0,0,1,0,0,0,0,0,0,0,0
5.860786223465865,0.0,0,77,9,0.0,4.795790545596741,1,0,0,0,0.7391304347826086,0,0,0,0,1,0,0,0,0,0,0,0,0,0,0,0,0,0,0,0,0,0,0,0,0,0,0,0,0,0,0,0,0,1,0,0,0,0,0
5.484796933490655,0.0,0,110,13,0.0,6.2166061010848646,1,1,1,0,0.7755102040816326,0,0,0,0,1,0,0,0,0,0,0,0,0,0,0,0,0,0,0,0,0,0,0,0,0,0,0,0,0,0,0,0,0,0,1,0,0,0,0
4.941642422609304,0.0,0,110,13,0.0,6.2166061010848646,1,1,1,0,0.7755102040816326,0,0,0,0,1,0,0,0,0,0,0,0,0,0,0,0,0,0,0,0,0,0,0,0,0,0,0,0,0,0,0,0,0,0,1,0,0,0,0
5.170483995038151,0.0,0,135,16,1.791759469228055,4.61512051684126,0,0,1,0,0.8666666666666667,0,0,0,0,1,0,0,0,0,0,0,0,0,0,0,0,0,0,0,0,0,0,0,0,0,0,0,0,0,0,0,0,0,0,1,0,0,0,0
5.961005339623274,0.0,0,110,13,0.0,4.61512051684126,1,1,1,0,0.7755102040816326,0,0,0,0,1,0,0,0,0,0,0,0,0,0,0,0,0,0,0,0,0,0,0,0,0,0,0,0,0,0,0,0,0,0,1,0,0,0,0
4.605170185988092,0.0,0,41,7,0.0,6.90875477931522,1,1,0,0,0.0,0,0,0,0,1,0,0,0,0,0,0,0,0,0,0,0,0,0,0,0,0,0,0,0,0,0,0,0,0,0,1,0,0,0,0,0,0,0,0
5.0106352940962555,0.0,0,99,17,2.0794415416798357,3.4339872044851463,0,1,0,0,0.7590361445783133,0,0,0,0,1,0,0,0,0,0,0,0,0,0,0,0,0,0,0,0,0,0,0,0,0,0,0,0,0,0,1,0,0,0,0,0,0,0,0
6.309918278226516,0.0,0,78,7,1.9459101490553132,0.6931471805599453,0,0,0,0,0.7916666666666666,0,0,0,0,1,0,0,0,0,0,0,0,0,0,0,0,0,0,0,0,0,0,0,0,0,0,0,0,0,0,1,0,0,0,0,0,0,0,0
5.25227342804663,0.0,0,40,6,0.0,0.0,0,1,0,0,0.0,0,0,0,0,1,0,0,0,0,0,0,0,0,0,0,0,0,0,0,0,0,0,0,0,0,0,0,0,0,0,1,0,0,0,0,0,0,0,0
6.309918278226516,0.0,0,78,7,0.0,0.6931471805599453,0,0,0,0,0.7916666666666666,0,0,0,0,1,0,0,0,0,0,0,0,0,0,0,0,0,0,0,0,0,0,0,0,0,0,0,0,0,0,1,0,0,0,0,0,0,0,0
4.248495242049359,0.0,0,71,11,2.8903717578961645,3.4339872044851463,0,1,0,0,0.45901639344262296,0,0,0,0,1,0,0,0,0,0,0,0,0,0,0,0,0,0,0,0,0,0,0,0,0,0,0,0,0,0,1,0,0,0,0,0,0,0,0
5.968707559985366,0.0,0,86,12,4.48863636973214,7.613324979540639,0,0,0,0,0.21333333333333335,0,0,0,0,1,0,0,0,0,0,0,0,0,0,0,0,0,0,0,0,0,0,0,0,0,0,0,0,0,0,1,0,0,0,0,0,0,0,0
5.187385805840755,0.0,0,34,4,7.67786350067821,4.2626798770413155,0,1,0,0,0.7096774193548387,0,0,0,0,1,0,0,0,0,0,0,0,0,0,0,0,0,0,0,0,0,0,0,0,0,0,0,0,0,0,0,0,0,1,0,0,0,0,0
5.303304908059076,0.0,0,129,7,3.332204510175204,0.0,0,0,0,0,0.991869918699187,0,0,0,0,1,0,0,0,0,0,0,0,0,0,0,0,0,0,0,0,0,0,0,0,0,0,0,0,0,0,1,0,0,0,0,0,0,0,0
5.666426688112432,0.0,0,83,8,4.07753744390572,9.159678457173955,0,1,0,0,0.6666666666666666,0,0,0,0,1,0,0,0,0,0,0,0,0,0,0,0,0,0,0,0,0,0,0,0,0,0,0,0,0,0,0,1,0,0,0,0,0,0,0
5.8289456176102075,0.0,0,66,10,6.180016653652572,4.795790545596741,0,1,0,1,0.47368421052631576,0,0,0,0,1,0,0,0,0,0,0,0,0,0,0,0,0,0,0,0,0,0,0,0,0,0,0,0,0,0,0,1,0,0,0,0,0,0,0
5.25227342804663,0.0,0,105,13,4.127134385045092,2.5649493574615367,0,1,0,0,0.6989247311827957,0,0,0,0,1,0,0,0,0,0,0,0,0,0,0,0,0,0,0,0,0,0,0,0,0,0,0,0,0,0,1,0,0,0,0,0,0,0,0
5.545177444479562,0.0,0,84,15,4.624972813284271,7.0909098220799835,1,1,0,0,0.37142857142857144,0,0,0,0,1,0,0,0,0,0,0,0,0,0,0,0,0,0,0,0,0,0,0,0,0,0,0,0,0,0,1,0,0,0,0,0,0,0,0
4.875197323201151,0.0,0,117,14,0.0,4.61512051684126,0,1,0,0,0.8173076923076923,0,0,0,0,1,0,0,0,0,0,0,0,0,0,0,0,0,0,0,0,0,0,0,0,0,0,0,0,0,0,0,1,0,0,0,0,0,0,0
4.6913478822291435,0.0,0,95,9,7.848153086199526,0.0,0,0,0,0,0.8390804597701149,0,0,0,0,1,0,0,0,0,0,0,0,0,0,0,0,0,0,0,0,0,0,0,0,0,0,0,0,0,0,1,0,0,0,0,0,0,0,0
5.968707559985366,0.0,0,84,10,3.6109179126442243,5.303304908059076,1,1,0,0,0.4666666666666667,0,0,0,0,1,0,0,0,0,0,0,0,0,0,0,0,0,0,0,0,0,0,0,0,0,0,0,0,0,0,1,0,0,0,0,0,0,0,0
4.852030263919617,0.0,0,118,18,7.492203042618741,4.110873864173311,1,1,0,0,0.7029702970297029,0,0,0,0,1,0,0,0,0,0,0,0,0,0,0,0,0,0,0,0,0,0,0,0,0,0,0,0,0,0,0,1,0,0,0,0,0,0,0
5.69035945432406,0.0,0,104,14,7.717351272185329,4.795790545596741,0,1,0,1,0.7362637362637363,0,0,0,0,1,0,0,0,0,0,0,0,0,0,0,0,0,0,0,0,0,0,0,0,0,0,0,0,0,0,0,1,0,0,0,0,0,0,0
5.638354669333745,0.0,0,48,6,6.778784897685177,3.4339872044851463,0,1,0,0,0.5348837209302325,0,0,0,0,1,0,0,0,0,0,0,0,0,0,0,0,0,0,0,0,0,0,0,0,0,0,0,0,0,0,1,0,0,0,0,0,0,0,0
6.111467339502679,0.0,0,94,13,6.144185634125646,6.90875477931522,0,0,0,0,0.2682926829268293,0,0,0,0,1,0,0,0,0,0,0,0,0,0,0,0,0,0,0,0,0,0,0,0,0,0,0,0,0,0,1,0,0,0,0,0,0,0,0
6.85751406254539,0.0,0,93,8,0.0,3.091042453358316,0,0,1,0,0.872093023255814,0,0,0,0,1,0,0,0,0,0,0,0,0,0,0,0,0,0,0,0,0,0,0,0,0,0,0,0,0,0,0,0,0,1,0,0,0,0,0
5.236441962829949,0.0,0,68,9,5.497168225293202,4.2626798770413155,0,1,0,0,0.8333333333333334,0,0,0,0,1,0,0,0,0,0,0,0,0,0,0,0,0,0,0,0,0,0,0,0,0,0,0,0,0,0,1,0,0,0,0,0,0,0,0
4.454347296253507,0.0,0,66,11,9.210340371976184,3.4339872044851463,0,1,0,0,0.625,0,0,0,0,1,0,0,0,0,0,0,0,0,0,0,0,0,0,0,0,0,0,0,0,0,0,0,0,0,0,1,0,0,0,0,0,0,0,0
5.929589143389895,0.0,0,71,10,0.0,3.2188758248682006,0,1,0,0,0.5409836065573771,0,0,0,0,1,0,0,0,0,0,0,0,0,0,0,0,0,0,0,0,0,0,0,0,0,0,0,0,0,0,1,0,0,0,0,0,0,0,0
5.365976015021851,0.0,0,64,9,8.188966863648876,6.90875477931522,1,1,0,0,0.5,0,0,0,0,1,0,0,0,0,0,0,0,0,0,0,0,0,0,0,0,0,0,0,0,0,0,0,0,0,0,1,0,0,0,0,0,0,0,0
5.19295685089021,0.0,0,27,4,7.132497551660044,0.0,0,0,0,0,0.2916666666666667,0,0,0,0,1,0,0,0,0,0,0,0,0,0,0,0,0,0,0,0,0,0,0,0,0,0,0,0,0,0,1,0,0,0,0,0,0,0,0
4.875197323201151,0.0,0,124,11,2.4849066497880004,0.0,0,1,0,0,0.8141592920353983,0,0,0,0,1,0,0,0,0,0,0,0,0,0,0,0,0,0,0,0,0,0,0,0,0,0,0,0,0,0,0,0,1,0,0,0,0,0,0
5.3471075307174685,0.0,0,92,11,7.544861068658458,4.61512051684126,0,1,0,0,0.47560975609756095,0,0,0,0,1,0,0,0,0,0,0,0,0,0,0,0,0,0,0,0,0,0,0,0,0,0,0,0,0,0,1,0,0,0,0,0,0,0,0
5.075173815233827,0.0,0,114,15,8.873047798971067,4.61512051684126,0,0,0,0,0.65,0,0,0,0,1,0,0,0,0,0,0,0,0,0,0,0,0,0,0,0,0,0,0,0,0,0,0,0,0,0,1,0,0,0,0,0,0,0,0
4.51085950651685,0.0,0,86,17,5.860786223465865,7.0909098220799835,1,1,0,0,0.44285714285714284,0,0,0,0,1,0,0,0,0,0,0,0,0,0,0,0,0,0,0,0,0,0,0,0,0,0,0,0,0,0,1,0,0,0,0,0,0,0,0
5.755742213586912,0.0,0,64,11,4.290459441148391,6.90875477931522,1,1,0,0,0.5185185185185185,0,0,0,0,1,0,0,0,0,0,0,0,0,0,0,0,0,0,0,0,0,0,0,0,0,0,0,0,0,0,1,0,0,0,0,0,0,0,0
5.521460917862246,0.0,0,55,9,8.20631072579402,4.61512051684126,1,1,0,0,0.5106382978723404,0,0,0,0,1,0,0,0,0,0,0,0,0,0,0,0,0,0,0,0,0,0,0,0,0,0,0,0,0,0,1,0,0,0,0,0,0,0,0
4.983606621708336,0.0,0,107,17,4.406719247264253,5.017279836814924,1,1,0,0,0.3516483516483517,0,0,0,0,1,0,0,0,0,0,0,0,0,0,0,0,0,0,0,0,0,0,0,0,0,0,0,0,0,0,1,0,0,0,0,0,0,0,0
5.707110264748875,0.0,0,96,7,2.833213344056216,3.4339872044851463,0,1,0,0,0.7888888888888889,0,0,0,0,1,0,0,0,0,0,0,0,0,0,0,0,0,0,0,0,0,0,0,0,0,0,0,0,0,0,1,0,0,0,0,0,0,0,0
4.90527477843843,0.0,0,84,11,9.02653771890043,5.017279836814924,1,0,0,0,0.5,0,0,0,0,1,0,0,0,0,0,0,0,0,0,0,0,0,0,0,0,0,0,0,0,0,0,0,0,0,0,0,0,0,0,0,0,1,0,0
4.499809670330265,0.0,0,135,12,6.251903883165888,7.0909098220799835,1,1,0,0,0.7016129032258065,0,0,0,0,1,0,0,0,0,0,0,0,0,0,0,0,0,0,0,0,0,0,0,0,0,0,0,0,0,0,1,0,0,0,0,0,0,0,0
5.442417710521793,0.0,0,134,21,2.5649493574615367,6.90875477931522,1,0,0,0,0.32456140350877194,0,0,0,0,1,0,0,0,0,0,0,0,0,0,0,0,0,0,0,0,0,0,0,0,0,0,0,0,0,0,1,0,0,0,0,0,0,0,0
6.490723534502507,0.0,0,142,15,7.953318346560431,6.90875477931522,0,1,1,0,0.5078125,0,0,0,0,1,0,0,0,0,0,0,0,0,0,0,0,0,0,0,0,0,0,0,0,0,0,0,0,0,0,1,0,0,0,0,0,0,0,0
5.981414211254481,0.0,0,67,11,6.322565239927284,6.621405651764134,1,1,0,0,0.0,0,0,0,0,1,0,0,0,0,0,0,0,0,0,0,0,0,0,0,0,0,0,0,0,0,0,0,0,0,0,1,0,0,0,0,0,0,0,0
6.84587987526405,0.0,0,59,9,0.0,7.613324979540639,0,1,0,0,0.0784313725490196,0,0,0,0,1,0,0,0,0,0,0,0,0,0,0,0,0,0,0,0,0,0,0,0,0,0,0,0,0,0,1,0,0,0,0,0,0,0,0
4.248495242049359,0.0,0,116,22,8.114922974204593,6.90875477931522,1,1,0,0,0.42105263157894735,0,0,0,0,1,0,0,0,0,0,0,0,0,0,0,0,0,0,0,0,0,0,0,0,0,0,0,0,0,0,1,0,0,0,0,0,0,0,0
7.00397413672268,0.0,0,73,10,3.9512437185814275,5.017279836814924,0,1,0,0,0.3125,0,0,0,0,1,0,0,0,0,0,0,0,0,0,0,0,0,0,0,0,0,0,0,0,0,0,0,0,0,0,0,0,0,0,0,0,1,0,0
6.111467339502679,0.0,0,68,9,5.808142489980444,4.110873864173311,0,1,0,0,0.0,0,0,0,0,1,0,0,0,0,0,0,0,0,0,0,0,0,0,0,0,0,0,0,0,0,0,0,0,0,0,1,0,0,0,0,0,0,0,0
6.8885724595653635,0.0,0,110,13,6.68586094706836,4.61512051684126,0,0,1,0,0.7244897959183674,0,0,0,0,1,0,0,0,0,0,0,0,0,0,0,0,0,0,0,0,0,0,0,0,0,0,0,0,0,0,1,0,0,0,0,0,0,0,0
5.5053315359323625,0.0,0,118,19,3.4965075614664802,4.795790545596741,1,1,0,1,0.68,0,0,0,0,1,0,0,0,0,0,0,0,0,0,0,0,0,0,0,0,0,0,0,0,0,0,0,0,0,0,0,1,0,0,0,0,0,0,0
5.846438775057725,0.0,0,50,6,0.0,0.0,0,0,0,0,0.4666666666666667,0,0,0,0,1,0,0,0,0,0,0,0,0,0,0,0,0,0,0,0,0,0,0,0,0,0,0,0,0,0,0,0,0,1,0,0,0,0,0
5.1647859739235145,0.0,0,62,12,6.3818160174060985,3.4339872044851463,1,1,0,0,0.6078431372549019,0,0,0,0,1,0,0,0,0,0,0,0,0,0,0,0,0,0,0,0,0,0,0,0,0,0,0,0,0,0,1,0,0,0,0,0,0,0,0
6.591673732008658,0.0,0,93,10,0.0,4.634728988229636,1,0,0,0,0.5714285714285714,0,0,0,0,0,0,0,0,0,0,0,0,0,0,0,0,0,0,0,0,0,0,0,0,1,0,0,0,0,0,0,0,0,0,1,0,0,0,0
4.700480365792417,0.0,0,61,7,0.0,2.3978952727983707,0,1,0,0,0.9636363636363636,0,0,0,0,0,0,0,0,0,0,0,0,0,0,0,0,0,0,0,0,0,0,0,0,1,0,0,0,0,0,0,0,0,0,0,0,1,0,0
5.5254529391317835,0.0,0,27,5,0.0,1.0986122886681098,0,0,0,1,0.6956521739130435,0,0,0,0,0,0,0,0,0,0,0,0,0,0,0,0,0,0,0,0,0,0,0,0,1,0,0,0,0,0,0,0,0,0,0,0,0,0,1
6.364750756851911,0.0,0,32,3,0.0,1.3862943611198906,1,1,0,1,0.9333333333333333,0,0,0,0,0,0,0,0,0,0,0,0,0,0,0,0,0,0,0,0,0,0,0,0,1,0,0,0,0,0,0,0,0,0,0,0,0,0,1
5.673323267171493,0.0,0,45,5,0.0,0.0,0,0,0,0,0.9512195121951219,0,0,0,0,0,0,0,0,0,0,0,0,0,0,0,0,0,0,0,0,0,0,0,0,1,0,0,0,0,0,1,0,0,0,0,0,0,0,0
5.342334251964811,0.0,0,104,16,0.0,2.772588722239781,0,1,0,1,0.5955056179775281,0,0,0,0,0,0,0,0,0,0,0,0,0,0,0,0,0,0,0,0,0,0,0,0,1,0,0,0,0,0,1,0,0,0,0,0,0,0,0
6.016157159698354,0.0,0,104,16,0.0,2.772588722239781,0,1,0,1,0.5955056179775281,0,0,0,0,0,0,0,0,0,0,0,0,0,0,0,0,0,0,0,0,0,0,0,0,1,0,0,0,0,0,1,0,0,0,0,0,0,0,0
6.3818160174060985,0.0,0,136,14,0.0,4.61512051684126,0,1,1,1,0.6829268292682927,0,0,0,0,0,0,0,0,0,0,0,0,0,0,0,0,0,0,0,0,0,0,0,0,1,0,0,0,0,0,1,0,0,0,0,0,0,0,0
5.351858133476067,0.0,0,86,17,0.0,1.791759469228055,0,1,0,1,0.8571428571428571,0,0,0,0,0,0,0,0,0,0,0,0,0,0,0,0,0,0,0,0,0,0,0,0,1,0,0,0,0,0,1,0,0,0,0,0,0,0,0
6.018593214496234,0.0,0,88,13,0.0,2.772588722239781,0,1,0,1,0.618421052631579,0,0,0,0,0,0,0,0,0,0,0,0,0,0,0,0,0,0,0,0,0,0,0,0,1,0,0,0,0,0,1,0,0,0,0,0,0,0,0
5.3471075307174685,0.0,0,88,13,0.0,2.772588722239781,0,1,0,1,0.618421052631579,0,0,0,0,0,0,0,0,0,0,0,0,0,0,0,0,0,0,0,0,0,0,0,0,1,0,0,0,0,0,1,0,0,0,0,0,0,0,0
6.90875477931522,0.0,0,140,17,0.0,1.3862943611198906,0,0,0,1,0.7661290322580645,0,0,0,0,0,0,0,0,0,0,0,0,0,0,0,0,0,0,0,0,0,0,0,0,1,0,0,0,0,0,1,0,0,0,0,0,0,0,0
5.673323267171493,0.0,0,61,7,0.0,4.61512051684126,0,0,1,0,0.9245283018867925,0,0,0,0,0,0,0,0,0,0,0,0,0,0,0,0,0,0,0,0,0,0,0,0,1,0,0,0,0,0,1,0,0,0,0,0,0,0,0
5.225746673713202,0.0,0,84,14,0.0,2.0794415416798357,0,1,0,0,0.7183098591549296,0,0,0,0,0,0,0,0,0,0,0,0,0,0,0,0,0,0,0,0,0,0,0,0,1,0,0,0,0,0,1,0,0,0,0,0,0,0,0
6.824373670043086,0.0,0,96,16,0.0,2.3978952727983707,0,1,0,0,0.6419753086419753,0,0,0,0,0,0,0,0,0,0,0,0,0,0,0,0,0,0,0,0,0,0,0,0,1,0,0,0,0,0,1,0,0,0,0,0,0,0,0
6.150602768446279,0.0,0,96,16,0.0,2.3978952727983707,0,1,0,0,0.6419753086419753,0,0,0,0,0,0,0,0,0,0,0,0,0,0,0,0,0,0,0,0,0,0,0,0,1,0,0,0,0,0,1,0,0,0,0,0,0,0,0
6.53813982376767,0.0,0,87,14,0.0,1.3862943611198906,0,1,0,0,0.6621621621621622,0,0,0,0,0,0,0,0,0,0,0,0,0,0,0,0,0,0,0,0,0,0,0,0,1,0,0,0,0,0,1,0,0,0,0,0,0,0,0
5.484796933490655,0.0,0,86,14,0.0,2.3978952727983707,0,1,0,0,0.6438356164383562,0,0,0,0,0,0,0,0,0,0,0,0,0,0,0,0,0,0,0,0,0,0,0,0,1,0,0,0,0,0,1,0,0,0,0,0,0,0,0
6.311734809152915,0.0,0,38,4,0.0,0.0,0,0,0,0,1.0,0,0,0,0,0,0,0,0,0,0,0,0,0,0,0,0,0,0,0,0,0,0,0,0,1,0,0,0,0,0,0,0,0,0,1,0,0,0,0
5.831882477283517,0.0,0,46,6,0.0,0.0,0,0,0,0,0.7073170731707317,0,0,0,0,0,0,0,0,0,0,0,0,0,0,0,0,0,0,0,0,0,0,0,0,1,0,0,0,0,0,1,0,0,0,0,0,0,0,0
5.673323267171493,0.0,0,38,4,0.0,0.0,0,0,0,0,1.0,0,0,0,0,0,0,0,0,0,0,0,0,0,0,0,0,0,0,0,0,0,0,0,0,1,0,0,0,0,0,0,0,0,0,1,0,0,0,0
5.303304908059076,0.0,0,119,14,0.0,29.620622171143385,0,0,0,1,0.6226415094339622,0,0,0,0,0,0,0,0,0,0,0,0,0,0,0,0,0,0,0,0,0,0,0,0,1,0,0,0,0,0,0,0,1,0,0,0,0,0,0
5.303304908059076,0.0,0,50,7,0.0,1.791759469228055,0,1,0,1,0.8181818181818182,0,0,0,0,0,0,0,0,0,0,0,0,0,0,0,0,0,0,0,0,0,0,0,0,1,0,0,0,0,0,0,0,0,0,0,0,1,0,0
5.303304908059076,0.0,0,113,16,3.044522437723423,1.791759469228055,0,1,1,1,0.8673469387755102,0,0,0,0,0,0,0,0,0,0,0,0,0,0,0,0,0,0,0,0,0,0,0,0,1,0,0,0,0,0,0,0,0,0,0,0,1,0,0
5.703782474656201,0.0,0,131,14,0.0,0.0,0,0,0,0,0.6293103448275862,0,0,0,0,0,0,0,0,0,0,0,0,0,0,0,0,0,0,0,0,0,0,0,0,1,0,0,0,0,0,1,0,0,0,0,0,0,0,0
6.90875477931522,0.0,0,140,17,0.0,1.3862943611198906,0,0,0,1,0.7661290322580645,0,0,0,0,0,0,0,0,0,0,0,0,0,0,0,0,0,0,0,0,0,0,0,0,1,0,0,0,0,0,1,0,0,0,0,0,0,0,0
5.968707559985366,0.0,0,140,17,0.0,0.6931471805599453,0,0,0,1,0.7661290322580645,0,0,0,0,0,0,0,0,0,0,0,0,0,0,0,0,0,0,0,0,0,0,0,0,1,0,0,0,0,0,1,0,0,0,0,0,0,0,0
5.802118375377063,0.0,0,23,2,0.0,0.0,0,0,0,0,1.0,0,0,0,0,0,0,0,0,0,0,0,0,0,0,0,0,0,0,0,0,0,0,0,0,1,0,0,0,0,0,0,0,0,0,1,0,0,0,0
5.802118375377063,0.0,0,11,1,0.0,0.0,0,0,0,0,1.0,0,0,0,0,0,0,0,0,0,0,0,0,0,0,0,0,0,0,0,0,0,0,0,0,1,0,0,0,0,0,0,0,0,0,1,0,0,0,0
5.62040086571715,0.0,0,23,5,0.0,2.0794415416798357,0,1,0,0,0.15789473684210525,0,0,0,0,0,0,0,0,0,0,0,0,0,0,0,0,0,0,0,0,0,0,0,0,1,0,0,0,0,0,0,0,0,1,0,0,0,0,0
5.298317366548036,0.0,0,92,13,2.6390573296152584,3.1354942159291497,0,0,0,1,0.925,0,0,0,0,0,0,0,0,0,0,0,0,0,0,0,0,0,0,0,0,0,0,0,0,1,0,0,0,0,0,0,0,0,0,1,0,0,0,0
6.654152520183219,0.0,0,20,3,0.0,0.0,0,0,0,0,0.5,0,0,0,0,0,0,0,0,0,0,0,0,0,0,0,0,0,0,0,0,0,0,0,0,1,0,0,0,0,0,0,0,0,0,1,0,0,0,0
6.654152520183219,0.0,0,38,5,1.791759469228055,0.0,0,0,0,0,0.5294117647058824,0,0,0,0,0,0,0,0,0,0,0,0,0,0,0,0,0,0,0,0,0,0,0,0,1,0,0,0,0,0,0,0,0,0,1,0,0,0,0
5.303304908059076,0.0,0,51,10,0.0,1.791759469228055,0,1,0,1,0.6190476190476191,0,0,0,0,0,0,0,0,0,0,0,0,0,0,0,0,0,0,0,0,0,0,0,0,1,0,0,0,0,0,0,1,0,0,0,0,0,0,0
4.394449154672439,0.0,0,87,6,0.0,2.3978952727983707,1,1,0,0,0.8414634146341463,0,0,0,0,0,0,0,0,0,0,0,0,0,0,0,0,0,0,0,0,0,0,0,0,1,0,0,0,0,0,0,0,0,0,1,0,0,0,0
5.802118375377063,0.0,0,52,6,0.0,0.0,0,0,0,0,0.7659574468085106,0,0,0,0,0,0,0,0,0,0,0,0,0,0,0,0,0,0,0,0,0,0,0,0,1,0,0,0,0,0,0,0,0,0,0,0,0,0,1
6.710523109452428,0.0,0,61,7,0.0,0.0,0,0,0,0,0.8909090909090909,0,0,0,0,0,0,0,0,0,0,0,0,0,0,0,0,0,0,0,0,0,0,0,0,1,0,0,0,0,0,0,1,0,0,0,0,0,0,0
5.598421958998375,0.0,0,63,7,0.0,0.0,0,0,0,0,0.8070175438596491,0,0,0,0,0,0,0,0,0,0,0,0,0,0,0,0,0,0,0,0,0,0,0,0,1,0,0,0,0,0,1,0,0,0,0,0,0,0,0
7.204892510204673,0.0,0,95,13,0.0,1.791759469228055,0,1,0,0,0.8433734939759037,0,0,0,0,0,0,0,0,0,0,0,0,0,0,0,0,0,0,0,0,0,0,0,0,1,0,0,0,0,0,1,0,0,0,0,0,0,0,0
6.364750756851911,0.0,0,61,7,0.0,4.61512051684126,0,0,1,0,0.9245283018867925,0,0,0,0,0,0,0,0,0,0,0,0,0,0,0,0,0,0,0,0,0,0,0,0,1,0,0,0,0,0,1,0,0,0,0,0,0,0,0
6.792344427470809,0.0,0,23,2,0.0,0.0,0,0,0,0,1.0,0,0,0,0,0,0,0,0,0,0,0,0,0,0,0,0,0,0,0,0,0,0,0,0,1,0,0,0,0,0,0,0,0,0,1,0,0,0,0
4.77912349311153,0.0,0,91,12,9.210340371976184,2.772588722239781,0,1,0,0,0.7375,0,0,0,0,0,0,0,0,0,0,0,0,0,0,0,0,0,0,0,0,0,0,0,0,1,0,0,0,0,0,1,0,0,0,0,0,0,0,0
5.247024072160486,0.0,0,88,15,9.210340371976184,5.831882477283517,1,1,0,0,0.6388888888888888,0,0,0,0,0,0,0,0,0,0,0,0,0,0,0,0,0,0,0,0,0,0,0,0,1,0,0,0,0,0,1,0,0,0,0,0,0,0,0
6.042632833682381,0.0,0,83,13,7.613324979540639,1.3862943611198906,0,0,0,1,0.7746478873239436,0,0,0,0,0,0,0,0,0,0,0,0,0,0,0,0,0,0,0,0,0,0,0,0,1,0,0,0,0,0,1,0,0,0,0,0,0,0,0
4.875197323201151,0.0,0,139,16,7.830822995135316,3.4339872044851463,0,1,0,0,0.7661290322580645,0,0,0,0,0,0,0,0,0,0,0,0,0,0,0,0,0,0,0,0,0,0,0,0,1,0,0,0,0,0,1,0,0,0,0,0,0,0,0
4.859812404361672,0.0,0,95,10,5.700443573390687,3.044522437723423,0,1,0,0,0.8,0,0,0,0,0,0,0,0,0,0,0,0,0,0,0,0,0,0,0,0,0,0,0,0,1,0,0,0,0,0,1,0,0,0,0,0,0,0,0
5.438079308923196,0.0,0,62,6,7.01211529430638,0.6931471805599453,0,0,0,0,0.8070175438596491,0,0,0,0,0,0,0,0,0,0,0,0,0,0,0,0,0,0,0,0,0,0,0,0,1,0,0,0,0,0,1,0,0,0,0,0,0,0,0
4.875197323201151,0.0,0,120,12,7.143617602704121,4.61512051684126,0,0,1,0,0.8899082568807339,0,0,0,0,0,0,0,0,0,0,0,0,0,0,0,0,0,0,0,0,0,0,0,0,1,0,0,0,0,0,1,0,0,0,0,0,0,0,0
5.327876168789581,0.0,0,109,16,7.1891677384203225,2.3978952727983707,0,1,1,0,0.7553191489361702,0,0,0,0,0,0,0,0,0,0,0,0,0,0,0,0,0,0,0,0,0,0,0,0,1,0,0,0,0,0,1,0,0,0,0,0,0,0,0
4.867534450455582,0.0,0,29,1,6.54534966033442,0.0,0,0,0,0,1.0,0,0,0,0,0,0,0,0,0,0,0,0,0,0,0,0,0,0,0,0,0,0,0,0,1,0,0,0,0,0,0,0,0,1,0,0,0,0,0
5.003946305945459,0.0,0,46,8,8.714895850248494,3.258096538021482,0,1,0,0,0.9230769230769231,0,0,0,0,0,0,0,0,0,0,0,0,0,0,0,0,0,0,0,0,0,0,0,0,1,0,0,0,0,0,1,0,0,0,0,0,0,0,0
5.69035945432406,0.0,0,75,10,6.07073772800249,3.9318256327243257,0,1,1,0,0.90625,0,0,0,0,0,0,0,0,0,0,0,0,0,0,0,0,0,0,0,0,0,0,0,0,1,0,0,0,0,0,1,0,0,0,0,0,0,0,0
5.560681631015528,0.0,0,58,5,5.87493073085203,1.0986122886681098,0,0,0,0,0.7777777777777778,0,0,0,0,0,0,0,0,0,0,0,0,0,0,0,0,0,0,0,0,0,0,0,0,1,0,0,0,0,0,0,0,0,1,0,0,0,0,0
4.8283137373023015,0.0,0,67,8,6.660575149839686,4.61512051684126,0,1,1,0,0.6833333333333333,0,0,0,0,0,0,0,0,0,0,0,0,0,0,0,0,0,0,0,0,0,0,0,0,1,0,0,0,0,0,1,0,0,0,0,0,0,0,0
4.77912349311153,0.0,0,91,5,8.13593277200489,4.61512051684126,0,0,1,0,0.6781609195402298,0,0,0,0,0,0,0,0,0,0,0,0,0,0,0,0,0,0,0,0,0,0,0,0,1,0,0,0,0,0,0,0,0,1,0,0,0,0,0
4.941642422609304,0.0,0,35,4,6.396929655216146,4.61512051684126,0,0,1,0,0.46875,0,0,0,0,0,0,0,0,0,0,0,0,0,0,0,0,0,0,0,0,0,0,0,0,1,0,0,0,0,0,0,0,0,0,0,0,1,0,0
5.19295685089021,0.0,0,33,4,7.390798521735676,0.6931471805599453,0,0,0,0,0.5,0,0,0,0,0,0,0,0,0,0,0,0,0,0,0,0,0,0,0,0,0,0,0,0,1,0,0,0,0,0,1,0,0,0,0,0,0,0,0
4.859812404361672,0.0,0,58,8,8.72029728739272,0.6931471805599453,0,1,0,0,0.9215686274509803,0,0,0,0,0,0,0,0,0,0,0,0,0,0,0,0,0,0,0,0,0,0,0,0,1,0,0,0,0,0,1,0,0,0,0,0,0,0,0
5.298317366548036,0.0,0,128,15,6.966967138613983,3.044522437723423,0,1,0,0,0.8070175438596491,0,0,0,0,0,0,0,0,0,0,0,0,0,0,0,0,0,0,0,0,0,0,0,0,1,0,0,0,0,0,1,0,0,0,0,0,0,0,0
4.948759890378168,0.0,0,72,12,7.76046702921342,2.3978952727983707,0,1,0,0,0.7377049180327869,0,0,0,0,0,0,0,0,0,0,0,0,0,0,0,0,0,0,0,0,0,0,0,0,1,0,0,0,0,0,1,0,0,0,0,0,0,0,0
5.480638923341991,0.0,0,133,17,6.315358001522335,2.772588722239781,0,1,0,0,0.7094017094017094,0,0,0,0,0,0,0,0,0,0,0,0,0,0,0,0,0,0,0,0,0,0,0,0,1,0,0,0,0,0,0,0,0,1,0,0,0,0,0
5.860786223465865,0.0,0,105,18,6.828712071641684,2.772588722239781,0,1,0,1,0.6818181818181818,0,0,0,0,0,0,0,0,0,0,0,0,0,0,0,0,0,0,0,0,0,0,0,0,1,0,0,0,0,0,1,0,0,0,0,0,0,0,0
5.298317366548036,0.0,0,57,11,3.9889840465642745,4.110873864173311,0,1,0,0,0.7872340425531915,0,0,0,0,0,0,0,0,0,0,0,0,0,0,0,0,0,0,0,0,0,0,0,0,1,0,0,0,0,0,1,0,0,0,0,0,0,0,0
4.9344739331306915,0.0,0,61,8,6.261491684321042,2.3978952727983707,0,1,0,0,0.7222222222222222,0,0,0,0,0,0,0,0,0,0,0,0,0,0,0,0,0,0,0,0,0,0,0,0,1,0,0,0,0,0,1,0,0,0,0,0,0,0,0
6.077642243349034,0.0,0,51,9,5.8944028342648505,1.3862943611198906,0,0,0,1,0.627906976744186,0,0,0,0,0,0,0,0,0,0,0,0,0,0,0,0,0,0,0,0,0,0,0,0,1,0,0,0,0,0,1,0,0,0,0,0,0,0,0
5.293304824724492,0.0,0,32,1,7.737616282857904,0.6931471805599453,0,1,0,0,0.4375,0,0,0,0,0,0,0,0,0,0,0,0,0,0,0,0,0,0,0,0,0,0,0,0,1,0,0,0,0,0,1,0,0,0,0,0,0,0,0
4.897839799950911,0.0,0,104,12,9.210340371976184,5.017279836814924,1,0,0,0,0.9354838709677419,0,0,0,0,0,0,0,0,0,0,0,0,0,0,0,0,0,0,0,0,0,0,0,0,1,0,0,0,0,0,1,0,0,0,0,0,0,0,0
5.313205979041787,0.0,0,123,18,8.936035096566041,2.3978952727983707,0,1,0,1,0.7452830188679245,0,0,0,0,0,0,0,0,0,0,0,0,0,0,0,0,0,0,0,0,0,0,0,0,1,0,0,0,0,0,1,0,0,0,0,0,0,0,0
5.991464547107982,0.0,0,128,15,7.067319848653476,3.713572066704308,0,1,0,0,0.8070175438596491,0,0,0,0,0,0,0,0,0,0,0,0,0,0,0,0,0,0,0,0,0,0,0,0,1,0,0,0,0,0,1,0,0,0,0,0,0,0,0
4.919980925828125,0.0,0,60,7,6.222576268071369,0.6931471805599453,0,0,0,0,0.7407407407407407,0,0,0,0,0,0,0,0,0,0,0,0,0,0,0,0,0,0,0,0,0,0,0,0,1,0,0,0,0,0,1,0,0,0,0,0,0,0,0
5.755742213586912,0.0,0,21,5,8.513787398281405,3.4339872044851463,0,1,0,0,0.8823529411764706,0,0,0,0,0,0,0,0,0,0,0,0,0,0,0,0,0,0,0,0,0,0,0,0,1,0,0,0,0,0,1,0,0,0,0,0,0,0,0
4.330733340286331,0.0,0,69,7,7.497207223203318,0.0,0,0,0,0,1.0,0,0,0,0,0,0,0,0,0,0,0,0,0,0,0,0,0,0,0,0,0,0,0,0,1,0,0,0,0,0,1,0,0,0,0,0,0,0,0
4.787491742782046,0.0,0,53,8,9.210340371976184,2.772588722239781,0,1,0,0,0.6304347826086957,0,0,0,0,0,0,0,0,0,0,0,0,0,0,0,0,0,0,0,0,0,0,0,0,1,0,0,0,0,0,1,0,0,0,0,0,0,0,0
5.707110264748875,0.0,0,18,1,5.420534999272286,0.6931471805599453,0,1,0,0,0.8888888888888888,0,0,0,0,0,0,0,0,0,0,0,0,0,0,0,0,0,0,0,0,0,0,0,0,1,0,0,0,0,0,1,0,0,0,0,0,0,0,0
6.040254711277414,0.0,0,49,9,3.4339872044851463,2.772588722239781,0,1,0,0,0.7073170731707317,0,0,0,0,0,0,0,0,0,0,0,0,0,0,0,0,0,0,0,0,0,0,0,0,1,0,0,0,0,0,1,0,0,0,0,0,0,0,0
5.768320995793772,0.0,0,27,6,8.663369301573839,3.9318256327243257,0,1,0,0,0.8636363636363636,0,0,0,0,0,0,0,0,0,0,0,0,0,0,0,0,0,0,0,0,0,0,0,0,1,0,0,0,0,0,1,0,0,0,0,0,0,0,0
5.886104031450156,0.0,0,39,1,5.214935757608986,0.0,0,0,0,0,0.7692307692307693,0,0,0,0,0,0,0,0,0,0,0,0,0,0,0,0,0,0,0,0,0,0,0,0,1,0,0,0,0,0,1,0,0,0,0,0,0,0,0
5.017279836814924,0.0,0,71,7,5.030437921392435,0.0,0,0,0,0,0.7538461538461538,0,0,0,0,0,0,0,0,0,0,0,0,0,0,0,0,0,0,0,0,0,0,0,0,1,0,0,0,0,0,1,0,0,0,0,0,0,0,0
5.272999558563747,0.0,0,32,1,6.249975242259483,2.5649493574615367,0,1,0,0,0.65625,0,0,0,0,0,0,0,0,0,0,0,0,0,0,0,0,0,0,0,0,0,0,0,0,1,0,0,0,0,0,1,0,0,0,0,0,0,0,0
5.298317366548036,0.0,0,100,11,9.081938657171658,2.3978952727983707,0,1,0,0,0.4,0,0,0,0,0,0,0,0,0,0,0,0,0,0,0,0,0,0,0,0,0,0,0,0,1,0,0,0,0,0,1,0,0,0,0,0,0,0,0
5.484796933490655,0.0,0,69,10,9.210340371976184,2.772588722239781,0,1,0,0,0.9166666666666666,0,0,0,0,0,0,0,0,0,0,0,0,0,0,0,0,0,0,0,0,0,0,0,0,1,0,0,0,0,0,1,0,0,0,0,0,0,0,0
7.237778191923443,0.0,0,37,4,0.0,0.6931471805599453,0,0,0,0,0.7647058823529411,0,0,0,0,0,0,0,0,0,0,0,0,0,0,0,0,0,0,0,0,0,1,0,0,0,0,0,0,0,0,1,0,0,0,0,0,0,0,0
7.473637108496206,0.0,0,72,11,0.0,0.0,0,0,0,0,0.19672131147540983,0,0,0,0,0,0,0,0,0,0,0,0,0,0,0,0,0,0,0,0,0,1,0,0,0,0,0,0,0,0,0,1,0,0,0,0,0,0,0
7.473637108496206,0.0,0,58,8,0.0,0.0,0,0,0,0,0.4117647058823529,0,0,0,0,0,0,0,0,0,0,0,0,0,0,0,0,0,0,0,0,0,1,0,0,0,0,0,0,0,0,0,1,0,0,0,0,0,0,0
7.855932199718614,0.0,0,46,8,0.0,0.0,0,0,0,0,0.48717948717948717,0,0,0,0,0,0,0,0,0,0,0,0,0,0,0,0,0,0,0,0,0,1,0,0,0,0,0,0,0,0,0,1,0,0,0,0,0,0,0
6.19644412779452,0.0,0,48,8,0.0,0.0,0,0,0,0,0.5121951219512195,0,0,0,0,0,0,0,0,0,0,0,0,0,0,0,0,0,0,0,0,0,1,0,0,0,0,0,0,0,0,0,1,0,0,0,0,0,0,0
5.560681631015528,0.0,0,84,13,0.0,0.0,0,0,0,0,0.4166666666666667,0,0,0,0,0,0,0,0,0,0,0,0,0,0,0,0,0,0,0,0,0,1,0,0,0,0,0,0,0,0,0,0,0,1,0,0,0,0,0
6.111467339502679,0.0,0,43,8,0.0,0.0,0,0,0,0,0.0,0,0,0,0,0,0,0,0,0,0,0,0,0,0,0,0,0,0,0,0,0,1,0,0,0,0,0,0,0,0,1,0,0,0,0,0,0,0,0
5.768320995793772,0.0,0,63,3,2.1972245773362196,0.0,0,0,0,0,1.0,0,0,0,0,0,0,0,0,0,0,0,0,0,0,0,0,0,0,0,0,0,1,0,0,0,0,0,0,0,0,0,0,1,0,0,0,0,0,0
6.907755278982137,0.0,0,89,14,0.0,6.957497370876951,0,0,0,0,0.08,0,0,0,0,0,0,0,0,0,0,0,0,0,0,0,0,0,0,0,0,0,1,0,0,0,0,0,0,0,0,1,0,0,0,0,0,0,0,0
8.186185994226083,0.0,0,91,20,0.0,6.957497370876951,0,0,0,0,0.1388888888888889,0,0,0,0,0,0,0,0,0,0,0,0,0,0,0,0,0,0,0,0,0,1,0,0,0,0,0,0,0,0,1,0,0,0,0,0,0,0,0
6.907755278982137,0.0,0,87,14,0.0,6.957497370876951,0,0,0,0,0.0821917808219178,0,0,0,0,0,0,0,0,0,0,0,0,0,0,0,0,0,0,0,0,0,1,0,0,0,0,0,0,0,0,1,0,0,0,0,0,0,0,0
7.1316985104669115,0.0,0,74,5,0.0,0.0,0,0,0,0,0.8428571428571429,0,0,0,0,0,0,0,0,0,0,0,0,0,0,0,0,0,0,0,0,0,1,0,0,0,0,0,0,0,0,0,0,1,0,0,0,0,0,0
8.070593539949519,0.0,0,97,14,0.0,2.3978952727983707,1,0,0,0,0.4880952380952381,0,0,0,0,0,0,0,0,0,0,0,0,0,0,0,0,0,0,0,0,0,1,0,0,0,0,0,0,0,0,1,0,0,0,0,0,0,0,0
7.1631723908466425,0.0,0,102,20,2.1972245773362196,6.957497370876951,0,0,0,0,0.25301204819277107,0,0,0,0,0,0,0,0,0,0,0,0,0,0,0,0,0,0,0,0,0,1,0,0,0,0,0,0,0,0,1,0,0,0,0,0,0,0,0
7.1631723908466425,0.0,0,106,20,2.1972245773362196,6.957497370876951,0,0,0,0,0.2413793103448276,0,0,0,0,0,0,0,0,0,0,0,0,0,0,0,0,0,0,0,0,0,1,0,0,0,0,0,0,0,0,1,0,0,0,0,0,0,0,0
7.1631723908466425,0.0,0,99,20,0.0,6.957497370876951,0,0,0,0,0.2625,0,0,0,0,0,0,0,0,0,0,0,0,0,0,0,0,0,0,0,0,0,1,0,0,0,0,0,0,0,0,1,0,0,0,0,0,0,0,0
7.1631723908466425,0.0,0,107,21,2.1972245773362196,6.957497370876951,0,0,0,0,0.2413793103448276,0,0,0,0,0,0,0,0,0,0,0,0,0,0,0,0,0,0,0,0,0,1,0,0,0,0,0,0,0,0,1,0,0,0,0,0,0,0,0
7.591357046698551,0.0,0,73,6,0.0,0.0,0,0,0,0,0.8823529411764706,0,0,0,0,0,0,0,0,0,0,0,0,0,0,0,0,0,0,0,0,0,1,0,0,0,0,0,0,0,0,0,0,0,1,0,0,0,0,0
6.19644412779452,0.0,0,139,17,0.0,0.6931471805599453,0,0,0,0,0.7317073170731707,0,0,0,0,0,0,0,0,0,0,0,0,0,0,0,0,0,0,0,0,0,1,0,0,0,0,0,0,0,0,1,0,0,0,0,0,0,0,0
6.19644412779452,0.0,0,150,17,0.0,5.484796933490655,0,0,0,0,0.7388059701492538,0,0,0,0,0,0,0,0,0,0,0,0,0,0,0,0,0,0,0,0,0,1,0,0,0,0,0,0,0,0,1,0,0,0,0,0,0,0,0
6.19644412779452,0.0,0,129,16,0.0,5.707110264748875,0,0,0,1,0.32456140350877194,0,0,0,0,0,0,0,0,0,0,0,0,0,0,0,0,0,0,0,0,0,1,0,0,0,0,0,0,0,0,1,0,0,0,0,0,0,0,0
6.3818160174060985,0.0,0,149,21,0.0,6.803505257608338,1,0,0,0,0.7751937984496124,0,0,0,0,0,0,0,0,0,0,0,0,0,0,0,0,0,0,0,0,0,1,0,0,0,0,0,0,0,0,1,0,0,0,0,0,0,0,0
6.3818160174060985,0.0,0,151,21,0.0,6.803505257608338,1,0,0,0,0.7786259541984732,0,0,0,0,0,0,0,0,0,0,0,0,0,0,0,0,0,0,0,0,0,1,0,0,0,0,0,0,0,0,1,0,0,0,0,0,0,0,0
7.307202314764738,0.0,0,147,20,0.0,3.332204510175204,0,0,0,0,0.7734375,0,0,0,0,0,0,0,0,0,0,0,0,0,0,0,0,0,0,0,0,0,1,0,0,0,0,0,0,0,0,1,0,0,0,0,0,0,0,0
6.396929655216146,0.0,0,81,13,0.0,0.0,0,0,0,0,0.5507246376811594,0,0,0,0,0,0,0,0,0,0,0,0,0,0,0,0,0,0,0,0,0,1,0,0,0,0,0,0,0,0,1,0,0,0,0,0,0,0,0
7.307202314764738,0.0,0,147,20,0.0,3.332204510175204,0,0,0,0,0.7734375,0,0,0,0,0,0,0,0,0,0,0,0,0,0,0,0,0,0,0,0,0,1,0,0,0,0,0,0,0,0,1,0,0,0,0,0,0,0,0
6.3818160174060985,0.0,0,144,21,0.0,6.803505257608338,1,0,0,0,0.7661290322580645,0,0,0,0,0,0,0,0,0,0,0,0,0,0,0,0,0,0,0,0,0,1,0,0,0,0,0,0,0,0,1,0,0,0,0,0,0,0,0
6.3818160174060985,0.0,0,142,21,0.0,6.803505257608338,1,0,0,0,0.7622950819672131,0,0,0,0,0,0,0,0,0,0,0,0,0,0,0,0,0,0,0,0,0,1,0,0,0,0,0,0,0,0,1,0,0,0,0,0,0,0,0
7.307202314764738,0.0,0,150,21,0.0,3.332204510175204,0,0,0,0,0.7769230769230769,0,0,0,0,0,0,0,0,0,0,0,0,0,0,0,0,0,0,0,0,0,1,0,0,0,0,0,0,0,0,1,0,0,0,0,0,0,0,0
7.307202314764738,0.0,0,146,20,0.0,3.332204510175204,0,0,0,0,0.7716535433070866,0,0,0,0,0,0,0,0,0,0,0,0,0,0,0,0,0,0,0,0,0,1,0,0,0,0,0,0,0,0,1,0,0,0,0,0,0,0,0
6.3818160174060985,0.0,0,151,22,0.0,6.803505257608338,1,0,0,0,0.7769230769230769,0,0,0,0,0,0,0,0,0,0,0,0,0,0,0,0,0,0,0,0,0,1,0,0,0,0,0,0,0,0,1,0,0,0,0,0,0,0,0
5.574053367981417,0.0,0,114,9,3.1354942159291497,0.0,0,0,0,0,1.0,0,0,0,0,0,0,0,0,0,0,0,0,0,0,0,0,0,0,0,0,0,1,0,0,0,0,0,0,0,0,1,0,0,0,0,0,0,0,0
7.495541943884256,0.0,0,19,1,0.0,0.0,0,0,0,0,1.0,0,0,0,0,0,0,0,0,0,0,0,0,0,0,0,0,0,0,0,0,0,1,0,0,0,0,0,0,0,0,1,0,0,0,0,0,0,0,0
7.495541943884256,0.0,0,26,1,0.0,0.0,0,0,0,0,1.0,0,0,0,0,0,0,0,0,0,0,0,0,0,0,0,0,0,0,0,0,0,1,0,0,0,0,0,0,0,0,1,0,0,0,0,0,0,0,0
7.495541943884256,0.0,0,24,1,0.0,0.0,0,0,0,0,1.0,0,0,0,0,0,0,0,0,0,0,0,0,0,0,0,0,0,0,0,0,0,1,0,0,0,0,0,0,0,0,1,0,0,0,0,0,0,0,0
6.018593214496234,0.0,0,71,7,0.0,1.3862943611198906,0,0,0,0,0.6307692307692307,0,0,0,0,0,0,0,0,0,0,0,0,0,0,0,0,0,0,0,0,0,1,0,0,0,0,0,0,0,0,1,0,0,0,0,0,0,0,0
6.3818160174060985,0.0,0,151,22,0.0,6.803505257608338,1,0,0,0,0.7769230769230769,0,0,0,0,0,0,0,0,0,0,0,0,0,0,0,0,0,0,0,0,0,1,0,0,0,0,0,0,0,0,1,0,0,0,0,0,0,0,0
4.7535901911063645,0.0,0,30,4,0.0,0.0,0,0,0,0,0.0,0,0,0,0,0,0,0,0,0,0,0,0,0,0,0,0,0,0,0,0,0,1,0,0,0,0,0,0,0,0,1,0,0,0,0,0,0,0,0
6.3818160174060985,0.0,0,144,21,0.0,6.803505257608338,1,0,0,0,0.7661290322580645,0,0,0,0,0,0,0,0,0,0,0,0,0,0,0,0,0,0,0,0,0,1,0,0,0,0,0,0,0,0,1,0,0,0,0,0,0,0,0
6.3818160174060985,0.0,0,150,22,0.0,6.803505257608338,1,0,0,0,0.7751937984496124,0,0,0,0,0,0,0,0,0,0,0,0,0,0,0,0,0,0,0,0,0,1,0,0,0,0,0,0,0,0,1,0,0,0,0,0,0,0,0
8.216358332386156,0.0,0,58,8,0.0,0.0,0,0,0,0,0.4117647058823529,0,0,0,0,0,0,0,0,0,0,0,0,0,0,0,0,0,0,0,0,0,1,0,0,0,0,0,0,0,0,0,1,0,0,0,0,0,0,0
6.53813982376767,0.0,0,70,10,1.791759469228055,3.1354942159291497,1,0,0,0,0.4262295081967213,0,0,0,0,0,0,0,0,0,0,0,0,0,0,0,0,0,0,0,0,0,1,0,0,0,0,0,0,0,0,0,0,0,0,1,0,0,0,0
7.336936913707618,0.0,0,103,15,1.791759469228055,3.5263605246161616,1,0,0,0,0.7078651685393258,0,0,0,0,0,0,0,0,0,0,0,0,0,0,0,0,0,0,0,0,0,1,0,0,0,0,0,0,0,0,0,0,0,0,1,0,0,0,0
5.298317366548036,0.0,0,82,11,9.210340371976184,0.0,0,0,0,0,0.4305555555555556,0,0,0,0,0,0,0,0,0,0,0,0,0,0,0,0,0,0,0,0,0,1,0,0,0,0,0,0,0,0,0,0,0,1,0,0,0,0,0
6.396929655216146,0.0,0,73,11,4.6443908991413725,5.707110264748875,1,1,0,0,0.873015873015873,0,0,0,0,0,0,0,0,0,0,0,0,0,0,0,0,0,0,0,0,0,1,0,0,0,0,0,0,0,0,1,0,0,0,0,0,0,0,0
5.521460917862246,0.0,0,85,14,4.61512051684126,0.0,0,0,0,0,0.4166666666666667,0,0,0,0,0,0,0,0,0,0,0,0,0,0,0,0,0,0,0,0,0,1,0,0,0,0,0,0,0,0,0,0,0,1,0,0,0,0,0
5.634789603169249,0.0,0,108,12,9.210340371976184,4.61512051684126,0,0,1,0,0.71875,0,0,0,0,0,0,0,0,0,0,0,0,0,0,0,0,0,0,0,0,0,1,0,0,0,0,0,0,0,0,1,0,0,0,0,0,0,0,0
6.85751406254539,0.0,0,46,6,2.8903717578961645,0.0,0,0,0,0,0.21951219512195122,0,0,0,0,0,0,0,0,0,0,0,0,0,0,0,0,0,0,0,0,0,1,0,0,0,0,0,0,0,0,1,0,0,0,0,0,0,0,0
6.907755278982137,0.0,0,119,20,5.8377304471659395,3.5263605246161616,1,0,0,0,0.6770833333333334,0,0,0,0,0,0,0,0,0,0,0,0,0,0,0,0,0,0,0,0,0,1,0,0,0,0,0,0,0,0,1,0,0,0,0,0,0,0,0
6.234410725718371,0.0,0,144,13,8.331586243630754,1.3862943611198906,0,1,0,0,0.7575757575757576,0,0,0,0,0,0,0,0,0,0,0,0,0,0,0,0,0,0,0,0,0,1,0,0,0,0,0,0,0,0,1,0,0,0,0,0,0,0,0
6.234410725718371,0.0,0,150,13,6.732210706467206,1.3862943611198906,0,1,0,0,0.7720588235294118,0,0,0,0,0,0,0,0,0,0,0,0,0,0,0,0,0,0,0,0,0,1,0,0,0,0,0,0,0,0,1,0,0,0,0,0,0,0,0
6.1092475827643655,0.0,0,77,12,4.61512051684126,0.0,0,0,0,0,0.42424242424242425,0,0,0,0,0,0,0,0,0,0,0,0,0,0,0,0,0,0,0,0,0,1,0,0,0,0,0,0,0,0,0,0,0,1,0,0,0,0,0
6.1092475827643655,0.0,0,90,13,9.210340371976184,6.812345094177479,0,0,0,0,0.44871794871794873,0,0,0,0,0,0,0,0,0,0,0,0,0,0,0,0,0,0,0,0,0,1,0,0,0,0,0,0,0,0,0,0,0,1,0,0,0,0,0
6.345636360828596,0.0,0,145,17,8.00469951054955,4.61512051684126,1,0,1,0,0.8203125,0,0,0,0,0,0,0,0,0,0,0,0,0,0,0,0,0,0,0,0,0,1,0,0,0,0,0,0,0,0,1,0,0,0,0,0,0,0,0
7.312553498102598,0.0,0,61,11,6.4457198193855785,2.772588722239781,0,0,0,0,0.6470588235294118,0,0,0,0,0,0,0,0,0,0,0,0,0,0,0,0,0,0,0,0,0,1,0,0,0,0,0,0,0,0,0,0,0,0,1,0,0,0,0
6.897704943128636,0.0,0,116,13,4.875197323201151,4.61512051684126,1,0,1,0,0.6826923076923077,0,0,0,0,0,0,0,0,0,0,0,0,0,0,0,0,0,0,0,0,0,1,0,0,0,0,0,0,0,0,0,0,0,1,0,0,0,0,0
6.907755278982137,0.0,0,115,15,7.0925737159746784,1.0986122886681098,0,0,0,0,0.7128712871287128,0,0,0,0,0,0,0,0,0,0,0,0,0,0,0,0,0,0,0,0,0,1,0,0,0,0,0,0,0,0,1,0,0,0,0,0,0,0,0
5.480638923341991,0.0,0,118,18,6.421622267806518,6.2166061010848646,1,0,0,1,0.49504950495049505,0,0,0,0,0,0,0,0,0,0,0,0,0,0,0,0,0,0,0,0,0,1,0,0,0,0,0,0,0,0,0,0,0,1,0,0,0,0,0
5.703782474656201,0.0,0,41,3,2.4849066497880004,0.6931471805599453,0,0,0,0,0.9487179487179487,0,0,0,0,0,0,0,0,0,0,0,0,0,0,0,0,0,0,0,0,0,1,0,0,0,0,0,0,0,0,0,0,0,1,0,0,0,0,0
7.170888478512505,0.0,0,33,4,3.1780538303479458,6.90875477931522,1,0,0,0,0.8666666666666667,0,0,0,0,0,0,0,0,0,0,0,0,0,0,0,0,0,0,0,0,0,1,0,0,0,0,0,0,0,0,0,1,0,0,0,0,0,0,0
6.329720905522696,0.0,0,61,8,5.840641657373398,0.0,0,0,0,0,0.46296296296296297,0,0,0,0,0,0,0,0,0,0,0,0,0,0,0,0,0,0,0,0,0,1,0,0,0,0,0,0,0,0,0,0,0,1,0,0,0,0,0
6.78105762593618,0.0,0,118,15,3.58351893845611,0.0,0,0,0,0,0.7019230769230769,0,0,0,0,0,0,0,0,0,0,0,0,0,0,0,0,0,0,0,0,0,1,0,0,0,0,0,0,0,0,0,0,0,0,1,0,0,0,0
7.237778191923443,0.0,0,36,6,4.04305126783455,1.3862943611198906,0,0,0,0,0.4838709677419355,0,0,0,0,0,0,0,0,0,0,0,0,0,0,0,0,0,0,0,0,0,1,0,0,0,0,0,0,0,0,1,0,0,0,0,0,0,0,0
6.898714534329988,0.0,0,10,2,0.0,0.0,0,0,0,0,0.0,0,0,0,0,0,0,0,0,0,0,0,0,0,0,0,0,0,0,0,0,0,1,0,0,0,0,0,0,0,0,0,0,0,1,0,0,0,0,0
5.4638318050256105,0.0,0,41,7,2.70805020110221,0.0,0,0,0,0,0.4857142857142857,0,0,0,0,0,0,0,0,0,0,0,0,0,0,0,0,0,0,0,0,0,1,0,0,0,0,0,0,0,0,1,0,0,0,0,0,0,0,0
6.363028103540465,0.0,0,118,17,1.791759469228055,2.0794415416798357,1,0,0,0,0.5882352941176471,0,0,0,0,0,0,0,0,0,0,0,0,0,0,0,0,0,0,0,0,0,1,0,0,0,0,0,0,0,0,0,0,0,1,0,0,0,0,0
6.3818160174060985,0.0,0,90,7,3.295836866004329,0.0,0,1,0,0,0.9166666666666666,0,0,0,0,0,0,0,0,0,0,0,0,0,0,0,0,0,0,0,0,0,1,0,0,0,0,0,0,0,0,1,0,0,0,0,0,0,0,0
6.803505257608338,0.0,0,88,14,2.5649493574615367,3.6375861597263857,1,1,0,0,0.7866666666666666,0,0,0,0,0,0,0,0,0,0,0,0,0,0,0,0,0,0,0,0,0,1,0,0,0,0,0,0,0,0,1,0,0,0,0,0,0,0,0
5.375278407684165,0.0,0,136,15,9.210340371976184,1.0986122886681098,1,0,1,0,0.7295081967213115,0,0,0,0,0,0,0,0,0,0,0,0,0,0,0,0,0,0,0,0,0,1,0,0,0,0,0,0,0,0,1,0,0,0,0,0,0,0,0
6.684611727667927,0.0,0,75,13,6.091309882077698,1.9459101490553132,0,1,0,1,0.6507936507936508,0,0,0,0,0,0,0,0,0,0,0,0,0,0,0,0,0,0,0,0,0,1,0,0,0,0,0,0,0,0,1,0,0,0,0,0,0,0,0
7.1631723908466425,0.0,0,55,6,4.060443010546419,0.0,0,0,0,0,0.96,0,0,0,0,0,0,0,0,0,0,0,0,0,0,0,0,0,0,0,0,0,1,0,0,0,0,0,0,0,0,1,0,0,0,0,0,0,0,0
6.53813982376767,0.0,0,70,8,4.997212273764115,2.995732273553991,1,0,0,0,0.6190476190476191,0,0,0,0,0,0,0,0,0,0,0,0,0,0,0,0,0,0,0,0,0,1,0,0,0,0,0,0,0,0,0,0,0,0,1,0,0,0,0
5.991464547107982,0.0,0,90,9,7.603897968521881,0.0,0,0,0,0,0.8170731707317073,0,0,0,0,0,0,0,0,0,0,0,0,0,0,0,0,0,0,0,0,0,1,0,0,0,0,0,0,0,0,1,0,0,0,0,0,0,0,0
5.298317366548036,0.0,0,108,14,8.844336332748933,6.90875477931522,1,0,0,0,0.7157894736842105,0,0,0,0,0,0,0,0,0,0,0,0,0,0,0,0,0,0,0,0,0,1,0,0,0,0,0,0,0,0,1,0,0,0,0,0,0,0,0
7.762596048540069,0.0,0,80,8,0.0,4.61512051684126,0,0,1,0,0.7808219178082192,0,0,0,0,0,0,0,0,0,0,0,0,0,0,0,0,0,0,0,0,0,1,0,0,0,0,0,0,0,0,0,0,0,0,1,0,0,0,0
6.69641677311769,0.0,0,122,10,3.1354942159291497,0.0,0,0,0,0,1.0,0,0,0,0,0,0,0,0,0,0,0,0,0,0,0,0,0,0,0,0,0,1,0,0,0,0,0,0,0,0,1,0,0,0,0,0,0,0,0
5.91350300563827,0.0,0,114,14,7.606387389772652,0.0,0,0,0,0,0.45544554455445546,0,0,0,0,0,0,0,0,0,0,0,0,0,0,0,0,0,0,0,0,0,1,0,0,0,0,0,0,0,0,0,0,0,1,0,0,0,0,0
7.208600337960199,0.0,0,120,17,4.330733340286331,6.811244378601294,1,0,0,0,0.6442307692307693,0,0,0,0,0,0,0,0,0,0,0,0,0,0,0,0,0,0,0,0,0,1,0,0,0,0,0,0,0,0,1,0,0,0,0,0,0,0,0
6.803505257608338,0.0,0,99,10,6.354370040797351,0.6931471805599453,1,0,0,1,0.8555555555555555,0,0,0,0,0,0,0,0,0,0,0,0,0,0,0,0,0,0,0,0,0,1,0,0,0,0,0,0,0,0,1,0,0,0,0,0,0,0,0
5.860786223465865,0.0,0,126,15,0.0,4.61512051684126,0,0,1,0,0.6696428571428571,0,0,0,0,0,0,0,0,0,0,0,0,0,0,0,0,0,0,0,0,0,1,0,0,0,0,0,0,0,0,0,0,1,0,0,0,0,0,0
6.716594773520978,0.0,0,120,16,3.367295829986474,0.0,0,0,0,0,0.6952380952380952,0,0,0,0,0,0,0,0,0,0,0,0,0,0,0,0,0,0,0,0,0,1,0,0,0,0,0,0,0,0,0,0,0,0,1,0,0,0,0
6.673297967767654,0.0,0,126,16,1.9459101490553132,6.398594934535208,0,0,0,0,0.5315315315315315,0,0,0,0,0,0,0,0,0,0,0,0,0,0,0,0,0,0,0,0,0,1,0,0,0,0,0,0,0,0,1,0,0,0,0,0,0,0,0
6.194405391104672,0.0,0,118,16,8.27308133366583,6.2166061010848646,1,0,0,1,0.4174757281553398,0,0,0,0,0,0,0,0,0,0,0,0,0,0,0,0,0,0,0,0,0,1,0,0,0,0,0,0,0,0,0,0,0,1,0,0,0,0,0
6.716594773520978,0.0,0,94,8,2.0794415416798357,0.0,0,0,0,0,1.0,0,0,0,0,0,0,0,0,0,0,0,0,0,0,0,0,0,0,0,0,0,1,0,0,0,0,0,0,0,0,1,0,0,0,0,0,0,0,0
6.898714534329988,0.0,0,152,24,0.0,3.4339872044851463,0,0,0,0,0.5348837209302325,0,0,0,0,0,0,0,0,0,0,0,0,0,0,0,0,0,0,0,0,0,1,0,0,0,0,0,0,0,0,1,0,0,0,0,0,0,0,0
7.201170883281678,0.0,0,115,15,0.0,4.61512051684126,0,0,0,0,0.44,0,0,0,0,0,0,0,0,0,0,0,0,0,0,0,0,0,0,0,0,0,1,0,0,0,0,0,0,0,0,0,0,0,0,1,0,0,0,0
5.298317366548036,0.0,0,108,12,9.210340371976184,4.61512051684126,0,0,1,0,0.71875,0,0,0,0,0,0,0,0,0,0,0,0,0,0,0,0,0,0,0,0,0,1,0,0,0,0,0,0,0,0,1,0,0,0,0,0,0,0,0
6.856461984594587,0.0,0,116,13,4.875197323201151,4.61512051684126,1,0,1,0,0.6826923076923077,0,0,0,0,0,0,0,0,0,0,0,0,0,0,0,0,0,0,0,0,0,1,0,0,0,0,0,0,0,0,0,0,0,1,0,0,0,0,0
5.736572297479192,0.0,0,114,14,7.606387389772652,0.0,0,0,0,0,0.45544554455445546,0,0,0,0,0,0,0,0,0,0,0,0,0,0,0,0,0,0,0,0,0,1,0,0,0,0,0,0,0,0,0,0,0,1,0,0,0,0,0
4.454347296253507,0.0,0,100,16,0.0,6.2166061010848646,1,1,0,1,0.5764705882352941,0,0,0,0,0,0,0,0,0,0,0,0,0,1,0,0,0,0,0,0,0,0,0,0,0,0,0,0,0,0,1,0,0,0,0,0,0,0,0
6.565264970035361,0.0,0,87,11,1.791759469228055,6.90875477931522,1,0,0,0,0.48,0,0,0,0,0,0,0,0,0,0,0,0,0,1,0,0,0,0,0,0,0,0,0,0,0,0,0,0,0,0,1,0,0,0,0,0,0,0,0
7.0825485693553,0.0,0,46,10,0.0,7.0909098220799835,1,1,0,0,0.16216216216216217,0,0,0,0,0,0,0,0,0,0,0,0,0,1,0,0,0,0,0,0,0,0,0,0,0,0,0,0,0,0,0,0,0,1,0,0,0,0,0
7.300472814267799,0.0,0,70,12,0.0,7.0909098220799835,0,0,0,0,0.6101694915254238,0,0,0,0,0,0,0,0,0,0,0,0,0,1,0,0,0,0,0,0,0,0,0,0,0,0,0,0,0,0,1,0,0,0,0,0,0,0,0
4.700480365792417,0.0,0,68,8,2.0794415416798357,3.713572066704308,0,1,0,0,0.3114754098360656,0,0,0,0,0,0,0,0,0,0,0,0,0,1,0,0,0,0,0,0,0,0,0,0,0,0,0,0,0,0,1,0,0,0,0,0,0,0,0
7.003065458786462,0.0,0,115,16,0.0,7.613324979540639,1,0,1,0,0.72,0,0,0,0,0,0,0,0,0,0,0,0,0,1,0,0,0,0,0,0,0,0,0,0,0,0,0,0,0,0,0,0,0,0,0,0,1,0,0
6.621405651764134,0.0,0,86,14,0.0,6.68586094706836,1,0,0,0,0.7671232876712328,0,0,0,0,0,0,0,0,0,0,0,0,0,1,0,0,0,0,0,0,0,0,0,0,0,0,0,0,0,0,0,0,0,0,0,0,1,0,0
5.916202062607435,0.0,0,83,11,0.0,7.613324979540639,1,0,1,0,0.6986301369863014,0,0,0,0,0,0,0,0,0,0,0,0,0,1,0,0,0,0,0,0,0,0,0,0,0,0,0,0,0,0,0,0,0,0,0,0,1,0,0
6.173786103901937,0.0,0,76,7,1.791759469228055,7.613324979540639,0,1,0,0,0.4,0,0,0,0,0,0,0,0,0,0,0,0,0,1,0,0,0,0,0,0,0,0,0,0,0,0,0,0,0,0,0,0,0,0,1,0,0,0,0
7.003065458786462,0.0,0,115,16,1.791759469228055,7.613324979540639,1,0,1,0,0.72,0,0,0,0,0,0,0,0,0,0,0,0,0,1,0,0,0,0,0,0,0,0,0,0,0,0,0,0,0,0,0,0,0,0,0,0,1,0,0
5.438079308923196,0.0,0,103,12,2.0794415416798357,4.836281906951478,1,0,0,1,0.8043478260869565,0,0,0,0,0,0,0,0,0,0,0,0,0,1,0,0,0,0,0,0,0,0,0,0,0,0,0,0,0,0,0,0,1,0,0,0,0,0,0
6.621405651764134,0.0,0,86,14,0.0,6.68586094706836,1,0,0,0,0.7671232876712328,0,0,0,0,0,0,0,0,0,0,0,0,0,1,0,0,0,0,0,0,0,0,0,0,0,0,0,0,0,0,0,0,0,0,0,0,1,0,0
5.583496308781699,0.0,0,88,15,3.044522437723423,6.2166061010848646,1,1,0,0,0.6486486486486487,0,0,0,0,0,0,0,0,0,0,0,0,0,1,0,0,0,0,0,0,0,0,0,0,0,0,0,0,0,0,1,0,0,0,0,0,0,0,0
6.398594934535208,0.0,0,47,7,0.0,0.0,0,0,0,0,0.4878048780487805,0,0,0,0,0,0,0,0,0,0,0,0,0,1,0,0,0,0,0,0,0,0,0,0,0,0,0,0,0,0,0,0,0,0,1,0,0,0,0
4.983606621708336,0.0,0,89,10,3.1780538303479458,6.2166061010848646,1,1,0,1,0.6375,0,0,0,0,0,0,0,0,0,0,0,0,0,1,0,0,0,0,0,0,0,0,0,0,0,0,0,0,0,0,1,0,0,0,0,0,0,0,0
7.146772179452637,0.0,0,93,11,1.9459101490553132,1.3862943611198906,0,1,0,0,0.8072289156626506,0,0,0,0,0,0,0,0,0,0,0,0,0,1,0,0,0,0,0,0,0,0,0,0,0,0,0,0,0,0,1,0,0,0,0,0,0,0,0
6.298949246855942,0.0,0,99,16,0.0,4.795790545596741,0,1,0,0,0.4166666666666667,0,0,0,0,0,0,0,0,0,0,0,0,0,1,0,0,0,0,0,0,0,0,0,0,0,0,0,0,0,0,0,0,0,0,0,0,1,0,0
5.375278407684165,0.0,0,33,6,0.0,2.3978952727983707,0,1,0,0,0.5357142857142857,0,0,0,0,0,0,0,0,0,0,0,0,0,1,0,0,0,0,0,0,0,0,0,0,0,0,0,0,0,0,0,0,0,0,1,0,0,0,0
8.083637203141548,0.0,0,65,3,0.0,1.0986122886681098,0,1,0,0,0.8571428571428571,0,0,0,0,0,0,0,0,0,0,0,0,0,1,0,0,0,0,0,0,0,0,0,0,0,0,0,0,0,0,1,0,0,0,0,0,0,0,0
7.003065458786462,0.0,0,115,16,3.1354942159291497,7.613324979540639,1,0,1,0,0.72,0,0,0,0,0,0,0,0,0,0,0,0,0,1,0,0,0,0,0,0,0,0,0,0,0,0,0,0,0,0,0,0,0,0,0,0,1,0,0
7.7057128238944275,0.0,0,93,13,0.0,7.613324979540639,1,0,1,0,0.6296296296296297,0,0,0,0,0,0,0,0,0,0,0,0,0,1,0,0,0,0,0,0,0,0,0,0,0,0,0,0,0,0,0,0,0,0,0,0,1,0,0
5.916202062607435,0.0,0,83,11,2.0794415416798357,7.613324979540639,1,0,1,0,0.6986301369863014,0,0,0,0,0,0,0,0,0,0,0,0,0,1,0,0,0,0,0,0,0,0,0,0,0,0,0,0,0,0,0,0,0,0,0,0,1,0,0
7.029972911706386,0.0,0,82,13,2.833213344056216,4.110873864173311,0,1,0,0,0.7142857142857143,0,0,0,0,0,0,0,0,0,0,0,0,0,1,0,0,0,0,0,0,0,0,0,0,0,0,0,0,0,0,1,0,0,0,0,0,0,0,0
6.90875477931522,0.0,0,64,5,0.0,6.7464121285733745,1,0,0,0,0.7796610169491526,0,0,0,0,0,0,0,0,0,0,0,0,0,1,0,0,0,0,0,0,0,0,0,0,0,0,0,0,0,0,1,0,0,0,0,0,0,0,0
5.153291594497779,0.0,0,68,11,2.995732273553991,4.51085950651685,0,1,0,0,0.0,0,0,0,0,0,0,0,0,0,0,0,0,0,1,0,0,0,0,0,0,0,0,0,0,0,0,0,0,0,0,1,0,0,0,0,0,0,0,0
5.19295685089021,0.0,0,53,8,0.0,5.303304908059076,0,1,0,0,0.0,0,0,0,0,0,0,0,0,0,0,0,0,0,1,0,0,0,0,0,0,0,0,0,0,0,0,0,0,0,0,1,0,0,0,0,0,0,0,0
5.673323267171493,0.0,0,133,12,0.0,0.0,1,1,0,0,1.0,0,0,0,0,0,0,0,0,0,0,0,0,0,1,0,0,0,0,0,0,0,0,0,0,0,0,0,0,0,0,1,0,0,0,0,0,0,0,0
6.19644412779452,0.0,0,128,16,2.3978952727983707,0.6931471805599453,0,1,1,0,0.9380530973451328,0,0,0,0,0,0,0,0,0,0,0,0,0,1,0,0,0,0,0,0,0,0,0,0,0,0,0,0,0,0,1,0,0,0,0,0,0,0,0
5.123963979403259,0.0,0,78,14,0.0,5.303304908059076,0,1,0,0,0.4,0,0,0,0,0,0,0,0,0,0,0,0,0,1,0,0,0,0,0,0,0,0,0,0,0,0,0,0,0,0,1,0,0,0,0,0,0,0,0
5.135798437050262,0.0,0,75,12,1.9459101490553132,5.303304908059076,0,1,0,0,0.65625,0,0,0,0,0,0,0,0,0,0,0,0,0,1,0,0,0,0,0,0,0,0,0,0,0,0,0,0,0,0,1,0,0,0,0,0,0,0,0
5.673323267171493,0.0,0,126,10,0.0,4.61512051684126,1,0,0,0,0.8461538461538461,0,0,0,0,0,0,0,0,0,0,0,0,0,1,0,0,0,0,0,0,0,0,0,0,0,0,0,0,0,0,1,0,0,0,0,0,0,0,0
6.769641976852503,0.0,0,60,8,2.772588722239781,3.044522437723423,0,1,0,0,0.6226415094339622,0,0,0,0,0,0,0,0,0,0,0,0,0,1,0,0,0,0,0,0,0,0,0,0,0,0,0,0,0,0,1,0,0,0,0,0,0,0,0
5.298317366548036,0.0,0,51,9,3.8501476017100584,4.394449154672439,0,1,0,1,0.16279069767441862,0,0,0,0,0,0,0,0,0,0,0,0,0,1,0,0,0,0,0,0,0,0,0,0,0,0,0,0,0,0,1,0,0,0,0,0,0,0,0
5.968707559985366,0.0,0,90,9,0.0,4.795790545596741,0,1,0,0,0.5975609756097561,0,0,0,0,0,0,0,0,0,0,0,0,0,1,0,0,0,0,0,0,0,0,0,0,0,0,0,0,0,0,0,0,0,1,0,0,0,0,0
4.02535169073515,0.0,0,81,9,2.1972245773362196,6.90875477931522,1,0,0,0,0.410958904109589,0,0,0,0,0,0,0,0,0,0,0,0,0,1,0,0,0,0,0,0,0,0,0,0,0,0,0,0,0,0,0,0,1,0,0,0,0,0,0
8.216358332386156,0.0,0,92,12,1.9459101490553132,0.0,0,0,0,0,0.6666666666666666,0,0,0,0,0,0,0,0,0,0,0,0,0,1,0,0,0,0,0,0,0,0,0,0,0,0,0,0,0,0,1,0,0,0,0,0,0,0,0
6.272877006546167,0.0,0,62,7,0.0,3.4339872044851463,0,1,0,0,0.7857142857142857,0,0,0,0,0,0,0,0,0,0,0,0,0,1,0,0,0,0,0,0,0,0,0,0,0,0,0,0,0,0,1,0,0,0,0,0,0,0,0
6.439350371100098,0.0,0,35,5,0.0,4.110873864173311,0,1,0,0,0.7419354838709677,0,0,0,0,0,0,0,0,0,0,0,0,0,1,0,0,0,0,0,0,0,0,0,0,0,0,0,0,0,0,1,0,0,0,0,0,0,0,0
5.564520407322694,0.0,0,53,8,4.48863636973214,6.90875477931522,1,0,0,0,0.782608695652174,0,0,0,0,0,0,0,0,0,0,0,0,0,1,0,0,0,0,0,0,0,0,0,0,0,0,0,0,0,0,1,0,0,0,0,0,0,0,0
6.144185634125646,0.0,0,93,13,2.302585092994046,6.111467339502679,1,0,0,0,0.32098765432098764,0,0,0,0,0,0,0,0,0,0,0,0,0,1,0,0,0,0,0,0,0,0,0,0,0,0,0,0,0,0,1,0,0,0,0,0,0,0,0
6.620073206530356,0.0,0,75,12,2.70805020110221,4.795790545596741,0,1,0,0,0.09375,0,0,0,0,0,0,0,0,0,0,0,0,0,1,0,0,0,0,0,0,0,0,0,0,0,0,0,0,0,0,1,0,0,0,0,0,0,0,0
6.620073206530356,0.0,0,57,10,4.941642422609304,1.791759469228055,0,1,0,0,0.8125,0,0,0,0,0,0,0,0,0,0,0,0,0,1,0,0,0,0,0,0,0,0,0,0,0,0,0,0,0,0,1,0,0,0,0,0,0,0,0
4.454347296253507,0.0,0,41,5,9.174298600628918,4.61512051684126,0,1,0,0,0.5945945945945946,0,0,0,0,0,0,0,0,0,0,0,0,0,1,0,0,0,0,0,0,0,0,0,0,0,0,0,0,0,0,1,0,0,0,0,0,0,0,0
5.3981627015177525,0.0,0,92,10,7.833203948641057,6.90875477931522,1,0,0,0,0.9036144578313253,0,0,0,0,0,0,0,0,0,0,0,0,0,1,0,0,0,0,0,0,0,0,0,0,0,0,0,0,0,0,1,0,0,0,0,0,0,0,0
6.580639137284949,0.0,0,37,4,4.812184355372417,0.0,0,0,0,0,0.7058823529411765,0,0,0,0,0,0,0,0,0,0,0,0,0,1,0,0,0,0,0,0,0,0,0,0,0,0,0,0,0,0,1,0,0,0,0,0,0,0,0
5.19295685089021,0.0,0,35,5,3.6888794541139363,4.110873864173311,0,1,0,0,0.6774193548387096,0,0,0,0,0,0,0,0,0,0,0,0,0,1,0,0,0,0,0,0,0,0,0,0,0,0,0,0,0,0,0,0,0,1,0,0,0,0,0
4.382026634673881,0.0,0,95,16,9.210340371976184,6.90875477931522,1,1,0,0,0.4,0,0,0,0,0,0,0,0,0,0,0,0,0,1,0,0,0,0,0,0,0,0,0,0,0,0,0,0,0,0,0,0,0,1,0,0,0,0,0
6.289715570908998,0.0,0,62,10,3.332204510175204,3.4339872044851463,0,1,0,0,0.7735849056603774,0,0,0,0,0,0,0,0,0,0,0,0,0,1,0,0,0,0,0,0,0,0,0,0,0,0,0,0,0,0,1,0,0,0,0,0,0,0,0
6.679599185844383,0.0,0,27,4,8.674196940225903,0.0,0,0,0,0,0.5416666666666666,0,0,0,0,0,0,0,0,0,0,0,0,0,1,0,0,0,0,0,0,0,0,0,0,0,0,0,0,0,0,0,1,0,0,0,0,0,0,0
7.170119543449628,0.0,0,67,4,2.3978952727983707,4.61512051684126,0,1,0,0,0.84375,0,0,0,0,0,0,0,0,0,0,0,0,0,1,0,0,0,0,0,0,0,0,0,0,0,0,0,0,0,0,1,0,0,0,0,0,0,0,0
6.660575149839686,0.0,0,98,10,1.9459101490553132,4.61512051684126,0,0,1,0,0.797752808988764,0,0,0,0,0,0,0,0,0,0,0,0,0,1,0,0,0,0,0,0,0,0,0,0,0,0,0,0,0,0,1,0,0,0,0,0,0,0,0
6.593044534142437,0.0,0,67,9,4.795790545596741,5.472270673671475,1,0,0,1,0.6101694915254238,0,0,0,0,0,0,0,0,0,0,0,0,0,1,0,0,0,0,0,0,0,0,0,0,0,0,0,0,0,0,1,0,0,0,0,0,0,0,0
6.042632833682381,0.0,0,138,11,3.828641396489095,2.5649493574615367,0,0,0,0,0.671875,0,0,0,0,0,0,0,0,0,0,0,0,0,1,0,0,0,0,0,0,0,0,0,0,0,0,0,0,0,0,1,0,0,0,0,0,0,0,0
5.442417710521793,0.0,0,113,16,7.988203597022576,3.4339872044851463,0,1,0,0,0.6020408163265306,0,0,0,0,0,0,0,0,0,0,0,0,0,1,0,0,0,0,0,0,0,0,0,0,0,0,0,0,0,0,1,0,0,0,0,0,0,0,0
6.1092475827643655,0.0,0,77,15,3.2188758248682006,4.61512051684126,0,1,0,0,0.6825396825396826,0,0,0,0,0,0,0,0,0,0,0,0,0,1,0,0,0,0,0,0,0,0,0,0,0,0,0,0,0,0,1,0,0,0,0,0,0,0,0
7.496097345175956,0.0,0,100,8,5.288267030694535,4.605170185988092,0,1,0,0,0.8494623655913979,0,0,0,0,0,0,0,0,0,0,0,0,0,1,0,0,0,0,0,0,0,0,0,0,0,0,0,0,0,0,1,0,0,0,0,0,0,0,0
5.655991810819852,0.0,0,14,2,5.976350909297934,0.0,0,0,0,0,1.0,0,0,0,0,0,0,0,0,0,0,0,0,0,1,0,0,0,0,0,0,0,0,0,0,0,0,0,0,0,0,1,0,0,0,0,0,0,0,0
7.462214939768189,0.0,0,61,7,5.616771097666572,6.2166061010848646,1,0,0,0,0.5818181818181818,0,0,0,0,0,0,0,0,0,0,0,0,0,1,0,0,0,0,0,0,0,0,0,0,0,0,0,0,0,0,1,0,0,0,0,0,0,0,0
5.981414211254481,0.0,0,71,7,6.253828811575473,5.993961427306569,0,1,1,0,0.8,0,0,0,0,0,0,0,0,0,0,0,0,0,1,0,0,0,0,0,0,0,0,0,0,0,0,0,0,0,0,1,0,0,0,0,0,0,0,0
6.173786103901937,0.0,0,52,11,4.787491742782046,6.2166061010848646,1,1,0,0,0.21428571428571427,0,0,0,0,0,0,0,0,0,0,0,0,0,1,0,0,0,0,0,0,0,0,0,0,0,0,0,0,0,0,1,0,0,0,0,0,0,0,0
5.855071922202427,0.0,0,111,15,8.314587291319576,3.4339872044851463,0,1,0,0,0.6082474226804123,0,0,0,0,0,0,0,0,0,0,0,0,0,1,0,0,0,0,0,0,0,0,0,0,0,0,0,0,0,0,1,0,0,0,0,0,0,0,0
5.860786223465865,0.0,0,63,4,6.814542897259958,3.713572066704308,0,1,1,0,0.7666666666666667,0,0,0,0,0,0,0,0,0,0,0,0,0,1,0,0,0,0,0,0,0,0,0,0,0,0,0,0,0,0,0,1,0,0,0,0,0,0,0
3.713572066704308,0.0,0,39,4,9.210340371976184,4.110873864173311,0,1,0,0,0.7777777777777778,0,0,0,0,0,0,0,0,0,0,0,0,0,1,0,0,0,0,0,0,0,0,0,0,0,0,0,0,0,0,1,0,0,0,0,0,0,0,0
5.247024072160486,0.0,0,62,6,3.9889840465642745,3.4339872044851463,0,1,0,0,0.7017543859649122,0,0,0,0,0,0,0,0,0,0,0,0,0,1,0,0,0,0,0,0,0,0,0,0,0,0,0,0,0,0,1,0,0,0,0,0,0,0,0
6.893656354602635,0.0,0,61,11,5.5254529391317835,7.613324979540639,1,0,0,0,0.6470588235294118,0,0,0,0,0,0,0,0,0,0,0,0,0,1,0,0,0,0,0,0,0,0,0,0,0,0,0,0,0,0,0,0,0,0,0,0,1,0,0
5.4638318050256105,0.0,0,45,3,6.815639990074331,0.0,0,0,0,0,0.7441860465116279,0,0,0,0,0,0,0,0,0,0,0,0,0,1,0,0,0,0,0,0,0,0,0,0,0,0,0,0,0,0,1,0,0,0,0,0,0,0,0
5.62040086571715,0.0,0,86,13,6.361302477572996,4.795790545596741,0,1,0,1,0.5945945945945946,0,0,0,0,0,0,0,0,0,0,0,0,0,1,0,0,0,0,0,0,0,0,0,0,0,0,0,0,0,0,0,1,0,0,0,0,0,0,0
6.54534966033442,0.0,0,82,9,4.762173934797756,4.51085950651685,1,1,0,0,0.6621621621621622,0,0,0,0,0,0,0,0,0,0,0,0,0,1,0,0,0,0,0,0,0,0,0,0,0,0,0,0,0,0,1,0,0,0,0,0,0,0,0
6.39024066706535,0.0,0,56,9,4.605170185988092,6.90875477931522,1,1,0,0,0.0,0,0,0,0,0,0,0,0,0,0,0,0,0,1,0,0,0,0,0,0,0,0,0,0,0,0,0,0,0,0,1,0,0,0,0,0,0,0,0
5.62040086571715,0.0,0,75,13,6.699500340161678,4.795790545596741,0,1,0,1,0.5161290322580645,0,0,0,0,0,0,0,0,0,0,0,0,0,1,0,0,0,0,0,0,0,0,0,0,0,0,0,0,0,0,0,1,0,0,0,0,0,0,0
4.700480365792417,0.0,0,106,11,4.709530201312334,5.993961427306569,1,0,0,0,0.6979166666666666,0,0,0,0,0,0,0,0,0,0,0,0,0,1,0,0,0,0,0,0,0,0,0,0,0,0,0,0,0,0,1,0,0,0,0,0,0,0,0
6.660575149839686,0.0,0,56,11,5.796057750765372,5.303304908059076,0,1,0,0,0.0,0,0,0,0,0,0,0,0,0,0,0,0,0,1,0,0,0,0,0,0,0,0,0,0,0,0,0,0,0,0,0,0,1,0,0,0,0,0,0
4.882801922586371,0.0,0,40,6,5.8944028342648505,3.713572066704308,0,1,0,0,0.9428571428571428,0,0,0,0,0,0,0,0,0,0,0,0,0,1,0,0,0,0,0,0,0,0,0,0,0,0,0,0,0,0,0,0,1,0,0,0,0,0,0
6.536691597591305,0.0,0,82,10,4.02535169073515,6.2166061010848646,1,1,1,0,0.1917808219178082,0,0,0,0,0,0,0,0,0,0,0,0,0,1,0,0,0,0,0,0,0,0,0,0,0,0,0,0,0,0,0,0,0,0,1,0,0,0,0
5.673323267171493,0.0,0,105,12,3.4657359027997265,3.4339872044851463,0,1,0,0,0.776595744680851,0,0,0,0,0,0,0,0,0,0,0,0,0,1,0,0,0,0,0,0,0,0,0,0,0,0,0,0,0,0,1,0,0,0,0,0,0,0,0
6.214608098422191,0.0,0,58,8,0.0,5.707110264748875,1,1,0,0,0.43137254901960786,0,0,0,0,0,0,0,0,0,0,0,0,0,1,0,0,0,0,0,0,0,0,0,0,0,0,0,0,0,0,1,0,0,0,0,0,0,0,0
4.74493212836325,0.0,0,90,12,7.792348924113037,3.4339872044851463,0,1,0,0,0.5324675324675324,0,0,0,0,0,0,0,0,0,0,0,0,0,1,0,0,0,0,0,0,0,0,0,0,0,0,0,0,0,0,1,0,0,0,0,0,0,0,0
6.898714534329988,0.0,0,93,10,3.5263605246161616,1.0986122886681098,0,0,0,0,0.7619047619047619,0,0,0,0,0,0,0,0,0,0,0,0,0,1,0,0,0,0,0,0,0,0,0,0,0,0,0,0,0,0,1,0,0,0,0,0,0,0,0
6.373319789577012,0.0,0,61,7,7.020190708311925,6.2166061010848646,1,0,0,0,0.5818181818181818,0,0,0,0,0,0,0,0,0,0,0,0,0,1,0,0,0,0,0,0,0,0,0,0,0,0,0,0,0,0,1,0,0,0,0,0,0,0,0
8.31115254800169,0.0,0,110,16,0.0,6.7464121285733745,1,0,0,1,0.6842105263157895,0,0,0,0,0,0,0,0,0,0,0,0,0,1,0,0,0,0,0,0,0,0,0,0,0,0,0,0,0,0,1,0,0,0,0,0,0,0,0
8.31115254800169,0.0,0,123,16,0.0,6.803505257608338,1,1,0,1,0.5462962962962963,0,0,0,0,0,0,0,0,0,0,0,0,0,1,0,0,0,0,0,0,0,0,0,0,0,0,0,0,0,0,1,0,0,0,0,0,0,0,0
5.66988092298052,0.0,0,78,13,2.302585092994046,6.90875477931522,1,0,0,0,0.5,0,0,0,0,0,0,0,0,0,0,0,0,0,1,0,0,0,0,0,0,0,0,0,0,0,0,0,0,0,0,1,0,0,0,0,0,0,0,0
6.309918278226516,0.0,0,93,11,0.0,0.6931471805599453,0,1,0,0,0.8072289156626506,0,0,0,0,0,0,0,0,0,0,0,0,0,1,0,0,0,0,0,0,0,0,0,0,0,0,0,0,0,0,1,0,0,0,0,0,0,0,0
6.111467339502679,0.0,0,58,10,0.0,6.2166061010848646,1,1,0,0,0.0,0,0,0,0,0,0,0,0,0,0,0,0,0,1,0,0,0,0,0,0,0,0,0,0,0,0,0,0,0,0,1,0,0,0,0,0,0,0,0
4.330733340286331,0.0,0,110,19,0.0,6.2166061010848646,1,1,0,0,0.6847826086956522,0,0,0,0,0,0,0,0,0,0,0,0,0,1,0,0,0,0,0,0,0,0,0,0,0,0,0,0,0,0,1,0,0,0,0,0,0,0,0
6.364750756851911,0.0,0,75,7,0.0,0.0,0,0,0,0,1.0,0,0,0,0,0,0,0,0,0,0,0,0,0,0,0,0,0,0,0,0,0,0,1,0,0,0,0,0,0,0,0,0,0,1,0,0,0,0,0
6.054439346269371,0.0,0,40,5,0.0,0.0,0,0,0,0,0.7777777777777778,0,0,0,0,0,0,0,0,0,0,0,0,0,0,0,0,0,0,0,0,0,0,1,0,0,0,0,0,0,0,0,0,1,0,0,0,0,0,0
5.673323267171493,0.0,0,57,6,2.1972245773362196,0.0,0,0,0,0,0.9230769230769231,0,0,0,0,0,0,0,0,0,0,0,0,0,0,0,0,0,0,0,0,0,0,1,0,0,0,0,0,0,0,0,0,1,0,0,0,0,0,0
5.968707559985366,0.0,0,18,1,0.0,0.0,0,1,0,0,1.0,0,0,0,0,0,0,0,0,0,0,0,0,0,0,0,0,0,0,0,0,0,0,1,0,0,0,0,0,0,0,1,0,0,0,0,0,0,0,0
6.077642243349034,0.0,0,67,5,2.3978952727983707,0.0,0,0,0,0,0.8360655737704918,0,0,0,0,0,0,0,0,0,0,0,0,0,0,0,0,0,0,0,0,0,0,1,0,0,0,0,0,0,0,1,0,0,0,0,0,0,0,0
6.53813982376767,0.0,0,113,13,0.0,2.3978952727983707,0,1,0,1,0.8316831683168316,0,0,0,0,0,0,0,0,0,0,0,0,0,0,0,0,0,0,0,0,0,0,1,0,0,0,0,0,0,0,1,0,0,0,0,0,0,0,0
5.564520407322694,0.0,0,50,4,0.0,4.61512051684126,0,0,1,0,0.6595744680851063,0,0,0,0,0,0,0,0,0,0,0,0,0,0,0,0,0,0,0,0,0,0,1,0,0,0,0,0,0,0,1,0,0,0,0,0,0,0,0
5.966146739123692,0.0,0,107,13,0.0,1.9459101490553132,0,0,0,0,0.8315789473684211,0,0,0,0,0,0,0,0,0,0,0,0,0,0,0,0,0,0,0,0,0,0,1,0,0,0,0,0,0,0,0,0,0,0,0,0,1,0,0
6.79794041297493,0.0,0,107,13,0.0,1.9459101490553132,0,0,0,0,0.8315789473684211,0,0,0,0,0,0,0,0,0,0,0,0,0,0,0,0,0,0,0,0,0,0,1,0,0,0,0,0,0,0,0,0,0,0,0,0,1,0,0
5.673323267171493,0.0,0,101,10,0.0,2.3978952727983707,0,1,0,1,0.8351648351648352,0,0,0,0,0,0,0,0,0,0,0,0,0,0,0,0,0,0,0,0,0,0,1,0,0,0,0,0,0,0,0,1,0,0,0,0,0,0,0
5.968707559985366,0.0,0,81,14,0.0,0.0,0,0,1,0,0.7761194029850746,0,0,0,0,0,0,0,0,0,0,0,0,0,0,0,0,0,0,0,0,0,0,1,0,0,0,0,0,0,0,0,0,0,0,1,0,0,0,0
5.860786223465865,0.0,0,36,2,0.0,0.6931471805599453,0,0,0,1,0.9428571428571428,0,0,0,0,0,0,0,0,0,0,0,0,0,0,0,0,0,0,0,0,0,0,1,0,0,0,0,0,0,0,0,0,0,1,0,0,0,0,0
5.860786223465865,0.0,0,120,13,0.0,0.6931471805599453,0,0,1,1,0.8888888888888888,0,0,0,0,0,0,0,0,0,0,0,0,0,0,0,0,0,0,0,0,0,0,1,0,0,0,0,0,0,0,0,0,0,1,0,0,0,0,0
7.1631723908466425,0.0,0,49,4,0.0,3.4339872044851463,0,1,0,0,0.7391304347826086,0,0,0,0,0,0,0,0,0,0,0,0,0,0,0,0,0,0,0,0,0,0,1,0,0,0,0,0,0,0,0,0,1,0,0,0,0,0,0
6.478509642208569,0.0,0,78,6,0.0,3.4339872044851463,0,1,0,0,0.7945205479452054,0,0,0,0,0,0,0,0,0,0,0,0,0,0,0,0,0,0,0,0,0,0,1,0,0,0,0,0,0,0,0,0,1,0,0,0,0,0,0
4.941642422609304,0.0,0,92,9,0.0,1.9459101490553132,0,1,0,0,0.7857142857142857,0,0,0,0,0,0,0,0,0,0,0,0,0,0,0,0,0,0,0,0,0,0,1,0,0,0,0,0,0,0,1,0,0,0,0,0,0,0,0
5.19295685089021,0.0,0,113,7,0.0,0.0,0,1,0,0,0.8878504672897196,0,0,0,0,0,0,0,0,0,0,0,0,0,0,0,0,0,0,0,0,0,0,1,0,0,0,0,0,0,0,1,0,0,0,0,0,0,0,0
6.745236349484363,0.0,0,60,7,0.0,4.110873864173311,0,1,0,0,0.9259259259259259,0,0,0,0,0,0,0,0,0,0,0,0,0,0,0,0,0,0,0,0,0,0,1,0,0,0,0,0,0,0,1,0,0,0,0,0,0,0,0
5.799092654460526,0.0,0,55,5,0.0,4.61512051684126,0,0,0,0,0.9215686274509803,0,0,0,0,0,0,0,0,0,0,0,0,0,0,0,0,0,0,0,0,0,0,1,0,0,0,0,0,0,0,1,0,0,0,0,0,0,0,0
6.066108090103747,0.0,0,108,11,0.0,2.5649493574615367,1,0,1,0,0.9387755102040817,0,0,0,0,0,0,0,0,0,0,0,0,0,0,0,0,0,0,0,0,0,0,1,0,0,0,0,0,0,0,1,0,0,0,0,0,0,0,0
5.0106352940962555,0.0,0,64,6,0.0,0.0,0,0,0,0,0.8135593220338984,0,0,0,0,0,0,0,0,0,0,0,0,0,0,0,0,0,0,0,0,0,0,1,0,0,0,0,0,0,0,1,0,0,0,0,0,0,0,0
5.19295685089021,0.0,0,70,8,0.0,0.0,0,0,1,0,0.8888888888888888,0,0,0,0,0,0,0,0,0,0,0,0,0,0,0,0,0,0,0,0,0,0,1,0,0,0,0,0,0,0,1,0,0,0,0,0,0,0,0
5.673323267171493,0.0,0,58,4,0.0,0.0,1,0,0,0,1.0,0,0,0,0,0,0,0,0,0,0,0,0,0,0,0,0,0,0,0,0,0,0,1,0,0,0,0,0,0,0,0,1,0,0,0,0,0,0,0
7.1631723908466425,0.0,0,62,6,0.0,1.0986122886681098,0,1,0,0,0.7719298245614035,0,0,0,0,0,0,0,0,0,0,0,0,0,0,0,0,0,0,0,0,0,0,1,0,0,0,0,0,0,0,0,0,1,0,0,0,0,0,0
6.478509642208569,0.0,0,64,7,0.0,1.0986122886681098,0,1,0,0,0.7719298245614035,0,0,0,0,0,0,0,0,0,0,0,0,0,0,0,0,0,0,0,0,0,0,1,0,0,0,0,0,0,0,0,0,1,0,0,0,0,0,0
6.431331081933479,0.0,0,87,8,4.406719247264253,3.4339872044851463,0,1,0,0,0.975,0,0,0,0,0,0,0,0,0,0,0,0,0,0,0,0,0,0,0,0,0,0,1,0,0,0,0,0,0,0,1,0,0,0,0,0,0,0,0
5.111987788356544,0.0,0,68,9,0.0,2.3978952727983707,0,1,0,0,0.8666666666666667,0,0,0,0,0,0,0,0,0,0,0,0,0,0,0,0,0,0,0,0,0,0,1,0,0,0,0,0,0,0,1,0,0,0,0,0,0,0,0
6.431331081933479,0.0,0,87,8,1.9459101490553132,3.4339872044851463,0,1,0,0,0.975,0,0,0,0,0,0,0,0,0,0,0,0,0,0,0,0,0,0,0,0,0,0,1,0,0,0,0,0,0,0,1,0,0,0,0,0,0,0,0
6.364750756851911,0.0,0,131,8,0.0,0.0,0,1,0,0,0.8943089430894309,0,0,0,0,0,0,0,0,0,0,0,0,0,0,0,0,0,0,0,0,0,0,1,0,0,0,0,0,0,0,1,0,0,0,0,0,0,0,0
5.19295685089021,0.0,0,71,8,0.0,0.0,0,0,1,0,0.890625,0,0,0,0,0,0,0,0,0,0,0,0,0,0,0,0,0,0,0,0,0,0,1,0,0,0,0,0,0,0,1,0,0,0,0,0,0,0,0
5.8888779583328805,0.0,0,98,6,4.394449154672439,0.0,0,0,0,0,1.0,0,0,0,0,0,0,0,0,0,0,0,0,0,0,0,0,0,0,0,0,0,0,1,0,0,0,0,0,0,0,0,0,0,0,1,0,0,0,0
5.968707559985366,0.0,0,124,14,0.0,1.0986122886681098,0,0,0,0,0.7747747747747747,0,0,0,0,0,0,0,0,0,0,0,0,0,0,0,0,0,0,0,0,0,0,1,0,0,0,0,0,0,0,1,0,0,0,0,0,0,0,0
6.431331081933479,0.0,0,87,8,4.394449154672439,3.4339872044851463,0,1,0,0,0.975,0,0,0,0,0,0,0,0,0,0,0,0,0,0,0,0,0,0,0,0,0,0,1,0,0,0,0,0,0,0,0,1,0,0,0,0,0,0,0
6.3818160174060985,0.0,0,130,15,0.0,1.0986122886681098,0,0,0,0,0.7672413793103449,0,0,0,0,0,0,0,0,0,0,0,0,0,0,0,0,0,0,0,0,0,0,1,0,0,0,0,0,0,0,1,0,0,0,0,0,0,0,0
5.968707559985366,0.0,0,130,15,0.0,1.0986122886681098,0,0,0,0,0.7672413793103449,0,0,0,0,0,0,0,0,0,0,0,0,0,0,0,0,0,0,0,0,0,0,1,0,0,0,0,0,0,0,1,0,0,0,0,0,0,0,0
6.994849985833071,0.0,0,22,4,0.0,0.0,0,0,0,0,0.0,0,0,0,0,0,0,0,0,0,0,0,0,0,0,0,0,0,0,0,0,0,0,1,0,0,0,0,0,0,0,0,0,0,1,0,0,0,0,0
6.523562306149512,0.0,0,87,8,0.0,3.4339872044851463,0,1,0,0,0.975,0,0,0,0,0,0,0,0,0,0,0,0,0,0,0,0,0,0,0,0,0,0,1,0,0,0,0,0,0,0,1,0,0,0,0,0,0,0,0
6.431331081933479,0.0,0,87,8,0.0,3.4339872044851463,0,1,0,0,0.975,0,0,0,0,0,0,0,0,0,0,0,0,0,0,0,0,0,0,0,0,0,0,1,0,0,0,0,0,0,0,0,1,0,0,0,0,0,0,0
6.240275845170769,0.0,0,87,8,0.0,3.4339872044851463,0,1,0,0,0.975,0,0,0,0,0,0,0,0,0,0,0,0,0,0,0,0,0,0,0,0,0,0,1,0,0,0,0,0,0,0,1,0,0,0,0,0,0,0,0
6.431331081933479,0.0,0,87,8,0.0,3.4339872044851463,0,1,0,0,0.975,0,0,0,0,0,0,0,0,0,0,0,0,0,0,0,0,0,0,0,0,0,0,1,0,0,0,0,0,0,0,1,0,0,0,0,0,0,0,0
6.373319789577012,0.0,0,61,9,5.5909869805108565,4.61512051684126,0,1,1,0,0.6730769230769231,0,0,0,0,0,0,0,0,0,0,0,0,0,0,0,0,0,0,0,0,0,0,1,0,0,0,0,0,0,0,1,0,0,0,0,0,0,0,0
6.732210706467206,0.0,0,34,5,6.508769136971682,4.110873864173311,1,1,0,0,0.6,0,0,0,0,0,0,0,0,0,0,0,0,0,0,0,0,0,0,0,0,0,0,1,0,0,0,0,0,0,0,1,0,0,0,0,0,0,0,0
4.795790545596741,0.0,0,118,9,6.173786103901937,1.9459101490553132,0,1,1,0,0.7909090909090909,0,0,0,0,0,0,0,0,0,0,0,0,0,0,0,0,0,0,0,0,0,0,1,0,0,0,0,0,0,0,1,0,0,0,0,0,0,0,0
5.272999558563747,0.0,0,57,6,6.056784013228625,4.61512051684126,0,1,1,0,0.7692307692307693,0,0,0,0,0,0,0,0,0,0,0,0,0,0,0,0,0,0,0,0,0,0,1,0,0,0,0,0,0,0,1,0,0,0,0,0,0,0,0
7.365812837209472,0.0,0,124,14,1.791759469228055,1.0986122886681098,0,0,1,1,0.8828828828828829,0,0,0,0,0,0,0,0,0,0,0,0,0,0,0,0,0,0,0,0,0,0,1,0,0,0,0,0,0,0,1,0,0,0,0,0,0,0,0
5.247024072160486,0.0,0,99,11,0.0,1.6094379124341003,0,1,0,0,0.8651685393258427,0,0,0,0,0,0,0,0,0,0,0,0,0,0,0,0,0,0,0,0,0,0,1,0,0,0,0,0,0,0,0,0,0,0,0,0,1,0,0
5.236441962829949,0.0,0,49,9,3.7612001156935624,1.6094379124341003,0,1,0,0,0.7073170731707317,0,0,0,0,0,0,0,0,0,0,0,0,0,0,0,0,0,0,0,0,0,0,1,0,0,0,0,0,0,0,1,0,0,0,0,0,0,0,0
6.704414354964107,0.0,0,66,7,2.3978952727983707,4.110873864173311,0,1,1,0,0.75,0,0,0,0,0,0,0,0,0,0,0,0,0,0,0,0,0,0,0,0,0,0,1,0,0,0,0,0,0,0,1,0,0,0,0,0,0,0,0
4.330733340286331,0.0,0,81,8,6.238324625039508,3.2188758248682006,0,1,0,0,0.9178082191780822,0,0,0,0,0,0,0,0,0,0,0,0,0,0,0,0,0,0,0,0,0,0,1,0,0,0,0,0,0,0,1,0,0,0,0,0,0,0,0
6.684611727667927,0.0,0,35,4,2.6390573296152584,0.0,0,0,0,0,0.6875,0,0,0,0,0,0,0,0,0,0,0,0,0,0,0,0,0,0,0,0,0,0,1,0,0,0,0,0,0,0,1,0,0,0,0,0,0,0,0
5.860786223465865,0.0,0,12,3,4.700480365792417,0.6931471805599453,0,1,0,0,0.5555555555555556,0,0,0,0,0,0,0,0,0,0,0,0,0,0,0,0,0,0,0,0,0,0,1,0,0,0,0,0,0,0,1,0,0,0,0,0,0,0,0
4.382026634673881,0.0,0,16,2,6.401917196727186,0.0,0,0,0,0,0.4666666666666667,0,0,0,0,0,0,0,0,0,0,0,0,0,0,0,0,0,0,0,0,0,0,1,0,0,0,0,0,0,0,1,0,0,0,0,0,0,0,0
4.51085950651685,0.0,0,90,7,7.565793282428515,0.0,0,0,1,0,0.9880952380952381,0,0,0,0,0,0,0,0,0,0,0,0,0,0,0,0,0,0,0,0,0,0,1,0,0,0,0,0,0,0,0,0,0,0,0,0,0,1,0
4.787491742782046,0.0,0,22,3,3.871201010907891,0.0,0,0,0,0,0.4,0,0,0,0,0,0,0,0,0,0,0,0,0,0,0,0,0,0,0,0,0,0,1,0,0,0,0,0,0,0,0,0,1,0,0,0,0,0,0
5.501258210544727,0.0,0,95,10,6.651571873589727,2.3978952727983707,0,1,0,0,0.9418604651162791,0,0,0,0,0,0,0,0,0,0,0,0,0,0,0,0,0,0,0,0,0,0,1,0,0,0,0,0,0,0,0,0,0,0,0,0,0,0,1
4.941642422609304,0.0,0,95,11,3.9318256327243257,6.90875477931522,0,1,0,0,0.7176470588235294,0,0,0,0,0,0,0,0,0,0,0,0,0,0,0,0,0,0,0,0,0,0,1,0,0,0,0,0,0,0,1,0,0,0,0,0,0,0,0
5.560681631015528,0.0,0,92,14,4.465908118654584,2.3978952727983707,0,1,0,0,0.7974683544303798,0,0,0,0,0,0,0,0,0,0,0,0,0,0,0,0,0,0,0,0,0,0,1,0,0,0,0,0,0,0,1,0,0,0,0,0,0,0,0
5.755742213586912,0.0,0,70,9,6.329720905522696,2.3978952727983707,0,1,0,0,0.9032258064516129,0,0,0,0,0,0,0,0,0,0,0,0,0,0,0,0,0,0,0,0,0,0,1,0,0,0,0,0,0,0,1,0,0,0,0,0,0,0,0
5.4638318050256105,0.0,0,59,6,8.648922962094131,4.110873864173311,0,1,0,0,0.7777777777777778,0,0,0,0,0,0,0,0,0,0,0,0,0,0,0,0,0,0,0,0,0,0,1,0,0,0,0,0,0,0,1,0,0,0,0,0,0,0,0
5.860786223465865,0.0,0,43,6,6.677083461247136,1.0986122886681098,0,1,0,0,0.7368421052631579,0,0,0,0,0,0,0,0,0,0,0,0,0,0,0,0,0,0,0,0,0,0,1,0,0,0,0,0,0,0,0,0,0,0,1,0,0,0,0
6.634633357861686,0.0,0,61,9,5.66988092298052,4.110873864173311,0,1,0,0,0.7307692307692307,0,0,0,0,0,0,0,0,0,0,0,0,0,0,0,0,0,0,0,0,0,0,1,0,0,0,0,0,0,0,1,0,0,0,0,0,0,0,0
5.673323267171493,0.0,0,79,11,2.772588722239781,1.9459101490553132,0,1,0,0,0.6666666666666666,0,0,0,0,0,0,0,0,0,0,0,0,0,0,0,0,0,0,0,0,0,0,1,0,0,0,0,0,0,0,1,0,0,0,0,0,0,0,0
5.857933154483459,0.0,0,96,11,2.0794415416798357,0.0,0,0,0,0,0.9186046511627907,0,0,0,0,0,0,0,0,0,0,0,0,0,0,0,0,0,0,0,0,0,0,1,0,0,0,0,0,0,0,1,0,0,0,0,0,0,0,0
4.02535169073515,0.0,0,109,14,4.762173934797756,2.3978952727983707,0,1,0,0,0.6041666666666666,0,0,0,0,0,0,0,0,0,0,0,0,0,0,0,0,0,0,0,0,0,0,1,0,0,0,0,0,0,0,1,0,0,0,0,0,0,0,0
4.51085950651685,0.0,0,41,3,5.713732805509369,0.0,0,0,0,0,1.0,0,0,0,0,0,0,0,0,0,0,0,0,0,0,0,0,0,0,0,0,0,0,1,0,0,0,0,0,0,0,1,0,0,0,0,0,0,0,0
5.170483995038151,0.0,0,9,3,3.7376696182833684,0.6931471805599453,0,1,0,0,0.42857142857142855,0,0,0,0,0,0,0,0,0,0,0,0,0,0,0,0,0,0,0,0,0,0,1,0,0,0,0,0,0,0,1,0,0,0,0,0,0,0,0
5.5254529391317835,0.0,0,72,7,3.5553480614894135,4.110873864173311,0,1,0,0,0.9545454545454546,0,0,0,0,0,0,0,0,0,0,0,0,0,0,0,0,0,0,0,0,0,0,1,0,0,0,0,0,0,0,1,0,0,0,0,0,0,0,0
5.236441962829949,0.0,0,85,5,2.302585092994046,1.6094379124341003,0,1,1,0,0.8518518518518519,0,0,0,0,0,0,0,0,0,0,0,0,0,0,0,0,0,0,0,0,0,0,1,0,0,0,0,0,0,0,1,0,0,0,0,0,0,0,0
5.393627546352362,0.0,0,133,18,5.71042701737487,3.4339872044851463,0,1,0,0,0.8347826086956521,0,0,0,0,0,0,0,0,0,0,0,0,0,0,0,0,0,0,0,0,0,0,1,0,0,0,0,0,0,0,1,0,0,0,0,0,0,0,0
5.602118820879701,0.0,0,55,6,6.661854740545311,4.61512051684126,0,0,1,0,0.68,0,0,0,0,0,0,0,0,0,0,0,0,0,0,0,0,0,0,0,0,0,0,1,0,0,0,0,0,0,0,1,0,0,0,0,0,0,0,0
5.236441962829949,0.0,0,98,13,8.058960017769417,1.6094379124341003,0,1,1,0,0.813953488372093,0,0,0,0,0,0,0,0,0,0,0,0,0,0,0,0,0,0,0,0,0,0,1,0,0,0,0,0,0,0,1,0,0,0,0,0,0,0,0
5.860786223465865,0.0,0,66,6,4.3694478524670215,6.90875477931522,1,0,0,0,0.8524590163934426,0,0,0,0,0,0,0,0,0,0,0,0,0,0,0,0,0,0,0,0,0,0,1,0,0,0,0,0,0,0,1,0,0,0,0,0,0,0,0
6.53813982376767,0.0,0,74,6,2.833213344056216,0.0,0,1,0,0,0.8260869565217391,0,0,0,0,0,0,0,0,0,0,0,0,0,0,0,0,0,0,0,0,0,0,1,0,0,0,0,0,0,0,1,0,0,0,0,0,0,0,0
4.983606621708336,0.0,0,95,16,6.608000625296087,2.3978952727983707,0,1,1,0,0.75,0,0,0,0,0,0,0,0,0,0,0,0,0,0,0,0,0,0,0,0,0,0,1,0,0,0,0,0,0,0,1,0,0,0,0,0,0,0,0
4.867534450455582,0.0,0,121,6,0.0,0.0,0,0,1,0,0.9310344827586207,0,0,0,0,0,0,0,0,0,0,0,0,0,0,0,0,0,0,0,0,0,0,1,0,0,0,0,0,0,0,0,0,1,0,0,0,0,0,0
5.099866427824199,0.0,0,113,15,6.8885724595653635,4.795790545596741,0,1,0,1,0.696969696969697,0,0,0,0,0,0,0,0,0,0,0,0,0,0,0,0,0,0,0,0,0,0,1,0,0,0,0,0,0,0,0,1,0,0,0,0,0,0,0
5.631211781821365,0.0,0,66,10,9.210340371976184,2.3978952727983707,0,1,0,0,0.8421052631578947,0,0,0,0,0,0,0,0,0,0,0,0,0,0,0,0,0,0,0,0,0,0,1,0,0,0,0,0,0,0,1,0,0,0,0,0,0,0,0
5.568344503761097,0.0,0,60,7,3.871201010907891,4.795790545596741,0,1,0,0,0.7407407407407407,0,0,0,0,0,0,0,0,0,0,0,0,0,0,0,0,0,0,0,0,0,0,1,0,0,0,0,0,0,0,1,0,0,0,0,0,0,0,0
5.298317366548036,0.0,0,18,1,0.0,0.0,0,1,0,0,1.0,0,0,0,0,0,0,0,0,0,0,0,0,0,0,0,0,0,0,0,0,0,0,1,0,0,0,0,0,0,0,1,0,0,0,0,0,0,0,0
6.059123195581797,0.0,0,120,13,0.0,0.6931471805599453,0,0,1,1,0.8888888888888888,0,0,0,0,0,0,0,0,0,0,0,0,0,0,0,0,0,0,0,0,0,0,1,0,0,0,0,0,0,0,0,0,0,1,0,0,0,0,0
6.734591659972948,0.0,0,60,7,0.0,4.110873864173311,0,1,0,0,0.9259259259259259,0,0,0,0,0,0,0,0,0,0,0,0,0,0,0,0,0,0,0,0,0,0,1,0,0,0,0,0,0,0,1,0,0,0,0,0,0,0,0
6.431331081933479,0.0,0,87,8,0.0,3.4339872044851463,0,1,0,0,0.975,0,0,0,0,0,0,0,0,0,0,0,0,0,0,0,0,0,0,0,0,0,0,1,0,0,0,0,0,0,0,1,0,0,0,0,0,0,0,0
6.431331081933479,0.0,0,87,8,4.127134385045092,3.4339872044851463,0,1,0,0,0.975,0,0,0,0,0,0,0,0,0,0,0,0,0,0,0,0,0,0,0,0,0,0,1,0,0,0,0,0,0,0,1,0,0,0,0,0,0,0,0
6.364750756851911,0.0,0,102,7,1.9459101490553132,4.110873864173311,0,1,0,0,0.9583333333333334,0,0,0,0,0,0,0,0,0,0,0,0,0,0,0,0,0,0,0,0,0,0,1,0,0,0,0,0,0,0,1,0,0,0,0,0,0,0,0
6.329720905522696,0.0,0,94,9,0.0,6.431331081933479,0,1,0,0,0.9418604651162791,0,0,0,0,0,0,0,0,0,0,0,0,0,0,0,0,0,0,0,0,0,0,1,0,0,0,0,0,0,0,1,0,0,0,0,0,0,0,0
5.736572297479192,0.0,0,94,8,0.0,4.51085950651685,0,1,1,0,0.8390804597701149,0,0,0,0,0,0,0,0,0,0,1,0,0,0,0,0,0,0,0,0,0,0,0,0,0,0,0,0,0,0,0,1,0,0,0,0,0,0,0
3.4339872044851463,0.0,0,81,7,0.0,0.0,0,0,0,0,1.0,0,0,0,0,0,0,0,0,0,0,1,0,0,0,0,0,0,0,0,0,0,0,0,0,0,0,0,0,0,0,0,0,1,0,0,0,0,0,0
4.890349128221754,0.0,0,50,6,0.0,4.61512051684126,0,0,0,0,0.36363636363636365,0,0,0,0,0,0,0,0,0,0,1,0,0,0,0,0,0,0,0,0,0,0,0,0,0,0,0,0,0,0,1,0,0,0,0,0,0,0,0
7.3783837129967145,0.0,0,146,16,0.0,5.303304908059076,1,0,0,1,0.7938931297709924,0,0,0,0,0,0,0,0,0,0,1,0,0,0,0,0,0,0,0,0,0,0,0,0,0,0,0,0,0,0,1,0,0,0,0,0,0,0,0
6.898714534329988,0.0,0,146,16,0.0,5.303304908059076,1,0,0,1,0.7938931297709924,0,0,0,0,0,0,0,0,0,0,1,0,0,0,0,0,0,0,0,0,0,0,0,0,0,0,0,0,0,0,1,0,0,0,0,0,0,0,0
5.968707559985366,0.0,0,146,16,0.0,5.303304908059076,1,0,0,1,0.7938931297709924,0,0,0,0,0,0,0,0,0,0,1,0,0,0,0,0,0,0,0,0,0,0,0,0,0,0,0,0,0,0,1,0,0,0,0,0,0,0,0
5.480638923341991,0.0,0,61,10,0.0,6.68586094706836,0,1,0,0,0.36538461538461536,0,0,0,0,0,0,0,0,0,0,1,0,0,0,0,0,0,0,0,0,0,0,0,0,0,0,0,0,0,0,1,0,0,0,0,0,0,0,0
6.580639137284949,0.0,0,118,11,0.0,9.392745258631441,0,1,0,0,0.8981481481481481,0,0,0,0,0,0,0,0,0,0,1,0,0,0,0,0,0,0,0,0,0,0,0,0,0,0,0,0,0,0,1,0,0,0,0,0,0,0,0
6.255750041753367,0.0,0,123,17,0.0,0.0,0,0,0,0,0.7289719626168224,0,0,0,0,0,0,0,0,0,0,1,0,0,0,0,0,0,0,0,0,0,0,0,0,0,0,0,0,0,0,1,0,0,0,0,0,0,0,0
6.802394763324311,0.0,0,103,13,0.0,1.3862943611198906,0,0,0,1,0.8241758241758241,0,0,0,0,0,0,0,0,0,0,1,0,0,0,0,0,0,0,0,0,0,0,0,0,0,0,0,0,0,0,1,0,0,0,0,0,0,0,0
6.792344427470809,0.0,0,116,13,0.0,0.0,0,0,0,0,0.6826923076923077,0,0,0,0,0,0,0,0,0,0,1,0,0,0,0,0,0,0,0,0,0,0,0,0,0,0,0,0,0,0,1,0,0,0,0,0,0,0,0
6.311734809152915,0.0,0,107,12,0.0,1.0986122886681098,1,0,0,0,0.7978723404255319,0,0,0,0,0,0,0,0,0,0,1,0,0,0,0,0,0,0,0,0,0,0,0,0,0,0,0,0,0,0,1,0,0,0,0,0,0,0,0
4.997212273764115,0.0,0,109,11,3.9318256327243257,7.6128310304073565,0,1,0,0,0.5353535353535354,0,0,0,0,0,0,0,0,0,0,1,0,0,0,0,0,0,0,0,0,0,0,0,0,0,0,0,0,0,0,1,0,0,0,0,0,0,0,0
5.19351225218191,0.0,0,148,19,2.3978952727983707,1.0986122886681098,0,0,0,1,0.8076923076923077,0,0,0,0,0,0,0,0,0,0,1,0,0,0,0,0,0,0,0,0,0,0,0,0,0,0,0,0,0,0,1,0,0,0,0,0,0,0,0
6.53813982376767,0.0,0,99,15,0.0,1.0986122886681098,0,0,0,0,0.40476190476190477,0,0,0,0,0,0,0,0,0,0,1,0,0,0,0,0,0,0,0,0,0,0,0,0,0,0,0,0,0,0,1,0,0,0,0,0,0,0,0
6.907755278982137,0.0,0,110,17,0.0,1.3862943611198906,0,0,0,1,0.44086021505376344,0,0,0,0,0,0,0,0,0,0,1,0,0,0,0,0,0,0,0,0,0,0,0,0,0,0,0,0,0,0,1,0,0,0,0,0,0,0,0
5.968707559985366,0.0,0,97,13,2.833213344056216,0.6931471805599453,0,0,0,0,0.40476190476190477,0,0,0,0,0,0,0,0,0,0,1,0,0,0,0,0,0,0,0,0,0,0,0,0,0,0,0,0,0,0,1,0,0,0,0,0,0,0,0
7.467942332285852,0.0,0,52,10,0.0,4.110873864173311,0,1,0,0,0.4418604651162791,0,0,0,0,0,0,0,0,0,0,1,0,0,0,0,0,0,0,0,0,0,0,0,0,0,0,0,0,0,0,1,0,0,0,0,0,0,0,0
7.1631723908466425,0.0,0,55,10,0.0,4.110873864173311,0,1,0,0,0.4782608695652174,0,0,0,0,0,0,0,0,0,0,1,0,0,0,0,0,0,0,0,0,0,0,0,0,0,0,0,0,0,0,1,0,0,0,0,0,0,0,0
6.551080335043404,0.0,0,38,8,0.0,4.110873864173311,0,1,0,0,0.0,0,0,0,0,0,0,0,0,0,0,1,0,0,0,0,0,0,0,0,0,0,0,0,0,0,0,0,0,0,0,1,0,0,0,0,0,0,0,0
5.729775054930455,0.0,0,78,12,0.0,7.613818684808629,0,1,0,0,0.5076923076923077,0,0,0,0,0,0,0,0,0,0,1,0,0,0,0,0,0,0,0,0,0,0,0,0,0,0,0,0,0,0,1,0,0,0,0,0,0,0,0
5.176149732573829,0.0,0,62,8,0.0,3.4339872044851463,0,1,0,0,0.5555555555555556,0,0,0,0,0,0,0,0,0,0,1,0,0,0,0,0,0,0,0,0,0,0,0,0,0,0,0,0,0,0,1,0,0,0,0,0,0,0,0
6.254174905524207,0.0,0,48,9,0.0,4.51085950651685,0,1,0,0,0.23684210526315788,0,0,0,0,0,0,0,0,0,0,1,0,0,0,0,0,0,0,0,0,0,0,0,0,0,0,0,0,0,0,1,0,0,0,0,0,0,0,0
5.715381610499553,0.0,0,78,12,0.0,7.613818684808629,0,1,0,0,0.5076923076923077,0,0,0,0,0,0,0,0,0,0,1,0,0,0,0,0,0,0,0,0,0,0,0,0,0,0,0,0,0,0,1,0,0,0,0,0,0,0,0
6.159053104299872,0.0,0,48,9,0.0,4.51085950651685,0,1,0,0,0.23684210526315788,0,0,0,0,0,0,0,0,0,0,1,0,0,0,0,0,0,0,0,0,0,0,0,0,0,0,0,0,0,0,1,0,0,0,0,0,0,0,0
5.634789603169249,0.0,0,81,12,0.0,7.613818684808629,0,1,0,0,0.4852941176470588,0,0,0,0,0,0,0,0,0,0,1,0,0,0,0,0,0,0,0,0,0,0,0,0,0,0,0,0,0,0,1,0,0,0,0,0,0,0,0
5.634789603169249,0.0,0,79,12,0.0,7.613818684808629,0,1,0,0,0.5,0,0,0,0,0,0,0,0,0,0,1,0,0,0,0,0,0,0,0,0,0,0,0,0,0,0,0,0,0,0,1,0,0,0,0,0,0,0,0
5.081404364984463,0.0,0,62,8,0.0,3.4339872044851463,0,1,0,0,0.5555555555555556,0,0,0,0,0,0,0,0,0,0,1,0,0,0,0,0,0,0,0,0,0,0,0,0,0,0,0,0,0,0,1,0,0,0,0,0,0,0,0
6.62273632394984,0.0,0,100,15,0.0,4.110873864173311,0,1,0,0,0.20930232558139536,0,0,0,0,0,0,0,0,0,0,1,0,0,0,0,0,0,0,0,0,0,0,0,0,0,0,0,0,0,0,1,0,0,0,0,0,0,0,0
8.215276958936633,0.0,0,92,7,0.0,1.6094379124341003,0,1,0,0,0.7058823529411765,0,0,0,0,0,0,0,0,0,0,1,0,0,0,0,0,0,0,0,0,0,0,0,0,0,0,0,0,0,0,1,0,0,0,0,0,0,0,0
6.111467339502679,0.0,0,90,9,0.0,0.6931471805599453,0,0,0,1,0.7901234567901234,0,0,0,0,0,0,0,0,0,0,1,0,0,0,0,0,0,0,0,0,0,0,0,0,0,0,0,0,0,0,0,0,1,0,0,0,0,0,0
6.478509642208569,0.0,0,56,6,0.0,0.0,0,0,0,0,0.56,0,0,0,0,0,0,0,0,0,0,1,0,0,0,0,0,0,0,0,0,0,0,0,0,0,0,0,0,0,0,1,0,0,0,0,0,0,0,0
5.075173815233827,0.0,0,78,13,2.3978952727983707,3.4339872044851463,0,1,0,0,0.6923076923076923,0,0,0,0,0,0,0,0,0,0,1,0,0,0,0,0,0,0,0,0,0,0,0,0,0,0,0,0,0,0,1,0,0,0,0,0,0,0,0
4.941642422609304,0.0,0,47,8,0.0,4.330733340286331,1,1,0,0,0.725,0,0,0,0,0,0,0,0,0,0,1,0,0,0,0,0,0,0,0,0,0,0,0,0,0,0,0,0,0,0,1,0,0,0,0,0,0,0,0
5.703782474656201,0.0,0,49,7,1.791759469228055,4.795790545596741,1,1,0,0,0.30952380952380953,0,0,0,0,0,0,0,0,0,0,1,0,0,0,0,0,0,0,0,0,0,0,0,0,0,0,0,0,0,0,1,0,0,0,0,0,0,0,0
5.707110264748875,0.0,0,74,8,0.0,4.51085950651685,0,0,0,0,0.803030303030303,0,0,0,0,0,0,0,0,0,0,1,0,0,0,0,0,0,0,0,0,0,0,0,0,0,0,0,0,0,0,1,0,0,0,0,0,0,0,0
5.19351225218191,0.0,0,102,12,2.302585092994046,0.6931471805599453,1,0,0,0,0.8314606741573034,0,0,0,0,0,0,0,0,0,0,1,0,0,0,0,0,0,0,0,0,0,0,0,0,0,0,0,0,0,0,1,0,0,0,0,0,0,0,0
5.631211781821365,0.0,0,77,9,0.0,4.51085950651685,0,1,0,0,0.8260869565217391,0,0,0,0,0,0,0,0,0,0,1,0,0,0,0,0,0,0,0,0,0,0,0,0,0,0,0,0,0,0,0,0,0,0,0,0,1,0,0
5.886104031450156,0.0,0,99,9,0.0,3.4339872044851463,0,1,0,0,0.8555555555555555,0,0,0,0,0,0,0,0,0,0,1,0,0,0,0,0,0,0,0,0,0,0,0,0,0,0,0,0,0,0,1,0,0,0,0,0,0,0,0
7.1316985104669115,0.0,0,107,18,0.0,4.51085950651685,0,0,0,0,0.30337078651685395,0,0,0,0,0,0,0,0,0,0,1,0,0,0,0,0,0,0,0,0,0,0,0,0,0,0,0,0,0,0,1,0,0,0,0,0,0,0,0
6.621405651764134,0.0,0,146,16,0.0,5.303304908059076,1,0,0,1,0.7938931297709924,0,0,0,0,0,0,0,0,0,0,1,0,0,0,0,0,0,0,0,0,0,0,0,0,0,0,0,0,0,0,1,0,0,0,0,0,0,0,0
5.298317366548036,0.0,0,49,7,1.791759469228055,4.795790545596741,1,1,0,0,0.30952380952380953,0,0,0,0,0,0,0,0,0,0,1,0,0,0,0,0,0,0,0,0,0,0,0,0,0,0,0,0,0,0,1,0,0,0,0,0,0,0,0
4.02535169073515,0.0,0,74,8,3.6109179126442243,3.9318256327243257,1,1,1,0,0.7313432835820896,0,0,0,0,0,0,0,0,0,0,1,0,0,0,0,0,0,0,0,0,0,0,0,0,0,0,0,0,0,0,1,0,0,0,0,0,0,0,0
5.170483995038151,0.0,0,42,4,6.57507584059962,4.61512051684126,1,1,0,0,0.5128205128205128,0,0,0,0,0,0,0,0,0,0,1,0,0,0,0,0,0,0,0,0,0,0,0,0,0,0,0,0,0,0,1,0,0,0,0,0,0,0,0
5.298317366548036,0.0,0,49,7,5.043425116919247,4.795790545596741,1,1,0,0,0.30952380952380953,0,0,0,0,0,0,0,0,0,0,1,0,0,0,0,0,0,0,0,0,0,0,0,0,0,0,0,0,0,0,1,0,0,0,0,0,0,0,0
4.605170185988092,0.0,0,48,7,5.017279836814924,3.044522437723423,0,0,0,0,0.5,0,0,0,0,0,0,0,0,0,0,1,0,0,0,0,0,0,0,0,0,0,0,0,0,0,0,0,0,0,0,0,1,0,0,0,0,0,0,0
6.478509642208569,0.0,0,78,10,0.0,4.61512051684126,1,0,0,0,0.4927536231884058,0,0,0,0,0,0,0,0,0,0,1,0,0,0,0,0,0,0,0,0,0,0,0,0,0,0,0,0,0,0,1,0,0,0,0,0,0,0,0
5.493061443340548,0.0,0,39,5,4.553876891600541,0.0,0,0,0,0,0.2571428571428571,0,0,0,0,0,0,0,0,0,0,1,0,0,0,0,0,0,0,0,0,0,0,0,0,0,0,0,0,0,0,1,0,0,0,0,0,0,0,0
5.560681631015528,0.0,0,74,8,3.6375861597263857,4.61512051684126,1,1,1,0,0.7313432835820896,0,0,0,0,0,0,0,0,0,0,1,0,0,0,0,0,0,0,0,0,0,0,0,0,0,0,0,0,0,0,1,0,0,0,0,0,0,0,0
6.3578422665081,0.0,0,53,8,8.338783971442199,4.110873864173311,0,1,0,0,0.5,0,0,0,0,0,0,0,0,0,0,1,0,0,0,0,0,0,0,0,0,0,0,0,0,0,0,0,0,0,0,1,0,0,0,0,0,0,0,0
5.739792912179234,0.0,0,45,7,6.476972362889683,2.4849066497880004,0,0,0,0,0.6410256410256411,0,0,0,0,0,0,0,0,0,0,1,0,0,0,0,0,0,0,0,0,0,0,0,0,0,0,0,0,0,0,0,0,0,1,0,0,0,0,0
5.707110264748875,0.0,0,100,13,8.6164953924901,4.51085950651685,0,1,0,0,0.8620689655172413,0,0,0,0,0,0,0,0,0,0,1,0,0,0,0,0,0,0,0,0,0,0,0,0,0,0,0,0,0,0,1,0,0,0,0,0,0,0,0
6.621405651764134,0.0,0,140,13,2.3978952727983707,1.3862943611198906,0,1,0,1,0.890625,0,0,0,0,0,0,0,0,0,0,1,0,0,0,0,0,0,0,0,0,0,0,0,0,0,0,0,0,0,0,1,0,0,0,0,0,0,0,0
5.929589143389895,0.0,0,44,11,0.0,4.61512051684126,0,1,0,0,0.23529411764705882,0,0,0,0,0,0,0,0,0,0,1,0,0,0,0,0,0,0,0,0,0,0,0,0,0,0,0,0,0,0,1,0,0,0,0,0,0,0,0
4.795790545596741,0.0,0,104,11,8.204124932574041,4.110873864173311,0,1,0,0,0.723404255319149,0,0,0,0,0,0,0,0,0,0,1,0,0,0,0,0,0,0,0,0,0,0,0,0,0,0,0,0,0,0,1,0,0,0,0,0,0,0,0
5.831882477283517,0.0,0,43,9,2.1972245773362196,4.61512051684126,0,1,0,0,0.4857142857142857,0,0,0,0,0,0,0,0,0,0,1,0,0,0,0,0,0,0,0,0,0,0,0,0,0,0,0,0,0,0,1,0,0,0,0,0,0,0,0
5.831882477283517,0.0,0,43,9,3.4657359027997265,4.61512051684126,0,1,0,0,0.4857142857142857,0,0,0,0,0,0,0,0,0,0,1,0,0,0,0,0,0,0,0,0,0,0,0,0,0,0,0,0,0,0,1,0,0,0,0,0,0,0,0
5.929589143389895,0.0,0,36,8,0.0,4.61512051684126,0,1,0,0,0.5862068965517241,0,0,0,0,0,0,0,0,0,0,1,0,0,0,0,0,0,0,0,0,0,0,0,0,0,0,0,0,0,0,1,0,0,0,0,0,0,0,0
5.91350300563827,0.0,0,37,6,3.8918202981106265,6.90875477931522,0,1,0,0,0.0,0,0,0,0,0,0,0,0,0,0,1,0,0,0,0,0,0,0,0,0,0,0,0,0,0,0,0,0,0,0,0,0,0,0,1,0,0,0,0
5.170483995038151,0.0,0,75,8,6.326149473155099,4.61512051684126,1,1,1,0,0.7313432835820896,0,0,0,0,0,0,0,0,0,0,1,0,0,0,0,0,0,0,0,0,0,0,0,0,0,0,0,0,0,0,1,0,0,0,0,0,0,0,0
5.834810737062605,0.0,0,69,12,8.093156697722637,4.51085950651685,0,1,0,0,0.5,0,0,0,0,0,0,0,0,0,0,1,0,0,0,0,0,0,0,0,0,0,0,0,0,0,0,0,0,0,0,1,0,0,0,0,0,0,0,0
4.605170185988092,0.0,0,48,7,3.6375861597263857,3.044522437723423,0,0,0,0,0.5,0,0,0,0,0,0,0,0,0,0,1,0,0,0,0,0,0,0,0,0,0,0,0,0,0,0,0,0,0,0,0,1,0,0,0,0,0,0,0
5.902633333401366,0.0,0,67,9,7.419380582918692,9.210440366976517,0,1,0,0,0.3559322033898305,0,0,0,0,0,0,0,0,0,0,1,0,0,0,0,0,0,0,0,0,0,0,0,0,0,0,0,0,0,0,0,0,0,0,1,0,0,0,0
5.560681631015528,0.0,0,88,11,2.70805020110221,4.61512051684126,1,1,1,0,0.7307692307692307,0,0,0,0,0,0,0,0,0,0,1,0,0,0,0,0,0,0,0,0,0,0,0,0,0,0,0,0,0,0,1,0,0,0,0,0,0,0,0
5.438079308923196,0.0,0,73,10,4.61512051684126,6.2166061010848646,1,0,0,0,0.75,0,0,0,0,0,0,0,0,0,0,1,0,0,0,0,0,0,0,0,0,0,0,0,0,0,0,0,0,0,0,1,0,0,0,0,0,0,0,0
5.8888779583328805,0.0,0,95,14,5.0369526024136295,4.61512051684126,0,1,1,0,0.8048780487804879,0,0,0,0,0,0,0,0,0,0,1,0,0,0,0,0,0,0,0,0,0,0,0,0,0,0,0,0,0,0,1,0,0,0,0,0,0,0,0
5.075173815233827,0.0,0,103,10,2.1972245773362196,6.90875477931522,1,0,0,0,0.8817204301075269,0,0,0,0,0,0,0,0,0,0,1,0,0,0,0,0,0,0,0,0,0,0,0,0,0,0,0,0,0,0,0,0,0,0,1,0,0,0,0
5.955837369464831,0.0,0,43,9,4.477336814478207,4.61512051684126,0,1,0,0,0.4857142857142857,0,0,0,0,0,0,0,0,0,0,1,0,0,0,0,0,0,0,0,0,0,0,0,0,0,0,0,0,0,0,1,0,0,0,0,0,0,0,0
5.66988092298052,0.0,0,42,4,6.803505257608338,4.61512051684126,1,1,0,0,0.5641025641025641,0,0,0,0,0,0,0,0,0,0,1,0,0,0,0,0,0,0,0,0,0,0,0,0,0,0,0,0,0,0,1,0,0,0,0,0,0,0,0
6.089044875446846,0.0,0,74,7,5.159055299214529,4.61512051684126,1,1,1,0,0.7313432835820896,0,0,0,0,0,0,0,0,0,0,1,0,0,0,0,0,0,0,0,0,0,0,0,0,0,0,0,0,0,0,1,0,0,0,0,0,0,0,0
5.66988092298052,0.0,0,42,4,6.349138991379798,4.61512051684126,1,1,0,0,0.5641025641025641,0,0,0,0,0,0,0,0,0,0,1,0,0,0,0,0,0,0,0,0,0,0,0,0,0,0,0,0,0,0,1,0,0,0,0,0,0,0,0
5.560681631015528,0.0,0,45,8,5.459585514144159,4.61512051684126,0,1,0,0,0.21052631578947367,0,0,0,0,0,0,0,0,0,0,1,0,0,0,0,0,0,0,0,0,0,0,0,0,0,0,0,0,0,0,1,0,0,0,0,0,0,0,0
5.703782474656201,0.0,0,62,12,6.3578422665081,4.51085950651685,0,1,0,0,0.7647058823529411,0,0,0,0,0,0,0,0,0,0,1,0,0,0,0,0,0,0,0,0,0,0,0,0,0,0,0,0,0,0,0,0,0,1,0,0,0,0,0
5.62040086571715,0.0,0,109,20,4.442651256490317,6.2166061010848646,1,1,0,0,0.37777777777777777,0,0,0,0,0,0,0,0,0,0,1,0,0,0,0,0,0,0,0,0,0,0,0,0,0,0,0,0,0,0,0,1,0,0,0,0,0,0,0
5.556828061699537,0.0,0,51,7,3.1354942159291497,3.713572066704308,0,1,0,0,0.6666666666666666,0,0,0,0,0,0,0,0,0,0,1,0,0,0,0,0,0,0,0,0,0,0,0,0,0,0,0,0,0,0,0,1,0,0,0,0,0,0,0
5.049856007249537,0.0,0,30,4,5.153291594497779,2.4849066497880004,0,0,0,0,0.5185185185185185,0,0,0,0,0,0,0,0,0,0,1,0,0,0,0,0,0,0,0,0,0,0,0,0,0,0,0,0,0,0,0,0,0,1,0,0,0,0,0
5.225746673713202,0.0,0,38,5,8.712101863715663,4.61512051684126,1,1,0,0,0.5,0,0,0,0,0,0,0,0,0,0,1,0,0,0,0,0,0,0,0,0,0,0,0,0,0,0,0,0,0,0,1,0,0,0,0,0,0,0,0
6.733401891837359,0.0,0,77,8,4.820281565605037,4.61512051684126,1,1,1,0,0.7,0,0,0,0,0,0,0,0,0,0,1,0,0,0,0,0,0,0,0,0,0,0,0,0,0,0,0,0,0,0,1,0,0,0,0,0,0,0,0
5.942799375126701,0.0,0,44,5,2.5649493574615367,0.0,0,0,0,0,0.7,0,0,0,0,0,0,0,0,0,0,1,0,0,0,0,0,0,0,0,0,0,0,0,0,0,0,0,0,0,0,1,0,0,0,0,0,0,0,0
5.703782474656201,0.0,0,101,3,0.0,1.0986122886681098,0,1,0,1,0.898989898989899,0,0,0,0,0,0,0,0,0,0,0,0,0,0,0,0,0,0,0,0,0,0,0,0,0,1,0,0,0,0,1,0,0,0,0,0,0,0,0
5.860786223465865,0.0,0,141,11,0.0,1.9459101490553132,0,1,0,0,0.8702290076335878,0,0,0,0,0,0,0,0,0,0,0,0,0,0,0,0,0,0,0,0,0,0,0,0,0,1,0,0,0,0,1,0,0,0,0,0,0,0,0
6.98100574072173,0.0,0,75,10,0.0,0.6931471805599453,0,1,0,0,0.45454545454545453,0,0,0,0,0,0,0,0,0,0,0,0,0,0,0,0,0,0,0,0,0,0,0,0,0,1,0,0,0,0,1,0,0,0,0,0,0,0,0
4.795790545596741,0.0,0,105,13,0.0,1.6094379124341003,0,1,0,0,0.7634408602150538,0,0,0,0,0,0,0,0,0,0,0,0,0,0,0,0,0,0,0,0,0,0,0,0,0,1,0,0,0,0,1,0,0,0,0,0,0,0,0
4.143134726391533,0.0,0,105,13,0.0,1.0986122886681098,0,1,0,0,0.7634408602150538,0,0,0,0,0,0,0,0,0,0,0,0,0,0,0,0,0,0,0,0,0,0,0,0,0,1,0,0,0,0,1,0,0,0,0,0,0,0,0
3.4965075614664802,0.0,0,106,13,0.0,1.6094379124341003,0,1,0,0,0.7659574468085106,0,0,0,0,0,0,0,0,0,0,0,0,0,0,0,0,0,0,0,0,0,0,0,0,0,1,0,0,0,0,1,0,0,0,0,0,0,0,0
3.4965075614664802,0.0,0,106,13,2.6390573296152584,1.6094379124341003,0,1,0,0,0.7659574468085106,0,0,0,0,0,0,0,0,0,0,0,0,0,0,0,0,0,0,0,0,0,0,0,0,0,1,0,0,0,0,1,0,0,0,0,0,0,0,0
4.543294782270004,0.0,0,114,15,2.0794415416798357,1.6094379124341003,0,1,0,0,0.75,0,0,0,0,0,0,0,0,0,0,0,0,0,0,0,0,0,0,0,0,0,0,0,0,0,1,0,0,0,0,1,0,0,0,0,0,0,0,0
7.476472381163905,0.0,0,51,5,0.0,0.6931471805599453,0,1,0,0,0.723404255319149,0,0,0,0,0,0,0,0,0,0,0,0,0,0,0,0,0,0,0,0,0,0,0,0,0,1,0,0,0,0,1,0,0,0,0,0,0,0,0
7.078341579557671,0.0,0,52,7,0.0,1.3862943611198906,0,1,0,0,0.6304347826086957,0,0,0,0,0,0,0,0,0,0,0,0,0,0,0,0,0,0,0,0,0,0,0,0,0,1,0,0,0,0,1,0,0,0,0,0,0,0,0
7.078341579557671,0.0,0,47,6,0.0,3.4339872044851463,0,1,0,0,0.5714285714285714,0,0,0,0,0,0,0,0,0,0,0,0,0,0,0,0,0,0,0,0,0,0,0,0,0,1,0,0,0,0,1,0,0,0,0,0,0,0,0
6.111467339502679,0.0,0,47,6,0.0,2.3978952727983707,0,1,0,0,0.5714285714285714,0,0,0,0,0,0,0,0,0,0,0,0,0,0,0,0,0,0,0,0,0,0,0,0,0,1,0,0,0,0,1,0,0,0,0,0,0,0,0
5.673323267171493,0.0,0,124,14,0.0,0.6931471805599453,1,0,0,0,0.8198198198198198,0,0,0,0,0,0,0,0,0,0,0,0,0,0,0,0,0,0,0,0,0,0,0,0,0,1,0,0,0,0,1,0,0,0,0,0,0,0,0
6.311734809152915,0.0,0,121,14,1.791759469228055,1.0986122886681098,1,0,0,0,0.8148148148148148,0,0,0,0,0,0,0,0,0,0,0,0,0,0,0,0,0,0,0,0,0,0,0,0,0,1,0,0,0,0,1,0,0,0,0,0,0,0,0
6.673297967767654,0.0,0,116,14,0.0,1.3862943611198906,1,0,0,0,0.8058252427184466,0,0,0,0,0,0,0,0,0,0,0,0,0,0,0,0,0,0,0,0,0,0,0,0,0,1,0,0,0,0,1,0,0,0,0,0,0,0,0
6.907755278982137,0.0,0,116,14,0.0,1.6094379124341003,1,0,0,0,0.8058252427184466,0,0,0,0,0,0,0,0,0,0,0,0,0,0,0,0,0,0,0,0,0,0,0,0,0,1,0,0,0,0,1,0,0,0,0,0,0,0,0
5.69035945432406,0.0,0,101,8,0.0,3.4339872044851463,0,1,0,0,0.7340425531914894,0,0,0,0,0,0,0,0,0,0,0,0,0,0,0,0,0,0,0,0,0,0,0,0,0,1,0,0,0,0,0,1,0,0,0,0,0,0,0
6.673297967767654,0.0,0,108,18,0.0,5.707110264748875,1,0,0,0,0.3956043956043956,0,0,0,0,0,0,0,0,0,0,0,0,0,0,0,0,0,0,0,0,0,0,0,0,0,1,0,0,0,0,1,0,0,0,0,0,0,0,0
6.054439346269371,0.0,0,70,8,0.0,3.4339872044851463,0,1,0,0,0.9523809523809523,0,0,0,0,0,0,0,0,0,0,0,0,0,0,0,0,0,0,0,0,0,0,0,0,0,1,0,0,0,0,0,0,1,0,0,0,0,0,0
5.081404364984463,0.0,0,10,2,0.0,0.0,0,0,0,0,0.0,0,0,0,0,0,0,0,0,0,0,0,0,0,0,0,0,0,0,0,0,0,0,0,0,0,1,0,0,0,0,1,0,0,0,0,0,0,0,0
7.1316985104669115,0.0,0,137,11,0.0,0.0,0,0,0,0,0.9365079365079365,0,0,0,0,0,0,0,0,0,0,0,0,0,0,0,0,0,0,0,0,0,0,0,0,0,1,0,0,0,0,1,0,0,0,0,0,0,0,0
6.111467339502679,0.0,0,79,6,1.9459101490553132,0.0,0,0,1,0,0.8243243243243243,0,0,0,0,0,0,0,0,0,0,0,0,0,0,0,0,0,0,0,0,0,0,0,0,0,1,0,0,0,0,1,0,0,0,0,0,0,0,0
7.078341579557671,0.0,0,91,9,1.791759469228055,0.6931471805599453,0,0,1,1,0.7349397590361446,0,0,0,0,0,0,0,0,0,0,0,0,0,0,0,0,0,0,0,0,0,0,0,0,0,1,0,0,0,0,1,0,0,0,0,0,0,0,0
6.311734809152915,0.0,0,112,13,0.0,1.0986122886681098,1,0,0,0,0.8,0,0,0,0,0,0,0,0,0,0,0,0,0,0,0,0,0,0,0,0,0,0,0,0,0,1,0,0,0,0,1,0,0,0,0,0,0,0,0
5.62040086571715,0.0,0,89,9,0.0,0.0,1,0,0,0,0.6296296296296297,0,0,0,0,0,0,0,0,0,0,0,0,0,0,0,0,0,0,0,0,0,0,0,0,0,1,0,0,0,0,0,0,0,1,0,0,0,0,0
6.111467339502679,0.0,0,57,3,0.0,0.0,0,0,0,0,0.8,0,0,0,0,0,0,0,0,0,0,0,0,0,0,0,0,0,0,0,0,0,0,0,0,0,1,0,0,0,0,1,0,0,0,0,0,0,0,0
5.786897381366708,0.0,0,54,6,4.709530201312334,0.0,0,0,0,0,0.5102040816326531,0,0,0,0,0,0,0,0,0,0,0,0,0,0,0,0,0,0,0,0,0,0,0,0,0,1,0,0,0,0,0,1,0,0,0,0,0,0,0
4.912654885736052,0.0,0,38,2,0.0,4.912654885736052,0,0,0,1,0.8648648648648649,0,0,0,0,0,0,0,0,0,0,0,0,0,0,0,0,0,0,0,0,0,0,0,0,0,1,0,0,0,0,0,0,0,0,1,0,0,0,0
5.68697535633982,0.0,0,53,6,0.0,0.0,0,0,0,0,0.5416666666666666,0,0,0,0,0,0,0,0,0,0,0,0,0,0,0,0,0,0,0,0,0,0,0,0,0,1,0,0,0,0,1,0,0,0,0,0,0,0,0
6.311734809152915,0.0,0,125,19,0.0,3.4339872044851463,1,1,0,0,0.7757009345794392,0,0,0,0,0,0,0,0,0,0,0,0,0,0,0,0,0,0,0,0,0,0,0,0,0,1,0,0,0,0,1,0,0,0,0,0,0,0,0
5.673323267171493,0.0,0,117,15,0.0,0.0,1,0,0,0,0.7961165048543689,0,0,0,0,0,0,0,0,0,0,0,0,0,0,0,0,0,0,0,0,0,0,0,0,0,1,0,0,0,0,1,0,0,0,0,0,0,0,0
5.703782474656201,0.0,0,93,13,0.0,3.8918202981106265,0,1,0,0,0.6296296296296297,0,0,0,0,0,0,0,0,0,0,0,0,0,0,0,0,0,0,0,0,0,0,0,0,0,1,0,0,0,0,1,0,0,0,0,0,0,0,0
5.302608147965193,0.0,0,67,11,0.0,2.5649493574615367,0,1,0,0,0.5263157894736842,0,0,0,0,0,0,0,0,0,0,0,0,0,0,0,0,0,0,0,0,0,0,0,0,0,1,0,0,0,0,1,0,0,0,0,0,0,0,0
5.673323267171493,0.0,0,54,8,0.0,3.4339872044851463,0,1,0,0,0.6170212765957447,0,0,0,0,0,0,0,0,0,0,0,0,0,0,0,0,0,0,0,0,0,0,0,0,0,1,0,0,0,0,1,0,0,0,0,0,0,0,0
6.684611727667927,0.0,0,79,9,0.0,4.110873864173311,0,1,0,0,0.5774647887323944,0,0,0,0,0,0,0,0,0,0,0,0,0,0,0,0,0,0,0,0,0,0,0,0,0,1,0,0,0,0,0,0,0,0,1,0,0,0,0
5.981414211254481,0.0,0,14,3,0.0,0.0,0,0,0,0,0.0,0,0,0,0,0,0,0,0,0,0,0,0,0,0,0,0,0,0,0,0,0,0,0,0,0,1,0,0,0,0,1,0,0,0,0,0,0,0,0
7.696667081526462,0.0,0,31,5,0.0,0.0,0,0,0,0,0.4444444444444444,0,0,0,0,0,0,0,0,0,0,0,0,0,0,0,0,0,0,0,0,0,0,0,0,0,1,0,0,0,0,0,0,1,0,0,0,0,0,0
5.673323267171493,0.0,0,122,10,0.0,0.0,1,0,1,0,0.9464285714285714,0,0,0,0,0,0,0,0,0,0,0,0,0,0,0,0,0,0,0,0,0,0,0,0,0,1,0,0,0,0,0,0,1,0,0,0,0,0,0
7.208600337960199,0.0,0,64,11,0.0,1.0986122886681098,0,1,0,0,0.42592592592592593,0,0,0,0,0,0,0,0,0,0,0,0,0,0,0,0,0,0,0,0,0,0,0,0,0,1,0,0,0,0,1,0,0,0,0,0,0,0,0
7.755338812846501,0.0,0,64,11,0.0,1.6094379124341003,0,1,0,0,0.42592592592592593,0,0,0,0,0,0,0,0,0,0,0,0,0,0,0,0,0,0,0,0,0,0,0,0,0,1,0,0,0,0,1,0,0,0,0,0,0,0,0
5.25227342804663,0.0,0,86,14,4.007333185232471,2.5649493574615367,0,1,0,0,0.5416666666666666,0,0,0,0,0,0,0,0,0,0,0,0,0,0,0,0,0,0,0,0,0,0,0,0,0,1,0,0,0,0,1,0,0,0,0,0,0,0,0
5.902633333401366,0.0,0,47,8,6.680854678790215,5.303304908059076,1,1,0,0,0.0,0,0,0,0,0,0,0,0,0,0,0,0,0,0,0,0,0,0,0,0,0,0,0,0,0,1,0,0,0,0,1,0,0,0,0,0,0,0,0
5.638354669333745,0.0,0,73,12,3.4011973816621555,3.4339872044851463,0,1,0,0,0.532258064516129,0,0,0,0,0,0,0,0,0,0,0,0,0,0,0,0,0,0,0,0,0,0,0,0,0,1,0,0,0,0,1,0,0,0,0,0,0,0,0
5.017279836814924,0.0,0,85,7,3.367295829986474,0.0,0,0,0,0,0.810126582278481,0,0,0,0,0,0,0,0,0,0,0,0,0,0,0,0,0,0,0,0,0,0,0,0,0,1,0,0,0,0,1,0,0,0,0,0,0,0,0
5.393627546352362,0.0,0,93,9,8.871224644409553,3.4339872044851463,0,1,0,0,0.7058823529411765,0,0,0,0,0,0,0,0,0,0,0,0,0,0,0,0,0,0,0,0,0,0,0,0,0,1,0,0,0,0,1,0,0,0,0,0,0,0,0
4.983606621708336,0.0,0,115,12,0.0,3.4339872044851463,0,1,0,0,0.8316831683168316,0,0,0,0,0,0,0,0,0,0,0,0,0,0,0,0,0,0,0,0,0,0,0,0,0,1,0,0,0,0,1,0,0,0,0,0,0,0,0
5.375278407684165,0.0,0,57,8,7.200424892944957,6.68586094706836,0,1,0,0,0.34,0,0,0,0,0,0,0,0,0,0,0,0,0,0,0,0,0,0,0,0,0,0,0,0,0,1,0,0,0,0,0,0,1,0,0,0,0,0,0
6.946975992135418,0.0,0,58,11,6.90975328164481,5.5254529391317835,0,1,0,1,0.6875,0,0,0,0,0,0,0,0,0,0,0,0,0,0,0,0,0,0,0,0,0,0,0,0,0,1,0,0,0,0,1,0,0,0,0,0,0,0,0
5.968707559985366,0.0,0,41,3,3.4339872044851463,0.0,0,0,0,0,0.6666666666666666,0,0,0,0,0,0,0,0,0,0,0,0,0,0,0,0,0,0,0,0,0,0,0,0,0,1,0,0,0,0,0,0,0,0,0,0,1,0,0
6.19644412779452,0.0,0,43,4,7.110696122978827,2.3978952727983707,0,1,0,0,0.775,0,0,0,0,0,0,0,0,0,0,0,0,0,0,0,0,0,0,0,0,0,0,0,0,0,1,0,0,0,0,1,0,0,0,0,0,0,0,0
5.298317366548036,0.0,0,137,14,6.79346613258001,3.2188758248682006,0,1,0,0,0.8064516129032258,0,0,0,0,0,0,0,0,0,0,0,0,0,0,0,0,0,0,0,0,0,0,0,0,0,1,0,0,0,0,1,0,0,0,0,0,0,0,0
6.063785208687608,0.0,0,77,11,5.2574953720277815,6.68586094706836,0,1,0,0,0.4696969696969697,0,0,0,0,0,0,0,0,0,0,0,0,0,0,0,0,0,0,0,0,0,0,0,0,0,1,0,0,0,0,0,0,1,0,0,0,0,0,0
5.886104031450156,0.0,0,54,9,3.970291913552122,6.2166061010848646,1,1,0,0,0.0,0,0,0,0,0,0,0,0,0,0,0,0,0,0,0,0,0,0,0,0,0,0,0,0,0,1,0,0,0,0,1,0,0,0,0,0,0,0,0
5.19295685089021,0.0,0,101,15,3.091042453358316,1.9459101490553132,0,1,0,0,0.5930232558139535,0,0,0,0,0,0,0,0,0,0,0,0,0,0,0,0,0,0,0,0,0,0,0,0,0,1,0,0,0,0,0,1,0,0,0,0,0,0,0
6.659293919683638,0.0,0,69,12,0.0,6.2166061010848646,1,1,0,0,0.27586206896551724,0,0,0,0,0,0,0,0,0,0,0,0,0,0,0,0,0,0,0,0,0,0,0,0,0,1,0,0,0,0,1,0,0,0,0,0,0,0,0
6.311734809152915,0.0,0,117,12,5.147494476813453,3.4339872044851463,0,1,0,0,0.7547169811320755,0,0,0,0,0,0,0,0,0,0,0,0,0,0,0,0,0,0,0,0,0,0,0,0,0,1,0,0,0,0,0,0,0,0,1,0,0,0,0
5.771441123130016,0.0,0,106,12,7.018401799069201,2.302585092994046,0,0,0,0,0.9157894736842105,0,0,0,0,0,0,0,0,0,0,0,0,0,0,0,0,0,0,0,0,0,0,0,0,0,1,0,0,0,0,1,0,0,0,0,0,0,0,0
4.30406509320417,0.0,0,60,8,4.718498871295094,2.3978952727983707,0,1,0,0,0.6415094339622641,0,0,0,0,0,0,0,0,0,0,0,0,0,0,0,0,0,0,0,0,0,0,0,0,0,1,0,0,0,0,1,0,0,0,0,0,0,0,0
6.431331081933479,0.0,0,112,14,5.225746673713202,4.61512051684126,0,1,0,0,0.6666666666666666,0,0,0,0,0,0,0,0,0,0,0,0,0,0,0,0,0,0,0,0,0,0,0,0,0,1,0,0,0,0,0,0,0,1,0,0,0,0,0
5.25227342804663,0.0,0,75,9,3.4339872044851463,2.302585092994046,0,0,0,0,0.7910447761194029,0,0,0,0,0,0,0,0,0,0,0,0,0,0,0,0,0,0,0,0,0,0,0,0,0,1,0,0,0,0,1,0,0,0,0,0,0,0,0
5.703782474656201,0.0,0,89,12,7.679251425953058,0.6931471805599453,0,0,0,1,0.8717948717948718,0,0,0,0,0,0,0,0,0,0,0,0,0,0,0,0,0,0,0,0,0,0,0,0,0,1,0,0,0,0,0,1,0,0,0,0,0,0,0
5.958424693029782,0.0,0,104,13,9.003193193746572,6.90875477931522,1,1,1,0,0.4673913043478261,0,0,0,0,0,0,0,0,0,0,0,0,0,0,0,0,0,0,0,0,0,0,0,0,0,1,0,0,0,0,1,0,0,0,0,0,0,0,0
5.579729825986222,0.0,0,97,17,3.5263605246161616,3.4339872044851463,0,1,0,0,0.2345679012345679,0,0,0,0,0,0,0,0,0,0,0,0,0,0,0,0,0,0,0,0,0,0,0,0,0,1,0,0,0,0,1,0,0,0,0,0,0,0,0
6.3561076606958915,0.0,0,143,16,1.791759469228055,3.4339872044851463,0,1,0,1,0.6953125,0,0,0,0,0,0,0,0,0,0,0,0,0,0,0,0,0,0,0,0,0,0,0,0,0,1,0,0,0,0,1,0,0,0,0,0,0,0,0
5.886104031450156,0.0,0,50,6,0.0,1.9459101490553132,0,1,0,1,0.8444444444444444,0,0,0,0,0,0,0,0,0,0,0,0,0,0,0,0,0,0,0,0,0,0,0,0,0,1,0,0,0,0,1,0,0,0,0,0,0,0,0
6.19644412779452,0.0,0,86,9,7.199678345691172,27.642520988227975,0,1,0,0,0.6410256410256411,0,0,0,0,0,0,0,0,0,0,0,0,0,0,0,0,0,0,0,0,0,0,0,0,0,1,0,0,0,0,1,0,0,0,0,0,0,0,0
5.703782474656201,0.0,0,89,12,6.885509670034818,0.6931471805599453,0,0,0,1,0.8831168831168831,0,0,0,0,0,0,0,0,0,0,0,0,0,0,0,0,0,0,0,0,0,0,0,0,0,1,0,0,0,0,0,1,0,0,0,0,0,0,0
6.089044875446846,0.0,0,51,7,5.225746673713202,3.2188758248682006,0,1,0,0,0.5777777777777777,0,0,0,0,0,0,0,0,0,0,0,0,0,0,0,0,0,0,0,0,0,0,0,0,0,1,0,0,0,0,1,0,0,0,0,0,0,0,0
5.634789603169249,0.0,0,75,15,4.143134726391533,3.4339872044851463,0,1,0,1,0.3770491803278688,0,0,0,0,0,0,0,0,0,0,0,0,0,0,0,0,0,0,0,0,0,0,0,0,0,1,0,0,0,0,1,0,0,0,0,0,0,0,0
4.605170185988092,0.0,0,137,19,6.570882962339584,3.4339872044851463,0,1,0,0,0.8487394957983193,0,0,0,0,0,0,0,0,0,0,0,0,0,0,0,0,0,0,0,0,0,0,0,0,0,1,0,0,0,0,1,0,0,0,0,0,0,0,0
5.771441123130016,0.0,0,106,12,4.852030263919617,2.302585092994046,0,0,0,0,0.9157894736842105,0,0,0,0,0,0,0,0,0,0,0,0,0,0,0,0,0,0,0,0,0,0,0,0,0,1,0,0,0,0,1,0,0,0,0,0,0,0,0
4.51085950651685,0.0,0,108,8,5.545177444479562,0.0,1,1,0,0,0.8613861386138614,0,0,0,0,0,0,0,0,0,0,0,0,0,0,0,0,0,0,0,0,0,0,0,0,0,1,0,0,0,0,1,0,0,0,0,0,0,0,0
6.3818160174060985,0.0,0,125,11,0.0,0.0,0,0,1,0,0.9380530973451328,0,0,0,0,0,0,0,0,0,0,0,0,0,0,0,0,0,0,0,0,0,0,0,0,0,1,0,0,0,0,0,0,1,0,0,0,0,0,0
5.351858133476067,0.0,0,133,15,3.044522437723423,6.68586094706836,1,1,0,0,0.8050847457627118,0,0,0,0,0,0,0,0,0,0,0,0,0,0,0,0,0,0,0,0,0,0,0,0,0,1,0,0,0,0,0,0,0,0,0,0,1,0,0
5.983936280687191,0.0,0,70,11,6.693323668269949,4.795790545596741,0,1,0,0,0.55,0,0,0,0,0,0,0,0,0,0,0,0,0,0,0,0,0,0,0,0,0,0,0,0,0,1,0,0,0,0,1,0,0,0,0,0,0,0,0
5.703782474656201,0.0,0,92,12,5.4510384535657,0.6931471805599453,0,0,0,1,0.875,0,0,0,0,0,0,0,0,0,0,0,0,0,0,0,0,0,0,0,0,0,0,0,0,0,1,0,0,0,0,0,1,0,0,0,0,0,0,0
6.792344427470809,0.0,0,71,11,5.655991810819852,5.303304908059076,1,1,0,0,0.16393442622950818,0,0,0,0,0,0,0,0,0,0,0,0,0,0,0,0,0,0,0,0,0,0,0,0,0,1,0,0,0,0,0,0,0,0,0,0,0,0,1
5.298317366548036,0.0,0,86,10,5.541263545158426,4.110873864173311,0,1,0,0,0.88,0,0,0,0,0,0,0,0,0,0,0,0,0,0,0,0,0,0,0,0,0,0,0,0,0,1,0,0,0,0,0,1,0,0,0,0,0,0,0
6.4692503167957724,0.0,0,77,11,5.159055299214529,6.68586094706836,0,1,0,0,0.4696969696969697,0,0,0,0,0,0,0,0,0,0,0,0,0,0,0,0,0,0,0,0,0,0,0,0,0,1,0,0,0,0,0,0,1,0,0,0,0,0,0
5.673323267171493,0.0,0,117,12,5.147494476813453,3.4339872044851463,0,1,0,0,0.7547169811320755,0,0,0,0,0,0,0,0,0,0,0,0,0,0,0,0,0,0,0,0,0,0,0,0,0,1,0,0,0,0,0,0,0,0,1,0,0,0,0
7.078341579557671,0.0,0,79,6,1.9459101490553132,0.0,0,0,1,0,0.8243243243243243,0,0,0,0,0,0,0,0,0,0,0,0,0,0,0,0,0,0,0,0,0,0,0,0,0,1,0,0,0,0,1,0,0,0,0,0,0,0,0
5.247024072160486,0.0,0,46,6,0.0,0.6931471805599453,0,0,0,1,0.5121951219512195,0,0,0,0,0,0,0,0,0,0,0,0,0,0,0,0,0,0,0,0,0,0,0,0,0,1,0,0,0,0,0,0,0,0,1,0,0,0,0
5.298317366548036,0.0,0,68,7,0.0,2.3978952727983707,0,1,0,0,0.8135593220338984,0,0,0,0,0,0,0,0,0,0,0,0,0,0,0,0,1,0,0,0,0,0,0,0,0,0,0,0,0,0,1,0,0,0,0,0,0,0,0
5.572154032177765,0.0,0,76,12,0.0,3.713572066704308,0,1,0,0,0.5538461538461539,0,0,0,0,0,0,0,0,0,0,0,0,0,0,0,0,1,0,0,0,0,0,0,0,0,0,0,0,0,0,1,0,0,0,0,0,0,0,0
5.7791991139409555,0.0,0,79,10,0.0,0.0,1,0,0,0,0.6811594202898551,0,0,0,0,0,0,0,0,0,0,0,0,0,0,0,0,1,0,0,0,0,0,0,0,0,0,0,0,0,0,0,0,0,0,0,0,1,0,0
5.634789603169249,0.0,0,33,3,0.0,5.634789603169249,0,0,0,0,0.7419354838709677,0,0,0,0,0,0,0,0,0,0,0,0,0,0,0,0,1,0,0,0,0,0,0,0,0,0,0,0,0,0,1,0,0,0,0,0,0,0,0
4.248495242049359,0.0,0,47,5,0.0,4.248495242049359,0,1,0,0,0.8372093023255814,0,0,0,0,0,0,0,0,0,0,0,0,0,0,0,0,1,0,0,0,0,0,0,0,0,0,0,0,0,0,1,0,0,0,0,0,0,0,0
7.0909098220799835,0.0,0,65,9,0.0,2.3978952727983707,1,1,0,0,0.7192982456140351,0,0,0,0,0,0,0,0,0,0,0,0,0,0,0,0,1,0,0,0,0,0,0,0,0,0,0,0,0,0,1,0,0,0,0,0,0,0,0
5.860786223465865,0.0,0,121,10,0.0,2.5649493574615367,0,1,0,0,0.9732142857142857,0,0,0,0,0,0,0,0,0,0,0,0,0,0,0,0,1,0,0,0,0,0,0,0,0,0,0,0,0,0,1,0,0,0,0,0,0,0,0
5.831882477283517,0.0,0,128,10,0.0,2.5649493574615367,1,1,0,0,0.9663865546218487,0,0,0,0,0,0,0,0,0,0,0,0,0,0,0,0,1,0,0,0,0,0,0,0,0,0,0,0,0,0,1,0,0,0,0,0,0,0,0
5.802118375377063,0.0,0,126,11,0.0,0.0,1,0,0,0,0.9826086956521739,0,0,0,0,0,0,0,0,0,0,0,0,0,0,0,0,1,0,0,0,0,0,0,0,0,0,0,0,0,0,1,0,0,0,0,0,0,0,0
5.298317366548036,0.0,0,74,11,5.303304908059076,2.3978952727983707,0,1,1,0,0.8253968253968254,0,0,0,0,0,0,0,0,0,0,0,0,0,0,0,0,1,0,0,0,0,0,0,0,0,0,0,0,0,0,1,0,0,0,0,0,0,0,0
5.298317366548036,0.0,0,73,11,5.303304908059076,2.3978952727983707,0,1,1,0,0.8253968253968254,0,0,0,0,0,0,0,0,0,0,0,0,0,0,0,0,1,0,0,0,0,0,0,0,0,0,0,0,0,0,1,0,0,0,0,0,0,0,0
7.353081920515432,0.0,0,86,11,0.0,2.3978952727983707,1,1,0,0,0.881578947368421,0,0,0,0,0,0,0,0,0,0,0,0,0,0,0,0,1,0,0,0,0,0,0,0,0,0,0,0,0,0,1,0,0,0,0,0,0,0,0
7.065613363597717,0.0,0,98,15,0.0,2.3978952727983707,1,1,0,0,0.8571428571428571,0,0,0,0,0,0,0,0,0,0,0,0,0,0,0,0,1,0,0,0,0,0,0,0,0,0,0,0,0,0,1,0,0,0,0,0,0,0,0
5.968707559985366,0.0,0,84,8,0.0,0.0,0,0,0,1,0.8947368421052632,0,0,0,0,0,0,0,0,0,0,0,0,0,0,0,0,1,0,0,0,0,0,0,0,0,0,0,0,0,0,1,0,0,0,0,0,0,0,0
5.7791991139409555,0.0,0,69,10,3.091042453358316,0.0,1,0,0,0,0.6610169491525424,0,0,0,0,0,0,0,0,0,0,0,0,0,0,0,0,1,0,0,0,0,0,0,0,0,0,0,0,0,0,1,0,0,0,0,0,0,0,0
4.51085950651685,0.0,0,255,21,0.0,0.0,0,0,0,0,0.8425531914893617,0,0,0,0,0,0,0,0,0,0,0,0,0,0,0,0,1,0,0,0,0,0,0,0,0,0,0,0,0,0,0,0,0,1,0,0,0,0,0
5.7791991139409555,0.0,0,75,10,3.1780538303479458,0.0,1,0,0,0,0.5606060606060606,0,0,0,0,0,0,0,0,0,0,0,0,0,0,0,0,1,0,0,0,0,0,0,0,0,0,0,0,0,0,1,0,0,0,0,0,0,0,0
7.02197642307216,0.0,0,34,5,0.0,5.707110264748875,0,1,0,0,0.0,0,0,0,0,0,0,0,0,0,0,0,0,0,0,0,0,1,0,0,0,0,0,0,0,0,0,0,0,0,0,1,0,0,0,0,0,0,0,0
7.1631723908466425,0.0,0,10,2,0.0,0.0,0,0,0,0,0.0,0,0,0,0,0,0,0,0,0,0,0,0,0,0,0,0,1,0,0,0,0,0,0,0,0,0,0,0,0,0,0,0,1,0,0,0,0,0,0
6.53813982376767,0.0,0,59,4,0.0,0.0,1,0,0,0,0.8928571428571429,0,0,0,0,0,0,0,0,0,0,0,0,0,0,0,0,1,0,0,0,0,0,0,0,0,0,0,0,0,0,1,0,0,0,0,0,0,0,0
4.912654885736052,0.0,0,72,7,0.0,2.3978952727983707,0,1,0,0,0.9242424242424242,0,0,0,0,0,0,0,0,0,0,0,0,0,0,0,0,1,0,0,0,0,0,0,0,0,0,0,0,0,0,1,0,0,0,0,0,0,0,0
5.707110264748875,0.0,0,65,5,0.0,0.0,0,0,0,0,1.0,0,0,0,0,0,0,0,0,0,0,0,0,0,0,0,0,1,0,0,0,0,0,0,0,0,0,0,0,0,0,0,1,0,0,0,0,0,0,0
5.707110264748875,0.0,0,65,5,1.9459101490553132,0.0,0,0,0,0,1.0,0,0,0,0,0,0,0,0,0,0,0,0,0,0,0,0,1,0,0,0,0,0,0,0,0,0,0,0,0,0,0,1,0,0,0,0,0,0,0
8.033009498596668,0.0,0,36,4,0.0,0.0,0,0,1,0,0.7272727272727273,0,0,0,0,0,0,0,0,0,0,0,0,0,0,0,0,1,0,0,0,0,0,0,0,0,0,0,0,0,0,1,0,0,0,0,0,0,0,0
5.860786223465865,0.0,0,89,13,0.0,4.61512051684126,0,0,1,0,0.7272727272727273,0,0,0,0,0,0,0,0,0,0,0,0,0,0,0,0,1,0,0,0,0,0,0,0,0,0,0,0,0,0,1,0,0,0,0,0,0,0,0
5.247024072160486,0.0,0,96,8,0.0,7.00397413672268,1,0,0,0,0.797752808988764,0,0,0,0,0,0,0,0,0,0,0,0,0,0,0,0,1,0,0,0,0,0,0,0,0,0,0,0,0,0,1,0,0,0,0,0,0,0,0
6.111467339502679,0.0,0,102,11,0.0,2.3978952727983707,0,1,0,0,0.8695652173913043,0,0,0,0,0,0,0,0,0,0,0,0,0,0,0,0,1,0,0,0,0,0,0,0,0,0,0,0,0,0,0,1,0,0,0,0,0,0,0
5.707110264748875,0.0,0,65,5,0.0,0.0,0,0,0,0,1.0,0,0,0,0,0,0,0,0,0,0,0,0,0,0,0,0,1,0,0,0,0,0,0,0,0,0,0,0,0,0,1,0,0,0,0,0,0,0,0
6.16541785423142,0.0,0,65,9,0.0,3.2188758248682006,1,1,0,0,0.7894736842105263,0,0,0,0,0,0,0,0,0,0,0,0,0,0,0,0,1,0,0,0,0,0,0,0,0,0,0,0,0,0,1,0,0,0,0,0,0,0,0
5.14166355650266,0.0,0,128,14,2.833213344056216,0.6931471805599453,0,0,1,1,0.8947368421052632,0,0,0,0,0,0,0,0,0,0,0,0,0,0,0,0,1,0,0,0,0,0,0,0,0,0,0,0,0,0,0,0,0,1,0,0,0,0,0
6.3818160174060985,0.0,0,137,15,2.995732273553991,1.9459101490553132,0,1,1,0,0.943089430894309,0,0,0,0,0,0,0,0,0,0,0,0,0,0,0,0,1,0,0,0,0,0,0,0,0,0,0,0,0,0,1,0,0,0,0,0,0,0,0
5.278114659230517,0.0,0,34,2,0.0,0.0,0,1,0,0,1.0,0,0,0,0,0,0,0,0,0,0,0,0,0,0,0,0,1,0,0,0,0,0,0,0,0,0,0,0,0,0,0,0,1,0,0,0,0,0,0
6.077642243349034,0.0,0,67,5,2.70805020110221,0.0,0,0,0,0,0.8360655737704918,0,0,0,0,0,0,0,0,0,0,0,0,0,0,0,0,1,0,0,0,0,0,0,0,0,0,0,0,0,0,1,0,0,0,0,0,0,0,0
6.2166061010848646,0.0,0,96,13,0.0,4.61512051684126,0,1,1,0,0.8048780487804879,0,0,0,0,0,0,0,0,0,0,0,0,0,0,0,0,1,0,0,0,0,0,0,0,0,0,0,0,0,0,1,0,0,0,0,0,0,0,0
6.7464121285733745,0.0,0,87,11,0.0,4.61512051684126,0,1,1,0,0.8,0,0,0,0,0,0,0,0,0,0,0,0,0,0,0,0,1,0,0,0,0,0,0,0,0,0,0,0,0,0,1,0,0,0,0,0,0,0,0
7.0909098220799835,0.0,0,88,11,0.0,4.61512051684126,0,1,1,0,0.8,0,0,0,0,0,0,0,0,0,0,0,0,0,0,0,0,1,0,0,0,0,0,0,0,0,0,0,0,0,0,1,0,0,0,0,0,0,0,0
5.860786223465865,0.0,0,122,18,2.1972245773362196,0.6931471805599453,0,0,0,1,0.8653846153846154,0,0,0,0,0,0,0,0,0,0,0,0,0,0,0,0,1,0,0,0,0,0,0,0,0,0,0,0,0,0,0,0,0,1,0,0,0,0,0
6.236369590203704,0.0,0,85,9,0.0,1.9459101490553132,0,1,0,0,0.9090909090909091,0,0,0,0,0,0,0,0,0,0,0,0,0,0,0,0,1,0,0,0,0,0,0,0,0,0,0,0,0,0,1,0,0,0,0,0,0,0,0
6.236369590203704,0.0,0,62,9,0.0,1.9459101490553132,0,1,0,0,0.9259259259259259,0,0,0,0,0,0,0,0,0,0,0,0,0,0,0,0,1,0,0,0,0,0,0,0,0,0,0,0,0,0,1,0,0,0,0,0,0,0,0
8.146419323098003,0.0,0,109,13,0.0,1.6094379124341003,1,1,1,0,0.9381443298969072,0,0,0,0,0,0,0,0,0,0,0,0,0,0,0,0,1,0,0,0,0,0,0,0,0,0,0,0,0,0,1,0,0,0,0,0,0,0,0
6.478509642208569,0.0,0,73,11,5.303304908059076,2.3978952727983707,0,1,1,0,0.8253968253968254,0,0,0,0,0,0,0,0,0,0,0,0,0,0,0,0,1,0,0,0,0,0,0,0,0,0,0,0,0,0,1,0,0,0,0,0,0,0,0
6.90875477931522,0.0,0,137,15,2.995732273553991,1.9459101490553132,0,1,1,0,0.943089430894309,0,0,0,0,0,0,0,0,0,0,0,0,0,0,0,0,1,0,0,0,0,0,0,0,0,0,0,0,0,0,1,0,0,0,0,0,0,0,0
4.948759890378168,0.0,0,72,7,7.669028288589683,2.3978952727983707,0,1,0,0,0.9242424242424242,0,0,0,0,0,0,0,0,0,0,0,0,0,0,0,0,1,0,0,0,0,0,0,0,0,0,0,0,0,0,1,0,0,0,0,0,0,0,0
5.0106352940962555,0.0,0,112,11,9.210340371976184,1.9459101490553132,0,1,0,0,0.8118811881188119,0,0,0,0,0,0,0,0,0,0,0,0,0,0,0,0,1,0,0,0,0,0,0,0,0,0,0,0,0,0,0,0,0,0,1,0,0,0,0
6.621405651764134,0.0,0,86,13,7.827240901752812,4.61512051684126,0,1,1,0,0.6891891891891891,0,0,0,0,0,0,0,0,0,0,0,0,0,0,0,0,1,0,0,0,0,0,0,0,0,0,0,0,0,0,1,0,0,0,0,0,0,0,0
5.817111159963204,0.0,0,23,4,4.7535901911063645,0.0,1,0,0,0,0.35,0,0,0,0,0,0,0,0,0,0,0,0,0,0,0,0,1,0,0,0,0,0,0,0,0,0,0,0,0,0,1,0,0,0,0,0,0,0,0
4.882801922586371,0.0,0,90,11,9.210340371976184,2.3978952727983707,0,1,0,0,0.875,0,0,0,0,0,0,0,0,0,0,0,0,0,0,0,0,1,0,0,0,0,0,0,0,0,0,0,0,0,0,1,0,0,0,0,0,0,0,0
4.941642422609304,0.0,0,50,6,2.3978952727983707,4.61512051684126,0,0,0,0,0.7727272727272727,0,0,0,0,0,0,0,0,0,0,0,0,0,0,0,0,1,0,0,0,0,0,0,0,0,0,0,0,0,0,1,0,0,0,0,0,0,0,0
4.948759890378168,0.0,0,62,8,7.147559271189454,2.3978952727983707,0,1,0,0,0.8545454545454545,0,0,0,0,0,0,0,0,0,0,0,0,0,0,0,0,1,0,0,0,0,0,0,0,0,0,0,0,0,0,1,0,0,0,0,0,0,0,0
5.236441962829949,0.0,0,71,11,4.8283137373023015,1.6094379124341003,0,1,0,0,0.8032786885245902,0,0,0,0,0,0,0,0,0,0,0,0,0,0,0,0,1,0,0,0,0,0,0,0,0,0,0,0,0,0,1,0,0,0,0,0,0,0,0
4.787491742782046,0.0,0,118,11,3.9889840465642745,6.90875477931522,1,1,0,0,0.7037037037037037,0,0,0,0,0,0,0,0,0,0,0,0,0,0,0,0,1,0,0,0,0,0,0,0,0,0,0,0,0,0,0,0,1,0,0,0,0,0,0
6.154858094016418,0.0,0,57,5,2.302585092994046,2.3978952727983707,0,1,0,0,0.8867924528301887,0,0,0,0,0,0,0,0,0,0,0,0,0,0,0,0,1,0,0,0,0,0,0,0,0,0,0,0,0,0,0,0,0,1,0,0,0,0,0
5.225746673713202,0.0,0,42,4,5.934894195619588,4.61512051684126,1,0,1,0,0.7692307692307693,0,0,0,0,0,0,0,0,0,0,0,0,0,0,0,0,1,0,0,0,0,0,0,0,0,0,0,0,0,0,1,0,0,0,0,0,0,0,0
6.364750756851911,0.0,0,112,10,2.833213344056216,3.4339872044851463,1,1,0,0,0.8932038834951457,0,0,0,0,0,0,0,0,0,0,0,0,0,0,0,0,1,0,0,0,0,0,0,0,0,0,0,0,0,0,0,0,0,0,1,0,0,0,0
6.320768294250582,0.0,0,87,11,5.993961427306569,2.3978952727983707,0,1,1,0,0.7272727272727273,0,0,0,0,0,0,0,0,0,0,0,0,0,0,0,0,1,0,0,0,0,0,0,0,0,0,0,0,0,0,1,0,0,0,0,0,0,0,0
6.255750041753367,0.0,0,132,15,0.0,6.111467339502679,1,1,0,0,0.6153846153846154,0,0,0,0,0,0,0,0,0,0,0,0,0,0,0,0,1,0,0,0,0,0,0,0,0,0,0,0,0,0,0,0,0,0,1,0,0,0,0
4.795790545596741,0.0,0,62,8,0.0,3.4339872044851463,0,1,0,0,0.8727272727272727,0,0,0,0,0,0,0,0,0,0,0,0,0,0,0,0,1,0,0,0,0,0,0,0,0,0,0,0,0,0,1,0,0,0,0,0,0,0,0
5.484796933490655,0.0,0,58,9,4.890349128221754,2.3978952727983707,0,1,0,0,0.64,0,0,0,0,0,0,0,0,0,0,0,0,0,0,0,0,1,0,0,0,0,0,0,0,0,0,0,0,0,0,1,0,0,0,0,0,0,0,0
6.985641817639208,0.0,0,22,4,3.4339872044851463,1.3862943611198906,0,1,0,0,0.7894736842105263,0,0,0,0,0,0,0,0,0,0,0,0,0,0,0,0,1,0,0,0,0,0,0,0,0,0,0,0,0,0,1,0,0,0,0,0,0,0,0
5.327876168789581,0.0,0,56,9,5.986452005284438,2.3978952727983707,0,1,0,0,0.7708333333333334,0,0,0,0,0,0,0,0,0,0,0,0,0,0,0,0,1,0,0,0,0,0,0,0,0,0,0,0,0,0,1,0,0,0,0,0,0,0,0
5.135798437050262,0.0,0,133,18,6.946975992135418,3.4339872044851463,0,1,0,0,0.8347826086956521,0,0,0,0,0,0,0,0,0,0,0,0,0,0,0,0,1,0,0,0,0,0,0,0,0,0,0,0,0,0,1,0,0,0,0,0,0,0,0
4.941642422609304,0.0,0,92,9,6.490723534502507,1.9459101490553132,0,1,0,0,0.7857142857142857,0,0,0,0,0,0,0,0,0,0,0,0,0,0,0,0,1,0,0,0,0,0,0,0,0,0,0,0,0,0,1,0,0,0,0,0,0,0,0
4.941642422609304,0.0,0,71,12,3.8918202981106265,6.90875477931522,1,1,0,0,0.4666666666666667,0,0,0,0,0,0,0,0,0,0,0,0,0,0,0,0,1,0,0,0,0,0,0,0,0,0,0,0,0,0,1,0,0,0,0,0,0,0,0
4.890349128221754,0.0,0,76,12,4.110873864173311,3.713572066704308,0,1,0,0,0.5538461538461539,0,0,0,0,0,0,0,0,0,0,0,0,0,0,0,0,1,0,0,0,0,0,0,0,0,0,0,0,0,0,1,0,0,0,0,0,0,0,0
5.860786223465865,0.0,0,76,8,7.053585727193677,0.6931471805599453,1,0,0,0,0.8840579710144928,0,0,0,0,0,0,0,0,0,0,0,0,0,0,0,0,1,0,0,0,0,0,0,0,0,0,0,0,0,0,0,1,0,0,0,0,0,0,0
6.694562058521095,0.0,0,76,9,5.3981627015177525,4.61512051684126,0,1,1,0,0.7205882352941176,0,0,0,0,0,0,0,0,0,0,0,0,0,0,0,0,1,0,0,0,0,0,0,0,0,0,0,0,0,0,1,0,0,0,0,0,0,0,0
6.274762021241939,0.0,0,75,15,5.41610040220442,7.613818684808629,1,0,0,0,0.06557377049180328,0,0,0,0,0,0,0,0,0,0,0,0,0,0,0,0,1,0,0,0,0,0,0,0,0,0,0,0,0,0,1,0,0,0,0,0,0,0,0
4.110873864173311,0.0,0,77,7,4.07753744390572,2.3978952727983707,0,1,0,0,0.8732394366197183,0,0,0,0,0,0,0,0,0,0,0,0,0,0,0,0,1,0,0,0,0,0,0,0,0,0,0,0,0,0,1,0,0,0,0,0,0,0,0
6.740519359606223,0.0,0,71,14,9.163458386076051,4.110873864173311,1,1,0,0,0.4482758620689655,0,0,0,0,0,0,0,0,0,0,0,0,0,0,0,0,1,0,0,0,0,0,0,0,0,0,0,0,0,0,1,0,0,0,0,0,0,0,0
5.236441962829949,0.0,0,65,9,3.044522437723423,1.6094379124341003,0,1,0,0,0.7543859649122807,0,0,0,0,0,0,0,0,0,0,0,0,0,0,0,0,1,0,0,0,0,0,0,0,0,0,0,0,0,0,1,0,0,0,0,0,0,0,0
6.175867270105761,0.0,0,68,5,4.787491742782046,2.3978952727983707,0,1,0,0,0.90625,0,0,0,0,0,0,0,0,0,0,0,0,0,0,0,0,1,0,0,0,0,0,0,0,0,0,0,0,0,0,0,1,0,0,0,0,0,0,0
5.707110264748875,0.0,0,73,5,3.2188758248682006,0.0,0,0,0,0,0.927536231884058,0,0,0,0,0,0,0,0,0,0,0,0,0,0,0,0,1,0,0,0,0,0,0,0,0,0,0,0,0,0,0,0,0,0,1,0,0,0,0
5.476463551931511,0.0,0,101,11,6.651571873589727,4.61512051684126,0,1,1,0,0.8111111111111111,0,0,0,0,0,0,0,0,0,0,0,0,0,0,0,0,1,0,0,0,0,0,0,0,0,0,0,0,0,0,0,0,0,1,0,0,0,0,0
5.703782474656201,0.0,0,48,8,5.720311776607412,6.111467339502679,1,1,0,0,0.0,0,0,0,0,0,0,0,0,0,0,0,0,0,0,0,0,1,0,0,0,0,0,0,0,0,0,0,0,0,0,1,0,0,0,0,0,0,0,0
4.983606621708336,0.0,0,90,11,7.917900586327916,2.3978952727983707,0,1,0,0,0.875,0,0,0,0,0,0,0,0,0,0,0,0,0,0,0,0,1,0,0,0,0,0,0,0,0,0,0,0,0,0,1,0,0,0,0,0,0,0,0
6.816735880594968,0.0,0,71,12,5.8522024797744745,3.4339872044851463,1,1,0,0,0.5666666666666667,0,0,0,0,0,0,0,0,0,0,0,0,0,0,0,0,1,0,0,0,0,0,0,0,0,0,0,0,0,0,1,0,0,0,0,0,0,0,0
7.0909098220799835,0.0,0,133,11,4.454347296253507,3.4339872044851463,1,1,0,0,0.9105691056910569,0,0,0,0,0,0,0,0,0,0,0,0,0,0,0,0,1,0,0,0,0,0,0,0,0,0,0,0,0,0,1,0,0,0,0,0,0,0,0
5.19295685089021,0.0,0,135,10,5.8805329864007,2.3978952727983707,0,1,1,0,0.8650793650793651,0,0,0,0,0,0,0,0,0,0,0,0,0,0,0,0,1,0,0,0,0,0,0,0,0,0,0,0,0,0,1,0,0,0,0,0,0,0,0
5.075173815233827,0.0,0,95,11,6.257667587882639,1.791759469228055,0,1,0,0,0.9176470588235294,0,0,0,0,0,0,0,0,0,0,0,0,0,0,0,0,1,0,0,0,0,0,0,0,0,0,0,0,0,0,1,0,0,0,0,0,0,0,0
7.00397413672268,0.0,0,102,6,3.332204510175204,6.90875477931522,0,1,1,0,0.7731958762886598,0,0,0,0,0,0,0,0,0,0,0,0,0,0,0,0,1,0,0,0,0,0,0,0,0,0,0,0,0,0,1,0,0,0,0,0,0,0,0
6.8308742346461795,0.0,0,111,10,3.784189633918261,4.61512051684126,0,1,1,0,0.8137254901960784,0,0,0,0,0,0,0,0,0,0,0,0,0,0,0,0,1,0,0,0,0,0,0,0,0,0,0,0,0,0,0,0,0,0,1,0,0,0,0
5.75890177387728,0.0,0,103,12,3.6888794541139363,7.313886831633462,1,1,0,0,0.6739130434782609,0,0,0,0,0,0,0,0,0,0,0,1,0,0,0,0,0,0,0,0,0,0,0,0,0,0,0,0,0,0,1,0,0,0,0,0,0,0,0
5.937536205082426,0.0,0,106,15,3.1780538303479458,4.110873864173311,1,1,0,0,0.5434782608695652,0,0,0,0,0,0,0,0,0,0,0,1,0,0,0,0,0,0,0,0,0,0,0,0,0,0,0,0,0,0,1,0,0,0,0,0,0,0,0
5.272999558563747,0.0,0,90,7,5.247024072160486,3.258096538021482,0,0,0,0,0.6024096385542169,0,0,0,0,0,0,0,0,0,0,0,1,0,0,0,0,0,0,0,0,0,0,0,0,0,0,0,0,0,0,1,0,0,0,0,0,0,0,0
5.886104031450156,0.0,0,101,10,0.0,3.9318256327243257,0,1,0,0,0.8152173913043478,0,0,0,0,0,0,0,0,0,0,0,1,0,0,0,0,0,0,0,0,0,0,0,0,0,0,0,0,0,0,0,0,1,0,0,0,0,0,0
4.15512603448196,0.0,0,55,6,8.12533508671429,4.61512051684126,0,1,0,0,0.94,0,0,0,0,0,0,0,0,0,0,0,1,0,0,0,0,0,0,0,0,0,0,0,0,0,0,0,0,0,0,1,0,0,0,0,0,0,0,0
4.795790545596741,0.0,0,34,5,0.0,4.61512051684126,0,1,0,0,0.9,0,0,0,0,0,0,0,0,0,0,0,1,0,0,0,0,0,0,0,0,0,0,0,0,0,0,0,0,0,0,0,0,1,0,0,0,0,0,0
5.25227342804663,0.0,0,47,8,3.258096538021482,4.51085950651685,0,0,0,0,0.35,0,0,0,0,0,0,0,0,0,0,0,1,0,0,0,0,0,0,0,0,0,0,0,0,0,0,0,0,0,0,1,0,0,0,0,0,0,0,0
5.638354669333745,0.0,0,79,7,6.1224928095143865,0.0,0,0,0,0,0.9726027397260274,0,0,0,0,0,0,0,0,0,0,0,1,0,0,0,0,0,0,0,0,0,0,0,0,0,0,0,0,0,0,0,0,0,0,1,0,0,0,0
5.8888779583328805,0.0,0,164,21,0.0,7.6128310304073565,1,0,0,0,0.5625,0,0,0,0,0,0,0,0,0,0,0,1,0,0,0,0,0,0,0,0,0,0,0,0,0,0,0,0,0,0,0,0,0,0,1,0,0,0,0
6.391917113392602,0.0,0,72,6,5.1647859739235145,9.429074214801693,0,1,0,0,0.582089552238806,0,0,0,0,0,0,0,0,0,0,0,1,0,0,0,0,0,0,0,0,0,0,0,0,0,0,0,0,0,0,0,0,0,0,0,0,1,0,0
4.454347296253507,0.0,0,45,4,5.389071729816501,0.0,0,0,0,0,0.7142857142857143,0,0,0,0,0,0,0,0,0,0,0,1,0,0,0,0,0,0,0,0,0,0,0,0,0,0,0,0,0,0,1,0,0,0,0,0,0,0,0
5.968707559985366,0.0,0,94,9,3.713572066704308,6.68586094706836,1,1,0,0,0.9418604651162791,0,0,0,0,0,0,0,0,0,0,0,1,0,0,0,0,0,0,0,0,0,0,0,0,0,0,0,0,0,0,1,0,0,0,0,0,0,0,0
7.0909098220799835,0.0,0,164,20,2.1972245773362196,4.61512051684126,1,0,0,0,0.24305555555555555,0,0,0,0,0,0,0,0,0,0,0,1,0,0,0,0,0,0,0,0,0,0,0,0,0,0,0,0,0,0,0,0,0,0,1,0,0,0,0
5.375278407684165,0.0,0,85,8,2.0794415416798357,4.110873864173311,0,1,1,0,0.8974358974358975,0,0,0,0,0,0,0,0,0,0,0,1,0,0,0,0,0,0,0,0,0,0,0,0,0,0,0,0,0,0,1,0,0,0,0,0,0,0,0
6.042632833682381,0.0,0,137,11,0.0,0.0,0,0,0,0,0.9133858267716536,0,0,0,0,0,0,0,0,0,0,0,1,0,0,0,0,0,0,0,0,0,0,0,0,0,0,0,0,0,0,1,0,0,0,0,0,0,0,0
6.705639094860003,0.0,0,61,7,6.021023349349527,1.3862943611198906,0,1,0,0,0.7090909090909091,0,0,0,0,0,0,0,0,0,0,0,1,0,0,0,0,0,0,0,0,0,0,0,0,0,0,0,0,0,0,1,0,0,0,0,0,0,0,0
5.407171771460119,0.0,0,58,9,7.0326242610280065,4.61512051684126,0,0,0,0,0.42,0,0,0,0,0,0,0,0,0,0,0,1,0,0,0,0,0,0,0,0,0,0,0,0,0,0,0,0,0,0,1,0,0,0,0,0,0,0,0
7.7823903355874595,0.0,0,99,9,1.9459101490553132,1.3862943611198906,0,1,0,0,0.9010989010989011,0,0,0,0,0,0,0,0,0,0,0,1,0,0,0,0,0,0,0,0,0,0,0,0,0,0,0,0,0,0,1,0,0,0,0,0,0,0,0
5.420534999272286,0.0,0,53,6,4.553876891600541,0.0,0,1,0,0,0.625,0,0,0,0,0,0,0,0,0,0,0,1,0,0,0,0,0,0,0,0,0,0,0,0,0,0,0,0,0,0,0,0,1,0,0,0,0,0,0
7.00397413672268,0.0,0,82,7,3.044522437723423,7.00397413672268,0,0,0,0,0.88,0,0,0,0,0,0,0,0,0,0,0,1,0,0,0,0,0,0,0,0,0,0,0,0,0,0,0,0,0,0,0,0,0,1,0,0,0,0,0
4.787491742782046,0.0,0,79,13,4.897839799950911,4.61512051684126,1,1,0,0,0.5223880597014925,0,0,0,0,0,0,0,0,0,0,0,1,0,0,0,0,0,0,0,0,0,0,0,0,0,0,0,0,0,0,1,0,0,0,0,0,0,0,0
6.78105762593618,0.0,0,148,15,0.0,4.51085950651685,0,0,0,0,0.35074626865671643,0,0,0,0,0,0,0,0,0,0,0,1,0,0,0,0,0,0,0,0,0,0,0,0,0,0,0,0,0,0,1,0,0,0,0,0,0,0,0
5.707110264748875,0.0,0,74,6,3.713572066704308,0.0,1,1,0,0,0.7352941176470589,0,0,0,0,0,0,0,0,0,0,0,1,0,0,0,0,0,0,0,0,0,0,0,0,0,0,0,0,0,0,1,0,0,0,0,0,0,0,0
5.420534999272286,0.0,0,85,9,0.0,0.0,0,1,0,0,0.7662337662337663,0,0,0,0,0,0,0,0,0,0,0,1,0,0,0,0,0,0,0,0,0,0,0,0,0,0,0,0,0,0,1,0,0,0,0,0,0,0,0
5.973809611869261,0.0,0,84,10,3.044522437723423,1.3862943611198906,1,0,0,0,0.9866666666666667,0,0,0,0,0,0,0,0,0,0,0,1,0,0,0,0,0,0,0,0,0,0,0,0,0,0,0,0,0,0,1,0,0,0,0,0,0,0,0
5.857933154483459,0.0,0,57,5,4.700480365792417,5.857933154483459,0,0,0,0,0.9056603773584906,0,0,0,0,0,0,0,0,0,0,0,1,0,0,0,0,0,0,0,0,0,0,0,0,0,0,0,0,0,0,1,0,0,0,0,0,0,0,0
8.098946748943339,0.0,0,79,8,0.0,0.0,0,0,0,0,0.7605633802816901,0,0,0,0,0,0,0,0,0,0,0,1,0,0,0,0,0,0,0,0,0,0,0,0,0,0,0,0,0,0,1,0,0,0,0,0,0,0,0
4.454347296253507,0.0,0,56,7,9.210340371976184,4.61512051684126,0,1,0,0,0.44,0,0,0,0,0,0,0,0,0,0,0,1,0,0,0,0,0,0,0,0,0,0,0,0,0,0,0,0,0,0,1,0,0,0,0,0,0,0,0
6.911747300251674,0.0,0,104,14,4.02535169073515,2.3978952727983707,0,1,0,1,0.7252747252747253,0,0,0,0,0,0,0,0,0,0,0,1,0,0,0,0,0,0,0,0,0,0,0,0,0,0,0,0,0,0,1,0,0,0,0,0,0,0,0
4.110873864173311,0.0,0,85,9,6.508769136971682,2.0794415416798357,0,1,0,0,0.7402597402597403,0,0,0,0,0,0,0,0,0,0,0,1,0,0,0,0,0,0,0,0,0,0,0,0,0,0,0,0,0,0,1,0,0,0,0,0,0,0,0
4.430816798843313,0.0,0,41,5,7.02197642307216,4.61512051684126,0,1,0,0,0.5945945945945946,0,0,0,0,0,0,0,0,0,0,0,1,0,0,0,0,0,0,0,0,0,0,0,0,0,0,0,0,0,0,1,0,0,0,0,0,0,0,0
5.10594547390058,0.0,0,106,17,7.356279876550748,4.795790545596741,0,1,0,1,0.8,0,0,0,0,0,0,0,0,0,0,0,1,0,0,0,0,0,0,0,0,0,0,0,0,0,0,0,0,0,0,0,1,0,0,0,0,0,0,0
5.831882477283517,0.0,0,73,6,2.833213344056216,0.0,1,1,0,0,0.7352941176470589,0,0,0,0,0,0,0,0,0,0,0,1,0,0,0,0,0,0,0,0,0,0,0,0,0,0,0,0,0,0,1,0,0,0,0,0,0,0,0
5.634789603169249,0.0,0,114,9,0.0,3.4339872044851463,0,1,1,0,0.8962264150943396,0,0,0,0,0,0,0,0,0,0,0,1,0,0,0,0,0,0,0,0,0,0,0,0,0,0,0,0,0,0,0,0,0,0,0,0,1,0,0
4.634728988229636,0.0,0,31,7,8.828494129466652,0.0,0,0,0,0,0.4,0,0,0,0,0,0,0,0,0,0,0,1,0,0,0,0,0,0,0,0,0,0,0,0,0,0,0,0,0,0,1,0,0,0,0,0,0,0,0
5.564520407322694,0.0,0,56,6,6.661854740545311,4.61512051684126,0,1,0,0,0.9019607843137255,0,0,0,0,0,0,0,0,0,0,0,1,0,0,0,0,0,0,0,0,0,0,0,0,0,0,0,0,0,0,1,0,0,0,0,0,0,0,0
6.206575926724928,0.0,0,64,11,6.483107351457199,8.517393171418904,1,0,0,0,0.0,0,0,0,0,0,0,0,0,0,0,0,1,0,0,0,0,0,0,0,0,0,0,0,0,0,0,0,0,0,0,1,0,0,0,0,0,0,0,0
5.942799375126701,0.0,0,32,4,0.0,11.545895916640138,0,0,0,0,0.6206896551724138,0,0,0,0,0,0,0,0,0,0,0,1,0,0,0,0,0,0,0,0,0,0,0,0,0,0,0,0,0,0,0,0,1,0,0,0,0,0,0
5.564520407322694,0.0,0,61,5,7.475339236566737,4.61512051684126,0,1,0,0,0.9122807017543859,0,0,0,0,0,0,0,0,0,0,0,1,0,0,0,0,0,0,0,0,0,0,0,0,0,0,0,0,0,0,1,0,0,0,0,0,0,0,0
5.049856007249537,0.0,0,77,6,5.030437921392435,1.9459101490553132,0,1,0,0,0.8611111111111112,0,0,0,0,0,0,0,0,0,0,0,1,0,0,0,0,0,0,0,0,0,0,0,0,0,0,0,0,0,0,1,0,0,0,0,0,0,0,0
6.85751406254539,0.0,0,84,10,3.044522437723423,1.3862943611198906,1,0,0,0,0.9866666666666667,0,0,0,0,0,0,0,0,0,0,0,1,0,0,0,0,0,0,0,0,0,0,0,0,0,0,0,0,0,0,1,0,0,0,0,0,0,0,0
6.898714534329988,0.0,0,105,9,0.0,0.0,0,0,1,0,0.8865979381443299,0,0,0,0,0,0,0,0,0,0,0,1,0,0,0,0,0,0,0,0,0,0,0,0,0,0,0,0,0,0,1,0,0,0,0,0,0,0,0
6.905753276311464,0.0,0,52,4,0.0,4.110873864173311,0,1,0,0,0.4897959183673469,0,0,0,0,0,0,0,0,0,0,0,1,0,0,0,0,0,0,0,0,0,0,0,0,0,0,0,0,0,0,1,0,0,0,0,0,0,0,0
6.311734809152915,0.0,0,52,7,0.0,7.313886831633462,1,1,0,0,0.0,0,0,0,0,0,0,0,0,0,0,0,1,0,0,0,0,0,0,0,0,0,0,0,0,0,0,0,0,0,0,0,0,0,0,0,0,1,0,0
6.53813982376767,0.0,0,119,8,0.0,2.3978952727983707,0,1,0,0,0.8660714285714286,0,0,0,0,0,0,0,0,0,0,0,1,0,0,0,0,0,0,0,0,0,0,0,0,0,0,0,0,0,0,1,0,0,0,0,0,0,0,0
7.667158255319148,0.0,0,105,16,0.0,4.61512051684126,1,1,0,0,0.5555555555555556,0,0,0,0,0,0,0,0,0,0,0,1,0,0,0,0,0,0,0,0,0,0,0,0,0,0,0,0,0,0,0,0,0,0,0,0,1,0,0
5.703782474656201,0.0,0,64,9,0.0,3.4339872044851463,0,1,0,0,0.6964285714285714,0,0,0,0,0,0,0,0,0,0,0,1,0,0,0,0,0,0,0,0,0,0,0,0,0,0,0,0,0,0,0,0,0,0,0,0,0,0,1
4.787491742782046,0.0,0,64,8,0.0,4.61512051684126,0,0,0,0,0.543859649122807,0,0,0,0,0,0,0,0,0,0,0,1,0,0,0,0,0,0,0,0,0,0,0,0,0,0,0,0,0,0,0,0,0,0,0,0,0,0,1
4.564348191467836,0.0,0,88,13,0.0,6.90875477931522,1,1,0,0,0.35526315789473684,0,0,0,0,0,0,0,0,0,0,0,1,0,0,0,0,0,0,0,0,0,0,0,0,0,0,0,0,0,0,1,0,0,0,0,0,0,0,0
5.135798437050262,0.0,0,42,4,0.0,1.791759469228055,0,0,0,0,0.9743589743589743,0,0,0,0,0,0,0,0,0,0,0,1,0,0,0,0,0,0,0,0,0,0,0,0,0,0,0,0,0,0,1,0,0,0,0,0,0,0,0
6.673297967767654,0.0,0,55,5,0.0,0.0,0,0,0,0,0.8431372549019608,0,0,0,0,0,0,0,0,0,0,0,1,0,0,0,0,0,0,0,0,0,0,0,0,0,0,0,0,0,0,1,0,0,0,0,0,0,0,0
6.111467339502679,0.0,0,26,4,0.0,0.0,0,0,0,0,0.5217391304347826,0,0,0,0,0,0,0,0,0,0,0,1,0,0,0,0,0,0,0,0,0,0,0,0,0,0,0,0,0,0,0,0,0,1,0,0,0,0,0
4.290459441148391,0.0,0,45,6,1.791759469228055,4.110873864173311,0,1,0,0,0.625,0,0,0,0,0,0,0,0,0,0,0,1,0,0,0,0,0,0,0,0,0,0,0,0,0,0,0,0,0,0,1,0,0,0,0,0,0,0,0
5.883322388488279,0.0,0,67,10,0.0,4.110873864173311,0,1,0,0,0.4909090909090909,0,0,0,0,0,0,0,0,0,0,0,1,0,0,0,0,0,0,0,0,0,0,0,0,0,0,0,0,0,0,1,0,0,0,0,0,0,0,0
6.111467339502679,0.0,0,92,15,0.0,4.61512051684126,0,1,1,1,0.7662337662337663,0,0,0,0,0,0,0,0,0,0,0,1,0,0,0,0,0,0,0,0,0,0,0,0,0,0,0,0,0,0,1,0,0,0,0,0,0,0,0
6.206575926724928,0.0,0,142,13,0.0,2.3978952727983707,1,1,0,0,0.7923076923076923,0,0,0,0,0,0,0,0,0,0,0,1,0,0,0,0,0,0,0,0,0,0,0,0,0,0,0,0,0,0,1,0,0,0,0,0,0,0,0
5.420534999272286,0.0,0,52,5,3.044522437723423,0.0,0,1,0,0,0.851063829787234,0,0,0,0,0,0,0,0,0,0,0,1,0,0,0,0,0,0,0,0,0,0,0,0,0,0,0,0,0,0,1,0,0,0,0,0,0,0,0
6.042632833682381,0.0,0,105,8,0.0,0.0,0,1,0,0,0.9270833333333334,0,0,0,0,0,0,0,0,0,0,0,1,0,0,0,0,0,0,0,0,0,0,0,0,0,0,0,0,0,0,1,0,0,0,0,0,0,0,0
6.679599185844383,0.0,0,78,7,0.0,1.791759469228055,0,1,0,0,0.9861111111111112,0,0,0,0,0,0,0,0,0,0,0,1,0,0,0,0,0,0,0,0,0,0,0,0,0,0,0,0,0,0,1,0,0,0,0,0,0,0,0
5.075173815233827,0.0,0,62,5,0.0,0.0,0,1,0,0,1.0,0,0,0,0,0,0,0,0,0,0,0,1,0,0,0,0,0,0,0,0,0,0,0,0,0,0,0,0,0,0,1,0,0,0,0,0,0,0,0
5.707110264748875,0.0,0,54,5,3.295836866004329,0.0,0,1,0,0,0.875,0,0,0,0,0,0,0,0,0,0,0,1,0,0,0,0,0,0,0,0,0,0,0,0,0,0,0,0,0,0,1,0,0,0,0,0,0,0,0
6.898714534329988,0.0,0,88,8,0.0,0.0,0,0,0,0,0.8518518518518519,0,0,0,0,0,0,0,0,0,0,0,1,0,0,0,0,0,0,0,0,0,0,0,0,0,0,0,0,0,0,0,0,1,0,0,0,0,0,0
6.90875477931522,0.0,0,109,14,0.0,3.258096538021482,0,1,0,0,0.625,0,0,0,0,0,0,0,0,0,0,0,1,0,0,0,0,0,0,0,0,0,0,0,0,0,0,0,0,0,0,1,0,0,0,0,0,0,0,0
6.311734809152915,0.0,0,109,14,0.0,3.258096538021482,0,1,0,0,0.625,0,0,0,0,0,0,0,0,0,0,0,1,0,0,0,0,0,0,0,0,0,0,0,0,0,0,0,0,0,0,1,0,0,0,0,0,0,0,0
5.3471075307174685,0.0,0,120,12,0.0,3.4339872044851463,0,1,1,0,0.981651376146789,0,0,0,0,0,0,0,0,0,0,0,1,0,0,0,0,0,0,0,0,0,0,0,0,0,0,0,0,0,0,0,0,1,0,0,0,0,0,0
6.171700597410915,0.0,0,97,13,0.0,7.0909098220799835,1,1,1,0,0.9176470588235294,0,0,0,0,0,0,0,0,0,0,0,1,0,0,0,0,0,0,0,0,0,0,0,0,0,0,0,0,0,0,0,0,1,0,0,0,0,0,0
6.144185634125646,0.0,0,140,18,0.0,7.0909098220799835,1,1,1,0,0.926829268292683,0,0,0,0,0,0,0,0,0,0,0,1,0,0,0,0,0,0,0,0,0,0,0,0,0,0,0,0,0,0,0,0,1,0,0,0,0,0,0
6.716594773520978,0.0,0,179,11,0.0,4.795790545596741,1,0,0,0,0.30177514792899407,0,0,0,0,0,0,0,0,0,0,0,1,0,0,0,0,0,0,0,0,0,0,0,0,0,0,0,0,0,0,0,1,0,0,0,0,0,0,0
6.898714534329988,0.0,0,111,10,0.0,0.0,0,0,0,0,0.8823529411764706,0,0,0,0,0,0,0,0,0,0,0,1,0,0,0,0,0,0,0,0,0,0,0,0,0,0,0,0,0,0,1,0,0,0,0,0,0,0,0
6.884486652042782,0.0,0,82,13,0.0,4.110873864173311,1,1,0,0,0.6142857142857143,0,0,0,0,0,0,0,0,0,0,0,1,0,0,0,0,0,0,0,0,0,0,0,0,0,0,0,0,0,0,1,0,0,0,0,0,0,0,0
5.303304908059076,0.0,0,114,15,0.0,4.394449154672439,0,1,1,0,0.92,0,0,0,0,0,0,0,0,0,0,0,1,0,0,0,0,0,0,0,0,0,0,0,0,0,0,0,0,0,0,1,0,0,0,0,0,0,0,0
5.707110264748875,0.0,0,89,8,1.791759469228055,5.993961427306569,1,1,0,0,0.9146341463414634,0,0,0,0,0,0,0,0,0,0,0,1,0,0,0,0,0,0,0,0,0,0,0,0,0,0,0,0,0,0,1,0,0,0,0,0,0,0,0
5.598421958998375,0.0,0,55,9,0.0,4.110873864173311,1,1,0,0,0.23404255319148937,0,0,0,0,0,0,0,0,0,0,0,1,0,0,0,0,0,0,0,0,0,0,0,0,0,0,0,0,0,0,0,0,1,0,0,0,0,0,0
5.703782474656201,0.0,0,86,11,0.0,7.313886831633462,1,0,0,0,0.44,0,0,0,0,0,0,0,0,0,0,0,1,0,0,0,0,0,0,0,0,0,0,0,0,0,0,0,0,0,0,1,0,0,0,0,0,0,0,0
7.359467638255621,0.0,0,45,8,0.0,4.61512051684126,1,0,0,0,0.0,0,0,0,0,0,0,0,0,0,0,0,1,0,0,0,0,0,0,0,0,0,0,0,0,0,0,0,0,0,0,1,0,0,0,0,0,0,0,0
6.673297967767654,0.0,0,58,8,0.0,4.110873864173311,0,1,0,0,0.0,0,0,0,0,0,0,0,0,0,0,0,1,0,0,0,0,0,0,0,0,0,0,0,0,0,0,0,0,0,0,1,0,0,0,0,0,0,0,0
6.673297967767654,0.0,0,76,11,0.0,3.4339872044851463,1,1,0,0,0.0,0,0,0,0,0,0,0,0,0,0,0,1,0,0,0,0,0,0,0,0,0,0,0,0,0,0,0,0,0,0,1,0,0,0,0,0,0,0,0
5.521460917862246,0.0,0,116,14,1.9459101490553132,5.993961427306569,1,1,1,0,0.8640776699029126,0,0,0,0,0,0,0,0,0,0,0,1,0,0,0,0,0,0,0,0,0,0,0,0,0,0,0,0,0,0,0,0,0,0,1,0,0,0,0
5.075173815233827,0.0,0,96,18,0.0,3.4339872044851463,0,1,0,0,0.759493670886076,0,0,0,0,0,0,0,0,0,0,0,1,0,0,0,0,0,0,0,0,0,0,0,0,0,0,0,0,0,0,1,0,0,0,0,0,0,0,0
5.075173815233827,0.0,0,75,14,0.0,6.2166061010848646,1,1,0,1,0.5806451612903226,0,0,0,0,0,0,0,0,0,0,0,1,0,0,0,0,0,0,0,0,0,0,0,0,0,0,0,0,0,0,1,0,0,0,0,0,0,0,0
6.836259277277067,0.0,0,52,7,0.0,7.313886831633462,1,1,0,0,0.0,0,0,0,0,0,0,0,0,0,0,0,1,0,0,0,0,0,0,0,0,0,0,0,0,0,0,0,0,0,0,0,0,0,0,0,0,1,0,0
7.072421900537371,0.0,0,191,18,0.0,0.0,0,0,1,0,0.8563218390804598,0,0,0,0,0,0,0,0,0,0,0,1,0,0,0,0,0,0,0,0,0,0,0,0,0,0,0,0,0,0,0,0,0,0,1,0,0,0,0
6.85751406254539,0.0,0,58,4,0.0,0.0,0,0,1,0,0.7272727272727273,0,0,0,0,0,0,0,0,0,0,0,0,0,0,0,0,0,0,0,0,0,0,0,0,0,0,1,0,0,0,0,0,1,0,0,0,0,0,0
8.630700432209832,0.0,0,99,12,0.0,0.0,0,0,0,0,0.6590909090909091,0,0,0,0,0,0,0,0,0,0,0,0,0,0,0,0,0,0,0,0,0,0,0,0,0,0,1,0,0,0,1,0,0,0,0,0,0,0,0
5.703782474656201,0.0,0,42,5,0.0,1.791759469228055,0,0,0,1,0.7105263157894737,0,0,0,0,0,0,0,0,0,0,0,0,0,0,0,0,0,0,0,0,0,0,0,0,0,0,1,0,0,0,0,0,0,0,0,0,0,0,1
6.19644412779452,0.0,0,68,8,0.0,4.61512051684126,0,0,1,0,0.8360655737704918,0,0,0,0,0,0,0,0,0,0,0,0,0,0,0,0,0,0,0,0,0,0,0,0,0,0,1,0,0,0,1,0,0,0,0,0,0,0,0
6.19644412779452,0.0,0,68,8,0.0,4.61512051684126,0,0,1,0,0.8360655737704918,0,0,0,0,0,0,0,0,0,0,0,0,0,0,0,0,0,0,0,0,0,0,0,0,0,0,1,0,0,0,1,0,0,0,0,0,0,0,0
6.85751406254539,0.0,0,60,4,0.0,1.791759469228055,0,0,0,0,0.8596491228070176,0,0,0,0,0,0,0,0,0,0,0,0,0,0,0,0,0,0,0,0,0,0,0,0,0,0,1,0,0,0,0,0,0,1,0,0,0,0,0
3.4011973816621555,0.0,0,79,9,0.0,3.258096538021482,1,1,0,0,0.4788732394366197,0,0,0,0,0,0,0,0,0,0,0,0,0,0,0,0,0,0,0,0,0,0,0,0,0,0,1,0,0,0,1,0,0,0,0,0,0,0,0
4.060443010546419,0.0,0,45,6,0.0,3.4339872044851463,0,1,0,0,0.95,0,0,0,0,0,0,0,0,0,0,0,0,0,0,0,0,0,0,0,0,0,0,0,0,0,0,1,0,0,0,1,0,0,0,0,0,0,0,0
6.78105762593618,0.0,0,124,11,0.0,0.0,0,0,0,0,1.0,0,0,0,0,0,0,0,0,0,0,0,0,0,0,0,0,0,0,0,0,0,0,0,0,0,0,1,0,0,0,0,1,0,0,0,0,0,0,0
6.364750756851911,0.0,0,105,10,0.0,0.0,0,0,0,0,0.9166666666666666,0,0,0,0,0,0,0,0,0,0,0,0,0,0,0,0,0,0,0,0,0,0,0,0,0,0,1,0,0,0,0,1,0,0,0,0,0,0,0
6.78105762593618,0.0,0,96,9,0.0,0.0,0,0,0,0,0.9659090909090909,0,0,0,0,0,0,0,0,0,0,0,0,0,0,0,0,0,0,0,0,0,0,0,0,0,0,1,0,0,0,0,1,0,0,0,0,0,0,0
6.580639137284949,0.0,0,92,9,0.0,0.0,0,0,0,0,0.9761904761904762,0,0,0,0,0,0,0,0,0,0,0,0,0,0,0,0,0,0,0,0,0,0,0,0,0,0,1,0,0,0,0,1,0,0,0,0,0,0,0
6.580639137284949,0.0,0,88,9,0.0,4.110873864173311,0,1,0,0,0.95,0,0,0,0,0,0,0,0,0,0,0,0,0,0,0,0,0,0,0,0,0,0,0,0,0,0,1,0,0,0,0,1,0,0,0,0,0,0,0
5.968707559985366,0.0,0,79,12,0.0,2.3978952727983707,0,1,0,0,0.7205882352941176,0,0,0,0,0,0,0,0,0,0,0,0,0,0,0,0,0,0,0,0,0,0,0,0,0,0,1,0,0,0,1,0,0,0,0,0,0,0,0
5.968707559985366,0.0,0,134,19,0.0,1.6094379124341003,0,0,0,1,0.9217391304347826,0,0,0,0,0,0,0,0,0,0,0,0,0,0,0,0,0,0,0,0,0,0,0,0,0,0,1,0,0,0,0,1,0,0,0,0,0,0,0
7.074116816197362,0.0,0,103,14,0.0,0.0,0,0,0,0,0.7111111111111111,0,0,0,0,0,0,0,0,0,0,0,0,0,0,0,0,0,0,0,0,0,0,0,0,0,0,1,0,0,0,0,0,0,0,1,0,0,0,0
6.878326468291325,0.0,0,64,6,0.0,0.0,0,0,0,0,0.7627118644067796,0,0,0,0,0,0,0,0,0,0,0,0,0,0,0,0,0,0,0,0,0,0,0,0,0,0,1,0,0,0,0,0,0,0,1,0,0,0,0
5.655991810819852,0.0,0,113,12,0.0,0.6931471805599453,0,1,0,1,0.9215686274509803,0,0,0,0,0,0,0,0,0,0,0,0,0,0,0,0,0,0,0,0,0,0,0,0,0,0,1,0,0,0,0,0,0,0,0,0,1,0,0
6.90875477931522,0.0,0,32,3,0.0,1.6094379124341003,0,1,0,0,0.9,0,0,0,0,0,0,0,0,0,0,0,0,0,0,0,0,0,0,0,0,0,0,0,0,0,0,1,0,0,0,0,1,0,0,0,0,0,0,0
7.59890045687141,0.0,0,109,10,0.0,7.59890045687141,1,1,1,0,0.81,0,0,0,0,0,0,0,0,0,0,0,0,0,0,0,0,0,0,0,0,0,0,0,0,0,0,1,0,0,0,1,0,0,0,0,0,0,0,0
7.59890045687141,0.0,0,107,10,0.0,7.59890045687141,1,1,1,0,0.8061224489795918,0,0,0,0,0,0,0,0,0,0,0,0,0,0,0,0,0,0,0,0,0,0,0,0,0,0,1,0,0,0,1,0,0,0,0,0,0,0,0
7.687538766201629,0.0,0,69,12,2.8903717578961645,1.3862943611198906,0,0,0,0,0.6379310344827587,0,0,0,0,0,0,0,0,0,0,0,0,0,0,0,0,0,0,0,0,0,0,0,0,0,0,1,0,0,0,1,0,0,0,0,0,0,0,0
7.650168700845001,0.0,0,81,8,0.0,0.0,0,1,0,0,0.918918918918919,0,0,0,0,0,0,0,0,0,0,0,0,0,0,0,0,0,0,0,0,0,0,0,0,0,0,1,0,0,0,0,0,0,0,1,0,0,0,0
6.19644412779452,0.0,0,43,2,0.0,0.0,1,0,0,0,0.9523809523809523,0,0,0,0,0,0,0,0,0,0,0,0,0,0,0,0,0,0,0,0,0,0,0,0,0,0,1,0,0,0,1,0,0,0,0,0,0,0,0
7.293697720601438,0.0,0,41,2,0.0,0.0,1,0,0,0,0.95,0,0,0,0,0,0,0,0,0,0,0,0,0,0,0,0,0,0,0,0,0,0,0,0,0,0,1,0,0,0,1,0,0,0,0,0,0,0,0
6.154858094016418,0.0,0,75,6,0.0,4.61512051684126,0,1,0,0,0.9285714285714286,0,0,0,0,0,0,0,0,0,0,0,0,0,0,0,0,0,0,0,0,0,0,0,0,0,0,1,0,0,0,0,1,0,0,0,0,0,0,0
6.133398042996649,0.0,0,86,12,0.0,2.772588722239781,0,1,0,0,0.9066666666666666,0,0,0,0,0,0,0,0,0,0,0,0,0,0,0,0,0,0,0,0,0,0,0,0,0,0,1,0,0,0,0,1,0,0,0,0,0,0,0
5.442417710521793,0.0,0,110,13,0.0,0.6931471805599453,0,1,1,1,0.875,0,0,0,0,0,0,0,0,0,0,0,0,0,0,0,0,0,0,0,0,0,0,0,0,0,0,1,0,0,0,1,0,0,0,0,0,0,0,0
5.5254529391317835,0.0,0,7,2,0.0,0.0,0,0,0,0,0.0,0,0,0,0,0,0,0,0,0,0,0,0,0,0,0,0,0,0,0,0,0,0,0,0,0,0,1,0,0,0,0,0,0,0,0,0,0,0,1
7.300472814267799,0.0,0,105,10,0.0,0.0,0,0,0,0,0.59375,0,0,0,0,0,0,0,0,0,0,0,0,0,0,0,0,0,0,0,0,0,0,0,0,0,0,1,0,0,0,0,0,0,0,1,0,0,0,0
5.726847747587197,0.0,0,83,7,0.0,0.0,0,0,0,0,0.8648648648648649,0,0,0,0,0,0,0,0,0,0,0,0,0,0,0,0,0,0,0,0,0,0,0,0,0,0,1,0,0,0,1,0,0,0,0,0,0,0,0
7.286191714702382,0.0,0,101,12,0.0,3.4339872044851463,0,1,0,0,0.8555555555555555,0,0,0,0,0,0,0,0,0,0,0,0,0,0,0,0,0,0,0,0,0,0,0,0,0,0,1,0,0,0,1,0,0,0,0,0,0,0,0
5.857933154483459,0.0,0,86,9,0.0,4.61512051684126,1,0,1,1,0.8461538461538461,0,0,0,0,0,0,0,0,0,0,0,0,0,0,0,0,0,0,0,0,0,0,0,0,0,0,1,0,0,0,1,0,0,0,0,0,0,0,0
5.666426688112432,0.0,0,83,8,0.0,0.0,0,0,0,0,0.47368421052631576,0,0,0,0,0,0,0,0,0,0,0,0,0,0,0,0,0,0,0,0,0,0,0,0,0,0,1,0,0,0,1,0,0,0,0,0,0,0,0
5.480638923341991,0.0,0,71,10,0.0,0.0,0,0,1,0,0.7258064516129032,0,0,0,0,0,0,0,0,0,0,0,0,0,0,0,0,0,0,0,0,0,0,0,0,0,0,1,0,0,0,1,0,0,0,0,0,0,0,0
4.574710978503383,0.0,0,108,12,0.0,3.4339872044851463,1,1,1,0,0.9166666666666666,0,0,0,0,0,0,0,0,0,0,0,0,0,0,0,0,0,0,0,0,0,0,0,0,0,0,1,0,0,0,0,0,0,1,0,0,0,0,0
5.831882477283517,0.0,0,30,4,0.0,1.0986122886681098,0,0,0,0,0.7407407407407407,0,0,0,0,0,0,0,0,0,0,0,0,0,0,0,0,0,0,0,0,0,0,0,0,0,0,1,0,0,0,0,1,0,0,0,0,0,0,0
7.409136443920128,0.0,0,145,17,0.0,2.3978952727983707,0,1,0,0,0.7674418604651163,0,0,0,0,0,0,0,0,0,0,0,0,0,0,0,0,0,0,0,0,0,0,0,0,0,0,1,0,0,0,1,0,0,0,0,0,0,0,0
7.409136443920128,0.0,0,145,17,0.0,2.3978952727983707,0,1,0,0,0.7674418604651163,0,0,0,0,0,0,0,0,0,0,0,0,0,0,0,0,0,0,0,0,0,0,0,0,0,0,1,0,0,0,1,0,0,0,0,0,0,0,0
5.860786223465865,0.0,0,58,4,0.0,0.0,0,0,1,0,0.7272727272727273,0,0,0,0,0,0,0,0,0,0,0,0,0,0,0,0,0,0,0,0,0,0,0,0,0,0,1,0,0,0,0,0,1,0,0,0,0,0,0
6.478509642208569,0.0,0,60,4,0.0,1.791759469228055,0,0,0,0,0.8596491228070176,0,0,0,0,0,0,0,0,0,0,0,0,0,0,0,0,0,0,0,0,0,0,0,0,0,0,1,0,0,0,0,0,0,1,0,0,0,0,0
4.700480365792417,0.0,0,38,5,7.715569534520208,0.0,0,0,0,0,0.6470588235294118,0,0,0,0,0,0,0,0,0,0,0,0,0,0,0,0,0,0,0,0,0,0,0,0,0,0,1,0,0,0,1,0,0,0,0,0,0,0,0
5.968707559985366,0.0,0,23,3,2.6390573296152584,0.0,0,0,0,0,0.7619047619047619,0,0,0,0,0,0,0,0,0,0,0,0,0,0,0,0,0,0,0,0,0,0,0,0,0,0,1,0,0,0,1,0,0,0,0,0,0,0,0
5.278114659230517,0.0,0,103,13,2.0794415416798357,0.0,0,0,1,0,0.7,0,0,0,0,0,0,0,0,0,0,0,0,0,0,0,0,0,0,0,0,0,0,0,0,0,0,1,0,0,0,1,0,0,0,0,0,0,0,0
4.0943445622221,0.0,0,45,6,4.997212273764115,3.4339872044851463,0,1,0,0,0.95,0,0,0,0,0,0,0,0,0,0,0,0,0,0,0,0,0,0,0,0,0,0,0,0,0,0,1,0,0,0,1,0,0,0,0,0,0,0,0
5.351858133476067,0.0,0,76,10,3.6109179126442243,2.3978952727983707,0,1,0,0,0.8387096774193549,0,0,0,0,0,0,0,0,0,0,0,0,0,0,0,0,0,0,0,0,0,0,0,0,0,0,1,0,0,0,1,0,0,0,0,0,0,0,0
5.442417710521793,0.0,0,103,11,0.0,0.0,0,1,0,0,0.9247311827956989,0,0,0,0,0,0,0,0,0,0,0,0,0,0,0,0,0,0,0,0,0,0,0,0,0,0,1,0,0,0,1,0,0,0,0,0,0,0,0
5.968707559985366,0.0,0,64,9,0.0,4.61512051684126,0,0,1,0,0.6428571428571429,0,0,0,0,0,0,0,0,0,0,0,0,0,0,0,0,0,0,0,0,0,0,0,0,0,0,1,0,0,0,1,0,0,0,0,0,0,0,0
8.128880142125638,0.0,0,98,15,1.9459101490553132,1.9459101490553132,0,0,0,0,0.75,0,0,0,0,0,0,0,0,0,0,0,0,0,0,0,0,0,0,0,0,0,0,0,0,0,0,1,0,0,0,1,0,0,0,0,0,0,0,0
5.5093883366279774,0.0,0,100,10,7.81237820598861,4.61512051684126,0,1,1,0,0.7362637362637363,0,0,0,0,0,0,0,0,0,0,0,0,0,0,0,0,0,0,0,0,0,0,0,0,0,0,1,0,0,0,0,0,0,1,0,0,0,0,0
5.831882477283517,0.0,0,26,4,3.4657359027997265,3.044522437723423,0,1,0,1,0.4782608695652174,0,0,0,0,0,0,0,0,0,0,0,0,0,0,0,0,0,0,0,0,0,0,0,0,0,0,1,0,0,0,1,0,0,0,0,0,0,0,0
4.700480365792417,0.0,0,63,10,3.4965075614664802,1.791759469228055,0,1,0,0,0.7592592592592593,0,0,0,0,0,0,0,0,0,0,0,0,0,0,0,0,0,0,0,0,0,0,0,0,0,0,1,0,0,0,0,0,0,1,0,0,0,0,0
5.484796933490655,0.0,0,94,12,0.0,4.61512051684126,0,1,0,0,0.8554216867469879,0,0,0,0,0,0,0,0,0,0,0,0,0,0,0,0,0,0,0,0,0,0,0,0,0,0,1,0,0,0,1,0,0,0,0,0,0,0,0
6.415096959171596,0.0,0,81,12,3.4339872044851463,0.0,0,0,0,0,0.7,0,0,0,0,0,0,0,0,0,0,0,0,0,0,0,0,0,0,0,0,0,0,0,0,0,0,1,0,0,0,1,0,0,0,0,0,0,0,0
5.3471075307174685,0.0,0,74,9,6.480044561926653,4.61512051684126,0,0,1,0,0.7424242424242424,0,0,0,0,0,0,0,0,0,0,0,0,0,0,0,0,0,0,0,0,0,0,0,0,0,0,1,0,0,0,1,0,0,0,0,0,0,0,0
5.860786223465865,0.0,0,79,8,3.091042453358316,0.6931471805599453,0,0,1,1,0.7887323943661971,0,0,0,0,0,0,0,0,0,0,0,0,0,0,0,0,0,0,0,0,0,0,0,0,0,0,1,0,0,0,1,0,0,0,0,0,0,0,0
5.298317366548036,0.0,0,83,10,0.0,4.795790545596741,1,0,0,0,0.7432432432432432,0,0,0,0,0,0,0,0,0,0,0,0,0,0,0,0,0,0,0,0,0,0,0,0,0,0,1,0,0,0,1,0,0,0,0,0,0,0,0
5.673323267171493,0.0,0,73,6,0.0,1.3862943611198906,0,1,0,0,0.8805970149253731,0,0,0,0,0,0,0,0,0,0,0,0,0,0,0,0,0,0,0,0,0,0,0,0,0,0,1,0,0,0,0,0,0,1,0,0,0,0,0
5.703782474656201,0.0,0,130,11,6.230481447578482,2.3978952727983707,0,1,1,0,0.675,0,0,0,0,0,0,0,0,0,0,0,0,0,0,0,0,0,0,0,0,0,0,0,0,0,0,1,0,0,0,0,0,0,1,0,0,0,0,0
5.303304908059076,0.0,0,126,14,0.0,0.0,0,0,1,0,0.8611111111111112,0,0,0,0,0,0,0,0,0,0,0,0,0,0,0,0,0,0,0,0,0,0,0,0,0,0,1,0,0,0,1,0,0,0,0,0,0,0,0
6.478509642208569,0.0,0,27,2,3.332204510175204,3.713572066704308,0,0,0,0,0.6923076923076923,0,0,0,0,0,0,0,0,0,0,0,0,0,0,0,0,0,0,0,0,0,0,0,0,0,0,1,0,0,0,1,0,0,0,0,0,0,0,0
5.968707559985366,0.0,0,136,19,1.791759469228055,2.3978952727983707,0,1,0,0,0.8220338983050848,0,0,0,0,0,0,0,0,0,0,0,0,0,0,0,0,0,0,0,0,0,0,0,0,0,0,1,0,0,0,0,0,0,1,0,0,0,0,0
5.19295685089021,0.0,0,84,9,7.347943823148687,4.795790545596741,1,0,0,0,0.631578947368421,0,0,0,0,0,0,0,0,0,0,0,0,0,0,0,0,0,0,0,0,0,0,0,0,0,0,1,0,0,0,1,0,0,0,0,0,0,0,0
5.438079308923196,0.0,0,116,11,2.995732273553991,4.727387818712341,1,1,0,0,0.6509433962264151,0,0,0,0,0,0,0,0,0,0,0,0,0,0,0,0,0,0,0,0,0,0,0,0,0,0,1,0,0,0,1,0,0,0,0,0,0,0,0
6.077642243349034,0.0,0,58,5,0.0,0.0,0,0,0,0,1.0,0,0,0,0,0,0,0,0,0,0,0,0,0,0,0,0,0,0,0,0,0,0,0,0,0,0,1,0,0,0,0,0,1,0,0,0,0,0,0
4.7535901911063645,0.0,0,57,5,7.146772179452637,0.0,0,0,0,0,0.7735849056603774,0,0,0,0,0,0,0,0,0,0,0,0,0,0,0,0,0,0,0,0,0,0,0,0,0,0,1,0,0,0,1,0,0,0,0,0,0,0,0
6.898714534329988,0.0,0,91,9,2.6390573296152584,1.3862943611198906,0,1,0,0,0.8554216867469879,0,0,0,0,0,0,0,0,0,0,0,0,0,0,0,0,0,0,0,0,0,0,0,0,0,0,1,0,0,0,1,0,0,0,0,0,0,0,0
4.948759890378168,0.0,0,139,3,5.10594547390058,3.1354942159291497,1,1,0,0,0.9562043795620438,0,0,0,0,0,0,0,0,0,0,0,0,0,0,0,0,0,0,0,0,0,0,0,0,0,0,1,0,0,0,0,0,0,0,1,0,0,0,0
4.8283137373023015,0.0,0,90,15,9.210340371976184,2.772588722239781,0,1,1,0,0.8947368421052632,0,0,0,0,0,0,0,0,0,0,0,0,0,0,0,0,0,0,0,0,0,0,0,0,0,0,1,0,0,0,0,0,0,0,0,0,1,0,0
4.442651256490317,0.0,0,32,2,9.210340371976184,0.0,0,1,0,0,0.7096774193548387,0,0,0,0,0,0,0,0,0,0,0,0,0,0,0,0,0,0,0,0,0,0,0,0,0,0,1,0,0,0,1,0,0,0,0,0,0,0,0
6.684611727667927,0.0,0,48,4,3.8501476017100584,0.0,0,0,0,0,0.6888888888888889,0,0,0,0,0,0,0,0,0,0,0,0,0,0,0,0,0,0,0,0,0,0,0,0,0,0,1,0,0,0,1,0,0,0,0,0,0,0,0
3.713572066704308,0.0,0,32,4,5.017279836814924,0.0,0,0,0,0,0.6896551724137931,0,0,0,0,0,0,0,0,0,0,0,0,0,0,0,0,0,0,0,0,0,0,0,0,0,0,1,0,0,0,0,0,0,0,0,0,1,0,0
5.560681631015528,0.0,0,73,8,2.995732273553991,0.0,0,0,1,0,0.9090909090909091,0,0,0,0,0,0,0,0,0,0,0,0,0,0,0,0,0,0,0,0,0,0,0,0,0,0,1,0,0,0,1,0,0,0,0,0,0,0,0
4.867534450455582,0.0,0,42,8,4.912654885736052,1.791759469228055,0,1,0,0,0.6,0,0,0,0,0,0,0,0,0,0,0,0,0,0,0,0,0,0,0,0,0,0,0,0,0,0,1,0,0,0,1,0,0,0,0,0,0,0,0
5.017279836814924,0.0,0,35,7,0.0,0.0,0,0,0,0,0.7931034482758621,0,0,0,0,0,0,0,0,0,0,0,0,0,0,0,0,0,0,0,0,0,0,0,0,0,0,1,0,0,0,0,0,0,0,0,0,1,0,0
5.66988092298052,0.0,0,93,16,0.0,3.4339872044851463,0,1,0,0,0.8461538461538461,0,0,0,0,0,0,0,0,0,0,0,0,0,0,0,0,0,0,0,0,0,0,0,0,0,0,1,0,0,0,1,0,0,0,0,0,0,0,0
5.298317366548036,0.0,0,18,2,5.111987788356544,0.0,0,0,0,0,0.5882352941176471,0,0,0,0,0,0,0,0,0,0,0,0,0,0,0,0,0,0,0,0,0,0,0,0,0,0,1,0,0,0,0,0,0,1,0,0,0,0,0
5.860786223465865,0.0,0,61,6,1.791759469228055,2.3978952727983707,0,0,0,0,0.8035714285714286,0,0,0,0,0,0,0,0,0,0,0,0,0,0,0,0,0,0,0,0,0,0,0,0,0,0,1,0,0,0,0,0,0,1,0,0,0,0,0
4.795790545596741,0.0,0,35,6,5.351858133476067,2.3978952727983707,0,1,0,0,0.6206896551724138,0,0,0,0,0,0,0,0,0,0,0,0,0,0,0,0,0,0,0,0,0,0,0,0,0,0,1,0,0,0,0,0,0,1,0,0,0,0,0
5.393627546352362,0.0,0,28,2,7.617759576608505,0.6931471805599453,0,1,0,0,0.7407407407407407,0,0,0,0,0,0,0,0,0,0,0,0,0,0,0,0,0,0,0,0,0,0,0,0,0,0,1,0,0,0,1,0,0,0,0,0,0,0,0
5.484796933490655,0.0,0,95,12,4.394449154672439,4.61512051684126,0,1,0,0,0.8452380952380952,0,0,0,0,0,0,0,0,0,0,0,0,0,0,0,0,0,0,0,0,0,0,0,0,0,0,1,0,0,0,1,0,0,0,0,0,0,0,0
7.438971592395862,0.0,0,74,10,0.0,0.0,0,0,0,0,0.8387096774193549,0,0,0,0,0,0,0,0,0,0,0,0,0,0,0,1,0,0,0,0,0,0,0,0,0,0,0,0,0,0,1,0,0,0,0,0,0,0,0
7.495541943884256,0.0,0,148,22,0.0,6.311734809152915,1,0,0,0,0.5826771653543307,0,0,0,0,0,0,0,0,0,0,0,0,0,0,0,1,0,0,0,0,0,0,0,0,0,0,0,0,0,0,0,0,1,0,0,0,0,0,0
7.495541943884256,0.0,0,146,20,0.0,6.311734809152915,1,0,0,0,0.5905511811023622,0,0,0,0,0,0,0,0,0,0,0,0,0,0,0,1,0,0,0,0,0,0,0,0,0,0,0,0,0,0,0,0,1,0,0,0,0,0,0
7.495541943884256,0.0,0,137,19,0.0,6.311734809152915,1,0,0,0,0.5462184873949579,0,0,0,0,0,0,0,0,0,0,0,0,0,0,0,1,0,0,0,0,0,0,0,0,0,0,0,0,0,0,0,0,1,0,0,0,0,0,0
6.802394763324311,0.0,0,142,11,0.0,2.70805020110221,0,0,0,0,0.7121212121212122,0,0,0,0,0,0,0,0,0,0,0,0,0,0,0,1,0,0,0,0,0,0,0,0,0,0,0,0,0,0,0,0,1,0,0,0,0,0,0
7.495541943884256,0.0,0,140,18,0.0,6.311734809152915,0,0,0,0,0.5691056910569106,0,0,0,0,0,0,0,0,0,0,0,0,0,0,0,1,0,0,0,0,0,0,0,0,0,0,0,0,0,0,0,0,1,0,0,0,0,0,0
7.495541943884256,0.0,0,144,20,0.0,6.311734809152915,1,0,0,0,0.584,0,0,0,0,0,0,0,0,0,0,0,0,0,0,0,1,0,0,0,0,0,0,0,0,0,0,0,0,0,0,0,0,1,0,0,0,0,0,0
7.495541943884256,0.0,0,139,20,0.0,6.311734809152915,1,0,0,0,0.5916666666666667,0,0,0,0,0,0,0,0,0,0,0,0,0,0,0,1,0,0,0,0,0,0,0,0,0,0,0,0,0,0,0,0,1,0,0,0,0,0,0
7.438971592395862,0.0,0,74,10,4.23410650459726,0.0,0,0,0,0,0.8387096774193549,0,0,0,0,0,0,0,0,0,0,0,0,0,0,0,1,0,0,0,0,0,0,0,0,0,0,0,0,0,0,1,0,0,0,0,0,0,0,0
6.9930151229329605,0.0,0,133,18,0.0,1.3862943611198906,0,1,0,1,0.5948275862068966,0,0,0,0,0,0,0,0,0,0,0,0,0,0,0,1,0,0,0,0,0,0,0,0,0,0,0,0,0,0,1,0,0,0,0,0,0,0,0
7.4318919168078,0.0,0,126,16,0.0,0.6931471805599453,0,0,0,1,0.5545454545454546,0,0,0,0,0,0,0,0,0,0,0,0,0,0,0,1,0,0,0,0,0,0,0,0,0,0,0,0,0,0,1,0,0,0,0,0,0,0,0
7.0825485693553,0.0,0,47,5,0.0,7.0825485693553,0,1,0,0,0.7209302325581395,0,0,0,0,0,0,0,0,0,0,0,0,0,0,0,1,0,0,0,0,0,0,0,0,0,0,0,0,0,0,0,0,1,0,0,0,0,0,0
7.208600337960199,0.0,0,56,5,0.0,3.4339872044851463,0,1,0,0,0.75,0,0,0,0,0,0,0,0,0,0,0,0,0,0,0,1,0,0,0,0,0,0,0,0,0,0,0,0,0,0,0,1,0,0,0,0,0,0,0
7.313886831633462,0.0,0,55,5,0.0,0.0,0,0,0,0,0.8823529411764706,0,0,0,0,0,0,0,0,0,0,0,0,0,0,0,1,0,0,0,0,0,0,0,0,0,0,0,0,0,0,1,0,0,0,0,0,0,0,0
6.8658910748834385,0.0,0,56,5,0.0,7.613818684808629,0,0,0,0,0.4423076923076923,0,0,0,0,0,0,0,0,0,0,0,0,0,0,0,1,0,0,0,0,0,0,0,0,0,0,0,0,0,0,0,0,0,1,0,0,0,0,0
6.8658910748834385,0.0,0,56,5,0.0,7.613818684808629,0,0,0,0,0.4423076923076923,0,0,0,0,0,0,0,0,0,0,0,0,0,0,0,1,0,0,0,0,0,0,0,0,0,0,0,0,0,0,0,0,0,1,0,0,0,0,0
7.0825485693553,0.0,0,59,7,0.0,3.044522437723423,0,1,0,1,0.8490566037735849,0,0,0,0,0,0,0,0,0,0,0,0,0,0,0,1,0,0,0,0,0,0,0,0,0,0,0,0,0,0,0,0,0,0,0,0,0,0,1
8.003028666384733,0.0,0,143,23,0.0,6.660575149839686,0,0,0,0,0.49586776859504134,0,0,0,0,0,0,0,0,0,0,0,0,0,0,0,1,0,0,0,0,0,0,0,0,0,0,0,0,0,0,0,0,1,0,0,0,0,0,0
6.792344427470809,0.0,0,30,3,0.0,1.3862943611198906,0,1,0,0,0.5714285714285714,0,0,0,0,0,0,0,0,0,0,0,0,0,0,0,1,0,0,0,0,0,0,0,0,0,0,0,0,0,0,0,1,0,0,0,0,0,0,0
7.151485463904735,0.0,0,74,10,3.091042453358316,0.0,0,0,0,0,0.8387096774193549,0,0,0,0,0,0,0,0,0,0,0,0,0,0,0,1,0,0,0,0,0,0,0,0,0,0,0,0,0,0,1,0,0,0,0,0,0,0,0
7.438971592395862,0.0,0,78,5,0.0,2.70805020110221,0,1,0,0,0.918918918918919,0,0,0,0,0,0,0,0,0,0,0,0,0,0,0,1,0,0,0,0,0,0,0,0,0,0,0,0,0,0,0,0,0,0,0,0,1,0,0
8.003363058629947,0.0,0,42,1,0.0,1.0986122886681098,1,0,0,1,0.7857142857142857,0,0,0,0,0,0,0,0,0,0,0,0,0,0,0,1,0,0,0,0,0,0,0,0,0,0,0,0,0,0,0,0,0,0,1,0,0,0,0
4.51085950651685,0.0,0,41,5,0.0,0.0,0,0,0,0,0.0,0,0,0,0,0,0,0,0,0,0,0,0,0,0,0,1,0,0,0,0,0,0,0,0,0,0,0,0,0,0,1,0,0,0,0,0,0,0,0
5.703782474656201,0.0,0,57,10,0.0,0.0,0,0,0,0,0.375,0,0,0,0,0,0,0,0,0,0,0,0,0,0,0,1,0,0,0,0,0,0,0,0,0,0,0,0,0,0,1,0,0,0,0,0,0,0,0
7.427144133408616,0.0,0,79,7,0.0,0.0,0,0,0,0,0.726027397260274,0,0,0,0,0,0,0,0,0,0,0,0,0,0,0,1,0,0,0,0,0,0,0,0,0,0,0,0,0,0,1,0,0,0,0,0,0,0,0
6.470799503782602,0.0,0,82,12,0.0,2.0794415416798357,0,1,0,0,0.647887323943662,0,0,0,0,0,0,0,0,0,0,0,0,0,0,0,1,0,0,0,0,0,0,0,0,0,0,0,0,0,0,1,0,0,0,0,0,0,0,0
6.864064590357404,0.0,0,76,9,3.044522437723423,0.0,0,0,0,0,0.7164179104477612,0,0,0,0,0,0,0,0,0,0,0,0,0,0,0,1,0,0,0,0,0,0,0,0,0,0,0,0,0,0,1,0,0,0,0,0,0,0,0
5.857933154483459,0.0,0,97,12,0.0,2.3978952727983707,0,1,0,0,0.6744186046511628,0,0,0,0,0,0,0,0,0,0,0,0,0,0,0,1,0,0,0,0,0,0,0,0,0,0,0,0,0,0,1,0,0,0,0,0,0,0,0
6.928537818164665,0.0,0,100,14,0.0,6.5722825426940075,0,0,1,0,0.45977011494252873,0,0,0,0,0,0,0,0,0,0,0,0,0,0,0,1,0,0,0,0,0,0,0,0,0,0,0,0,0,0,0,0,1,0,0,0,0,0,0
7.208600337960199,0.0,0,45,1,0.0,4.61512051684126,0,0,1,0,0.6666666666666666,0,0,0,0,0,0,0,0,0,0,0,0,0,0,0,1,0,0,0,0,0,0,0,0,0,0,0,0,0,0,1,0,0,0,0,0,0,0,0
4.0943445622221,0.0,0,23,1,2.3978952727983707,0.0,0,0,0,0,1.0,0,0,0,0,0,0,0,0,0,0,0,0,0,0,0,1,0,0,0,0,0,0,0,0,0,0,0,0,0,0,0,0,0,0,0,0,0,0,1
6.877296071497429,0.0,0,93,10,0.0,2.70805020110221,0,1,0,0,0.38095238095238093,0,0,0,0,0,0,0,0,0,0,0,0,0,0,0,1,0,0,0,0,0,0,0,0,0,0,0,0,0,0,1,0,0,0,0,0,0,0,0
6.78105762593618,0.0,0,39,5,0.0,6.2166061010848646,0,0,0,0,0.4857142857142857,0,0,0,0,0,0,0,0,0,0,0,0,0,0,0,1,0,0,0,0,0,0,0,0,0,0,0,0,0,0,1,0,0,0,0,0,0,0,0
8.033009498596668,0.0,0,95,8,0.0,1.791759469228055,0,0,0,0,0.8522727272727273,0,0,0,0,0,0,0,0,0,0,0,0,0,0,0,1,0,0,0,0,0,0,0,0,0,0,0,0,0,0,1,0,0,0,0,0,0,0,0
8.033009498596668,0.0,0,95,8,0.0,1.791759469228055,0,0,0,0,0.8522727272727273,0,0,0,0,0,0,0,0,0,0,0,0,0,0,0,1,0,0,0,0,0,0,0,0,0,0,0,0,0,0,1,0,0,0,0,0,0,0,0
7.061334366910438,0.0,0,100,12,0.0,2.3978952727983707,0,1,0,0,0.7191011235955056,0,0,0,0,0,0,0,0,0,0,0,0,0,0,0,1,0,0,0,0,0,0,0,0,0,0,0,0,0,0,1,0,0,0,0,0,0,0,0
6.658011045870748,0.0,0,100,12,0.0,2.3978952727983707,0,1,0,0,0.7191011235955056,0,0,0,0,0,0,0,0,0,0,0,0,0,0,0,1,0,0,0,0,0,0,0,0,0,0,0,0,0,0,1,0,0,0,0,0,0,0,0
5.966146739123692,0.0,0,100,12,0.0,2.3978952727983707,0,1,0,0,0.7191011235955056,0,0,0,0,0,0,0,0,0,0,0,0,0,0,0,1,0,0,0,0,0,0,0,0,0,0,0,0,0,0,1,0,0,0,0,0,0,0,0
7.003065458786462,0.0,0,46,6,3.7376696182833684,2.70805020110221,0,1,0,0,0.325,0,0,0,0,0,0,0,0,0,0,0,0,0,0,0,1,0,0,0,0,0,0,0,0,0,0,0,0,0,0,0,0,0,0,0,0,1,0,0
7.43543801981455,0.0,0,58,9,0.0,2.70805020110221,0,1,0,0,0.5,0,0,0,0,0,0,0,0,0,0,0,0,0,0,0,1,0,0,0,0,0,0,0,0,0,0,0,0,0,0,1,0,0,0,0,0,0,0,0
5.0106352940962555,0.0,0,110,14,0.0,0.0,0,1,0,0,0.6804123711340206,0,0,0,0,0,0,0,0,0,0,0,0,0,0,0,1,0,0,0,0,0,0,0,0,0,0,0,0,0,0,1,0,0,0,0,0,0,0,0
5.075173815233827,0.0,0,109,12,5.652489180268651,0.0,1,0,0,0,0.7938144329896907,0,0,0,0,0,0,0,0,0,0,0,0,0,0,0,1,0,0,0,0,0,0,0,0,0,0,0,0,0,0,1,0,0,0,0,0,0,0,0
3.4965075614664802,0.0,0,121,14,5.0238805208462765,3.258096538021482,0,1,0,0,0.6481481481481481,0,0,0,0,0,0,0,0,0,0,0,0,0,0,0,1,0,0,0,0,0,0,0,0,0,0,0,0,0,0,0,0,1,0,0,0,0,0,0
5.298317366548036,0.0,0,52,5,0.0,0.0,0,0,0,0,0.3958333333333333,0,0,0,0,0,0,0,0,0,0,0,0,0,0,0,1,0,0,0,0,0,0,0,0,0,0,0,0,0,0,1,0,0,0,0,0,0,0,0
5.135798437050262,0.0,0,143,15,7.2682230211595655,0.0,1,0,0,0,0.7906976744186046,0,0,0,0,0,0,0,0,0,0,0,0,0,0,0,1,0,0,0,0,0,0,0,0,0,0,0,0,0,0,1,0,0,0,0,0,0,0,0
5.0106352940962555,0.0,0,117,14,0.0,0.0,0,1,0,0,0.625,0,0,0,0,0,0,0,0,0,0,0,0,0,0,0,1,0,0,0,0,0,0,0,0,0,0,0,0,0,0,1,0,0,0,0,0,0,0,0
5.560681631015528,0.0,0,133,16,6.55250788703459,5.707110264748875,1,0,0,0,0.6271186440677966,0,0,0,0,0,0,0,0,0,0,0,0,0,0,0,1,0,0,0,0,0,0,0,0,0,0,0,0,0,0,1,0,0,0,0,0,0,0,0
5.017279836814924,0.0,0,29,1,7.3277805384216315,0.0,0,1,0,0,0.896551724137931,0,0,0,0,0,0,0,0,0,0,0,0,0,0,0,1,0,0,0,0,0,0,0,0,0,0,0,0,0,0,1,0,0,0,0,0,0,0,0
6.111467339502679,0.0,0,115,12,0.0,0.0,0,0,0,0,0.6019417475728155,0,0,0,0,0,0,0,0,0,0,0,0,0,0,0,1,0,0,0,0,0,0,0,0,0,0,0,0,0,0,1,0,0,0,0,0,0,0,0
6.3818160174060985,0.0,0,52,5,0.0,0.0,1,0,0,0,1.0,0,0,0,0,0,0,0,0,0,0,0,0,0,0,0,1,0,0,0,0,0,0,0,0,0,0,0,0,0,0,0,0,0,0,0,0,1,0,0
7.151485463904735,0.0,0,113,13,0.0,0.0,0,0,0,0,0.7920792079207921,0,0,0,0,0,0,0,0,0,0,0,0,0,0,0,1,0,0,0,0,0,0,0,0,0,0,0,0,0,0,0,0,1,0,0,0,0,0,0
4.04305126783455,0.0,0,60,4,0.0,0.0,1,0,0,0,0.7543859649122807,0,0,0,0,0,0,0,0,0,0,0,0,0,0,0,1,0,0,0,0,0,0,0,0,0,0,0,0,0,0,1,0,0,0,0,0,0,0,0
4.499809670330265,0.0,0,129,18,5.627621113690637,5.303304908059076,1,0,0,0,0.625,0,0,0,0,0,0,0,0,0,0,0,0,0,0,0,1,0,0,0,0,0,0,0,0,0,0,0,0,0,0,1,0,0,0,0,0,0,0,0
5.860786223465865,0.0,0,87,9,0.0,0.0,0,0,0,0,0.4675324675324675,0,0,0,0,0,0,0,0,0,0,0,0,0,0,0,1,0,0,0,0,0,0,0,0,0,0,0,0,0,0,1,0,0,0,0,0,0,0,0
5.075173815233827,0.0,0,109,12,6.761572768804055,0.0,1,0,0,0,0.7938144329896907,0,0,0,0,0,0,0,0,0,0,0,0,0,0,0,1,0,0,0,0,0,0,0,0,0,0,0,0,0,0,1,0,0,0,0,0,0,0,0
7.215975002651466,0.0,0,107,13,0.0,0.0,0,0,0,0,0.8,0,0,0,0,0,0,0,0,0,0,0,0,0,0,0,1,0,0,0,0,0,0,0,0,0,0,0,0,0,0,1,0,0,0,0,0,0,0,0
7.215975002651466,0.0,0,107,13,3.367295829986474,0.0,0,0,0,0,0.8,0,0,0,0,0,0,0,0,0,0,0,0,0,0,0,1,0,0,0,0,0,0,0,0,0,0,0,0,0,0,1,0,0,0,0,0,0,0,0
3.295836866004329,0.0,0,70,3,9.210340371976184,0.0,0,1,0,0,0.9705882352941176,0,0,0,0,0,0,0,0,0,0,0,0,0,0,0,1,0,0,0,0,0,0,0,0,0,0,0,0,0,0,1,0,0,0,0,0,0,0,0
5.135798437050262,0.0,0,143,15,2.70805020110221,0.0,1,0,0,0,0.7906976744186046,0,0,0,0,0,0,0,0,0,0,0,0,0,0,0,1,0,0,0,0,0,0,0,0,0,0,0,0,0,0,1,0,0,0,0,0,0,0,0
5.017279836814924,0.0,0,110,18,5.7430031878094825,4.394449154672439,1,0,0,1,0.5591397849462365,0,0,0,0,0,0,0,0,0,0,0,0,0,0,0,1,0,0,0,0,0,0,0,0,0,0,0,0,0,0,1,0,0,0,0,0,0,0,0
5.075173815233827,0.0,0,143,15,0.0,0.0,1,0,0,0,0.7906976744186046,0,0,0,0,0,0,0,0,0,0,0,0,0,0,0,1,0,0,0,0,0,0,0,0,0,0,0,0,0,0,1,0,0,0,0,0,0,0,0
5.940171252720432,0.0,0,101,15,5.849324779946859,0.6931471805599453,1,0,0,0,0.5632183908045977,0,0,0,0,0,0,0,0,0,0,0,0,0,0,0,1,0,0,0,0,0,0,0,0,0,0,0,0,0,0,1,0,0,0,0,0,0,0,0
5.075173815233827,0.0,0,102,15,8.329416783939319,5.303304908059076,1,0,0,0,0.5568181818181818,0,0,0,0,0,0,0,0,0,0,0,0,0,0,0,1,0,0,0,0,0,0,0,0,0,0,0,0,0,0,1,0,0,0,0,0,0,0,0
5.075173815233827,0.0,0,131,14,5.786897381366708,0.0,1,0,0,0,0.7711864406779662,0,0,0,0,0,0,0,0,0,0,0,0,0,0,0,1,0,0,0,0,0,0,0,0,0,0,0,0,0,0,1,0,0,0,0,0,0,0,0
4.605170185988092,0.0,0,142,14,3.044522437723423,0.0,1,0,0,0,0.6666666666666666,0,0,0,0,0,0,0,0,0,0,0,0,0,0,0,1,0,0,0,0,0,0,0,0,0,0,0,0,0,0,1,0,0,0,0,0,0,0,0
6.476972362889683,0.0,0,76,9,2.0794415416798357,0.0,0,0,0,0,0.7794117647058824,0,0,0,0,0,0,0,0,0,0,0,0,0,0,0,1,0,0,0,0,0,0,0,0,0,0,0,0,0,0,1,0,0,0,0,0,0,0,0
5.638354669333745,0.0,0,37,6,0.0,0.0,0,0,0,0,1.0,0,0,0,0,0,0,0,0,0,0,0,0,0,0,0,1,0,0,0,0,0,0,0,0,0,0,0,0,0,0,0,0,0,1,0,0,0,0,0
5.673323267171493,0.0,0,60,9,5.676753802268282,5.968707559985366,1,0,0,0,0.4230769230769231,0,0,0,0,0,0,0,0,0,0,0,0,0,0,0,1,0,0,0,0,0,0,0,0,0,0,0,0,0,0,1,0,0,0,0,0,0,0,0
4.0943445622221,0.0,0,58,9,3.4339872044851463,4.61512051684126,0,0,0,0,0.62,0,0,0,0,0,0,0,0,0,0,0,0,0,0,0,1,0,0,0,0,0,0,0,0,0,0,0,0,0,0,0,0,1,0,0,0,0,0,0
5.703782474656201,0.0,0,113,11,2.1972245773362196,0.0,0,0,1,0,0.7669902912621359,0,0,0,0,0,0,0,0,0,0,0,0,0,0,0,1,0,0,0,0,0,0,0,0,0,0,0,0,0,0,0,0,0,1,0,0,0,0,0
5.135798437050262,0.0,0,143,15,3.58351893845611,0.0,1,0,0,0,0.7906976744186046,0,0,0,0,0,0,0,0,0,0,0,0,0,0,0,1,0,0,0,0,0,0,0,0,0,0,0,0,0,0,1,0,0,0,0,0,0,0,0
5.247024072160486,0.0,0,96,14,4.553876891600541,6.2166061010848646,1,0,0,0,0.6144578313253012,0,0,0,0,0,0,0,0,0,0,0,0,0,0,0,1,0,0,0,0,0,0,0,0,0,0,0,0,0,0,1,0,0,0,0,0,0,0,0
5.802118375377063,0.0,0,84,8,3.5263605246161616,0.0,0,0,0,0,0.8181818181818182,0,0,0,0,0,0,0,0,0,0,0,0,0,0,0,1,0,0,0,0,0,0,0,0,0,0,0,0,0,0,0,0,1,0,0,0,0,0,0
4.663439094112067,0.0,0,67,13,2.302585092994046,4.948759890378168,0,1,0,0,0.5454545454545454,0,0,0,0,0,0,0,0,0,0,0,0,0,0,0,1,0,0,0,0,0,0,0,0,0,0,0,0,0,0,0,0,0,0,1,0,0,0,0
7.151485463904735,0.0,0,97,11,0.0,0.0,0,0,0,0,0.7586206896551724,0,0,0,0,0,0,0,0,0,0,0,0,0,0,0,1,0,0,0,0,0,0,0,0,0,0,0,0,0,0,0,0,1,0,0,0,0,0,0
6.7464121285733745,0.0,0,130,15,0.0,1.791759469228055,0,0,0,0,0.8448275862068966,0,0,0,0,0,0,0,0,0,0,0,0,0,0,0,1,0,0,0,0,0,0,0,0,0,0,0,0,0,0,0,0,0,1,0,0,0,0,0
7.237778191923443,0.0,0,115,16,0.0,2.3978952727983707,0,1,0,0,0.47474747474747475,0,0,0,0,0,0,0,0,0,0,0,0,0,0,0,1,0,0,0,0,0,0,0,0,0,0,0,0,0,0,1,0,0,0,0,0,0,0,0
5.5254529391317835,0.0,0,122,16,6.504288173536645,5.707110264748875,1,0,0,0,0.5233644859813084,0,0,0,0,0,0,0,0,0,0,0,0,0,0,0,1,0,0,0,0,0,0,0,0,0,0,0,0,0,0,1,0,0,0,0,0,0,0,0
6.55250788703459,0.0,0,87,9,0.0,0.0,0,0,0,0,0.4675324675324675,0,0,0,0,0,0,0,0,0,0,0,0,0,0,0,1,0,0,0,0,0,0,0,0,0,0,0,0,0,0,1,0,0,0,0,0,0,0,0
5.135798437050262,0.0,0,131,14,5.786897381366708,0.0,1,0,0,0,0.7711864406779662,0,0,0,0,0,0,0,0,0,0,0,0,0,0,0,1,0,0,0,0,0,0,0,0,0,0,0,0,0,0,1,0,0,0,0,0,0,0,0
5.198497031265826,0.0,0,114,14,0.0,1.791759469228055,0,1,0,0,0.86,0,0,0,0,0,0,0,0,0,0,0,0,0,0,0,0,0,0,0,0,0,0,0,0,0,0,0,0,0,1,1,0,0,0,0,0,0,0,0
6.647688373563329,0.0,0,94,7,0.0,0.0,0,0,0,0,0.8977272727272727,0,0,0,0,0,0,0,0,0,0,0,0,0,0,0,0,0,0,0,0,0,0,0,0,0,0,0,0,0,1,1,0,0,0,0,0,0,0,0
5.831882477283517,0.0,0,108,12,0.0,4.110873864173311,0,1,1,0,0.8541666666666666,0,0,0,0,0,0,0,0,0,0,0,0,0,0,0,0,0,0,0,0,0,0,0,0,0,0,0,0,0,1,0,0,0,0,1,0,0,0,0
5.968707559985366,0.0,0,124,15,0.0,1.0986122886681098,0,0,0,1,0.8636363636363636,0,0,0,0,0,0,0,0,0,0,0,0,0,0,0,0,0,0,0,0,0,0,0,0,0,0,0,0,0,1,0,0,0,1,0,0,0,0,0
7.601402334583733,0.0,0,123,10,0.0,4.110873864173311,0,1,0,0,0.8157894736842105,0,0,0,0,0,0,0,0,0,0,0,0,0,0,0,0,0,0,0,0,0,0,0,0,0,0,0,0,0,1,0,0,0,0,1,0,0,0,0
5.247024072160486,0.0,0,114,10,0.0,0.0,0,0,0,0,1.0,0,0,0,0,0,0,0,0,0,0,0,0,0,0,0,0,0,0,0,0,0,0,0,0,0,0,0,0,0,1,0,0,1,0,0,0,0,0,0
7.596392304064196,0.0,0,56,10,0.0,4.61512051684126,0,0,1,0,0.574468085106383,0,0,0,0,0,0,0,0,0,0,0,0,0,0,0,0,0,0,0,0,0,0,0,0,0,0,0,0,0,1,1,0,0,0,0,0,0,0,0
7.596392304064196,0.0,0,56,10,0.0,4.61512051684126,0,0,1,0,0.574468085106383,0,0,0,0,0,0,0,0,0,0,0,0,0,0,0,0,0,0,0,0,0,0,0,0,0,0,0,0,0,1,1,0,0,0,0,0,0,0,0
6.53813982376767,0.0,0,122,14,0.0,2.3978952727983707,0,1,0,1,0.8073394495412844,0,0,0,0,0,0,0,0,0,0,0,0,0,0,0,0,0,0,0,0,0,0,0,0,0,0,0,0,0,1,1,0,0,0,0,0,0,0,0
6.53813982376767,0.0,0,109,16,0.0,2.3978952727983707,0,1,0,1,0.7741935483870968,0,0,0,0,0,0,0,0,0,0,0,0,0,0,0,0,0,0,0,0,0,0,0,0,0,0,0,0,0,1,1,0,0,0,0,0,0,0,0
6.536691597591305,0.0,0,85,6,0.0,4.110873864173311,0,1,0,0,0.7625,0,0,0,0,0,0,0,0,0,0,0,0,0,0,0,0,0,0,0,0,0,0,0,0,0,0,0,0,0,1,1,0,0,0,0,0,0,0,0
5.602118820879701,0.0,0,87,6,0.0,0.0,0,0,0,0,0.7195121951219512,0,0,0,0,0,0,0,0,0,0,0,0,0,0,0,0,0,0,0,0,0,0,0,0,0,0,0,0,0,1,0,1,0,0,0,0,0,0,0
6.329720905522696,0.0,0,140,15,0.0,4.110873864173311,0,1,1,0,0.8968253968253969,0,0,0,0,0,0,0,0,0,0,0,0,0,0,0,0,0,0,0,0,0,0,0,0,0,0,0,0,0,1,0,0,0,1,0,0,0,0,0
6.715383386334681,0.0,0,115,6,0.0,0.0,0,0,0,0,1.0,0,0,0,0,0,0,0,0,0,0,0,0,0,0,0,0,0,0,0,0,0,0,0,0,0,0,0,0,0,1,0,1,0,0,0,0,0,0,0
6.647688373563329,0.0,0,134,20,0.0,4.110873864173311,0,1,1,0,0.6869565217391305,0,0,0,0,0,0,0,0,0,0,0,0,0,0,0,0,0,0,0,0,0,0,0,0,0,0,0,0,0,1,0,0,0,1,0,0,0,0,0
6.329720905522696,0.0,0,135,20,0.0,4.110873864173311,0,1,1,0,0.6810344827586207,0,0,0,0,0,0,0,0,0,0,0,0,0,0,0,0,0,0,0,0,0,0,0,0,0,0,0,0,0,1,0,0,0,1,0,0,0,0,0
6.329720905522696,0.0,0,135,20,0.0,4.110873864173311,0,1,1,0,0.6810344827586207,0,0,0,0,0,0,0,0,0,0,0,0,0,0,0,0,0,0,0,0,0,0,0,0,0,0,0,0,0,1,0,0,0,1,0,0,0,0,0
4.605170185988092,0.0,0,43,4,0.0,1.0986122886681098,0,0,0,0,0.75,0,0,0,0,0,0,0,0,0,0,0,0,0,0,0,0,0,0,0,0,0,0,0,0,0,0,0,0,0,1,0,1,0,0,0,0,0,0,0
6.647688373563329,0.0,0,115,17,0.0,4.61512051684126,0,1,1,0,0.8282828282828283,0,0,0,0,0,0,0,0,0,0,0,0,0,0,0,0,0,0,0,0,0,0,0,0,0,0,0,0,0,1,0,0,0,1,0,0,0,0,0
6.329720905522696,0.0,0,129,20,0.0,4.110873864173311,0,1,1,0,0.6636363636363637,0,0,0,0,0,0,0,0,0,0,0,0,0,0,0,0,0,0,0,0,0,0,0,0,0,0,0,0,0,1,0,0,0,1,0,0,0,0,0
7.065613363597717,0.0,0,99,14,0.0,4.110873864173311,0,1,1,0,0.8023255813953488,0,0,0,0,0,0,0,0,0,0,0,0,0,0,0,0,0,0,0,0,0,0,0,0,0,0,0,0,0,1,0,0,0,1,0,0,0,0,0
7.890208213109961,0.0,0,82,7,0.0,1.3862943611198906,0,1,0,1,0.8266666666666667,0,0,0,0,0,0,0,0,0,0,0,0,0,0,0,0,0,0,0,0,0,0,0,0,0,0,0,0,0,1,1,0,0,0,0,0,0,0,0
5.198497031265826,0.0,0,109,6,0.0,0.0,0,0,0,0,1.0,0,0,0,0,0,0,0,0,0,0,0,0,0,0,0,0,0,0,0,0,0,0,0,0,0,0,0,0,0,1,1,0,0,0,0,0,0,0,0
5.831882477283517,0.0,0,140,15,0.0,2.3978952727983707,0,0,1,0,0.8253968253968254,0,0,0,0,0,0,0,0,0,0,0,0,0,0,0,0,0,0,0,0,0,0,0,0,0,0,0,0,0,1,0,0,1,0,0,0,0,0,0
5.831882477283517,0.0,0,119,17,0.0,4.110873864173311,0,1,1,0,0.6504854368932039,0,0,0,0,0,0,0,0,0,0,0,0,0,0,0,0,0,0,0,0,0,0,0,0,0,0,0,0,0,1,0,0,0,1,0,0,0,0,0
6.53813982376767,0.0,0,74,7,0.0,4.110873864173311,0,1,0,0,0.8382352941176471,0,0,0,0,0,0,0,0,0,0,0,0,0,0,0,0,0,0,0,0,0,0,0,0,0,0,0,0,0,1,0,0,0,0,0,0,1,0,0
6.327936783729195,0.0,0,73,6,0.0,0.0,0,0,0,0,0.4264705882352941,0,0,0,0,0,0,0,0,0,0,0,0,0,0,0,0,0,0,0,0,0,0,0,0,0,0,0,0,0,1,0,0,0,0,0,0,1,0,0
6.802394763324311,0.0,0,73,12,0.0,1.3862943611198906,0,1,0,1,0.6774193548387096,0,0,0,0,0,0,0,0,0,0,0,0,0,0,0,0,0,0,0,0,0,0,0,0,0,0,0,0,0,1,1,0,0,0,0,0,0,0,0
6.621352388028736,0.0,0,86,13,0.0,6.90875477931522,1,1,0,0,0.0,0,0,0,0,0,0,0,0,0,0,0,0,0,0,0,0,0,0,0,0,0,0,0,0,0,0,0,0,0,1,0,0,0,0,0,1,0,0,0
6.7912214627261855,0.0,0,42,8,0.0,7.613324979540639,0,1,0,0,0.11428571428571428,0,0,0,0,0,0,0,0,0,0,0,0,0,0,0,0,0,0,0,0,0,0,0,0,0,0,0,0,0,1,1,0,0,0,0,0,0,0,0
7.042286171939743,0.0,0,130,17,0.0,0.0,0,0,0,1,0.7876106194690266,0,0,0,0,0,0,0,0,0,0,0,0,0,0,0,0,0,0,0,0,0,0,0,0,0,0,0,0,0,1,1,0,0,0,0,0,0,0,0
5.8888779583328805,0.0,0,109,12,3.091042453358316,3.044522437723423,0,1,0,0,0.8163265306122449,0,0,0,0,0,0,0,0,0,0,0,0,0,0,0,0,0,0,0,0,0,0,0,0,0,0,0,0,0,1,1,0,0,0,0,0,0,0,0
5.673323267171493,0.0,0,110,9,0.0,0.0,0,0,0,0,0.9117647058823529,0,0,0,0,0,0,0,0,0,0,0,0,0,0,0,0,0,0,0,0,0,0,0,0,0,0,0,0,0,1,1,0,0,0,0,0,0,0,0
5.25227342804663,0.0,0,106,10,0.0,2.3978952727983707,0,1,0,0,0.9587628865979382,0,0,0,0,0,0,0,0,0,0,0,0,0,0,0,0,0,0,0,0,0,0,0,0,0,0,0,0,0,1,1,0,0,0,0,0,0,0,0
5.831882477283517,0.0,0,119,12,0.0,0.0,0,0,0,0,0.897196261682243,0,0,0,0,0,0,0,0,0,0,0,0,0,0,0,0,0,0,0,0,0,0,0,0,0,0,0,0,0,1,0,0,1,0,0,0,0,0,0
5.831882477283517,0.0,0,111,11,0.0,0.0,0,0,0,0,0.801980198019802,0,0,0,0,0,0,0,0,0,0,0,0,0,0,0,0,0,0,0,0,0,0,0,0,0,0,0,0,0,1,0,0,1,0,0,0,0,0,0
5.966146739123692,0.0,0,52,6,0.0,3.4339872044851463,0,1,0,0,0.9361702127659575,0,0,0,0,0,0,0,0,0,0,0,0,0,0,0,0,0,0,0,0,0,0,0,0,0,0,0,0,0,1,0,0,1,0,0,0,0,0,0
5.560681631015528,0.0,0,105,11,0.0,0.0,0,0,1,0,0.6842105263157895,0,0,0,0,0,0,0,0,0,0,0,0,0,0,0,0,0,0,0,0,0,0,0,0,0,0,0,0,0,1,1,0,0,0,0,0,0,0,0
5.62040086571715,0.0,0,74,7,0.0,4.51085950651685,0,0,0,0,0.5735294117647058,0,0,0,0,0,0,0,0,0,0,0,0,0,0,0,0,0,0,0,0,0,0,0,0,0,0,0,0,0,1,1,0,0,0,0,0,0,0,0
6.2166061010848646,0.0,0,67,10,0.0,4.61512051684126,0,1,1,0,0.8771929824561403,0,0,0,0,0,0,0,0,0,0,0,0,0,0,0,0,0,0,0,0,0,0,0,0,0,0,0,0,0,1,1,0,0,0,0,0,0,0,0
4.709530201312334,0.0,0,89,14,5.384495062789089,2.3978952727983707,0,1,1,0,0.868421052631579,0,0,0,0,0,0,0,0,0,0,0,0,0,0,0,0,0,0,0,0,0,0,0,0,0,0,0,0,0,1,1,0,0,0,0,0,0,0,0
3.4965075614664802,0.0,0,120,9,3.5263605246161616,4.499809670330265,1,0,0,0,0.8648648648648649,0,0,0,0,0,0,0,0,0,0,0,0,0,0,0,0,0,0,0,0,0,0,0,0,0,0,0,0,0,1,0,0,0,0,0,0,1,0,0
4.51085950651685,0.0,0,64,6,6.663132695990803,0.0,0,0,1,0,1.0,0,0,0,0,0,0,0,0,0,0,0,0,0,0,0,0,0,0,0,0,0,0,0,0,0,0,0,0,0,1,1,0,0,0,0,0,0,0,0
6.478509642208569,0.0,0,60,4,4.143134726391533,7.613818684808629,0,0,1,0,0.7192982456140351,0,0,0,0,0,0,0,0,0,0,0,0,0,0,0,0,0,0,0,0,0,0,0,0,0,0,0,0,0,1,1,0,0,0,0,0,0,0,0
5.583496308781699,0.0,0,101,6,5.342334251964811,0.0,0,0,1,0,0.8645833333333334,0,0,0,0,0,0,0,0,0,0,0,0,0,0,0,0,0,0,0,0,0,0,0,0,0,0,0,0,0,1,1,0,0,0,0,0,0,0,0
5.575949103146316,0.0,0,99,11,6.415096959171596,3.4339872044851463,0,1,1,0,0.9090909090909091,0,0,0,0,0,0,0,0,0,0,0,0,0,0,0,0,0,0,0,0,0,0,0,0,0,0,0,0,0,1,1,0,0,0,0,0,0,0,0
5.583496308781699,0.0,0,70,4,6.371611847231857,3.044522437723423,0,1,0,0,0.9552238805970149,0,0,0,0,0,0,0,0,0,0,0,0,0,0,0,0,0,0,0,0,0,0,0,0,0,0,0,0,0,1,1,0,0,0,0,0,0,0,0
4.795790545596741,0.0,0,46,5,3.4657359027997265,2.3978952727983707,0,1,0,0,0.7857142857142857,0,0,0,0,0,0,0,0,0,0,0,0,0,0,0,0,0,0,0,0,0,0,0,0,0,0,0,0,0,1,1,0,0,0,0,0,0,0,0
6.53813982376767,0.0,0,137,13,6.240275845170769,2.3978952727983707,0,1,0,0,0.928,0,0,0,0,0,0,0,0,0,0,0,0,0,0,0,0,0,0,0,0,0,0,0,0,0,0,0,0,0,1,0,0,0,0,0,0,0,0,1
6.278521424165844,0.0,0,42,8,6.0844994130751715,3.044522437723423,0,1,0,0,0.6,0,0,0,0,0,0,0,0,0,0,0,0,0,0,0,0,0,0,0,0,0,0,0,0,0,0,0,0,0,1,1,0,0,0,0,0,0,0,0
5.442417710521793,0.0,0,82,7,6.755768921984255,3.044522437723423,0,1,1,0,0.9078947368421053,0,0,0,0,0,0,0,0,0,0,0,0,0,0,0,0,0,0,0,0,0,0,0,0,0,0,0,0,0,1,0,0,0,1,0,0,0,0,0
4.727387818712341,0.0,0,69,7,9.210340371976184,5.3981627015177525,1,0,1,0,0.746031746031746,0,0,0,0,0,0,0,0,0,0,0,0,0,0,0,0,0,0,0,0,0,0,0,0,0,0,0,0,0,1,1,0,0,0,0,0,0,0,0
5.278114659230517,0.0,0,88,9,5.726847747587197,1.9459101490553132,0,1,0,1,0.725,0,0,0,0,0,0,0,0,0,0,0,0,0,0,0,0,0,0,0,0,0,0,0,0,0,0,0,0,0,1,0,0,0,0,1,0,0,0,0
5.634789603169249,0.0,0,58,5,3.713572066704308,0.0,0,0,0,0,0.8333333333333334,0,0,0,0,0,0,0,0,0,0,0,0,0,0,0,0,0,0,0,0,0,0,0,0,0,0,0,0,0,1,0,0,1,0,0,0,0,0,0
5.594711379601839,0.0,0,49,8,2.70805020110221,3.4339872044851463,0,1,0,0,0.4523809523809524,0,0,0,0,0,0,0,0,0,0,0,0,0,0,0,0,0,0,0,0,0,0,0,0,0,0,0,0,0,1,1,0,0,0,0,0,0,0,0
5.5254529391317835,0.0,0,135,12,0.0,0.0,0,0,1,0,0.7661290322580645,0,0,0,0,0,0,0,0,0,0,0,0,0,0,0,0,0,0,0,0,0,0,0,0,0,0,0,0,0,1,1,0,0,0,0,0,0,0,0
5.25227342804663,0.0,0,68,6,0.0,0.6931471805599453,0,0,1,1,0.8412698412698413,0,0,0,0,0,0,0,0,0,0,0,0,0,0,0,0,0,0,0,0,0,0,0,0,0,0,0,0,0,1,1,0,0,0,0,0,0,0,0
5.075173815233827,0.0,0,46,5,5.834810737062605,6.90875477931522,1,1,0,0,0.5238095238095238,0,0,0,0,0,0,0,0,0,0,0,0,0,0,0,0,0,0,0,0,0,0,0,0,0,0,0,0,0,1,0,0,1,0,0,0,0,0,0
5.583496308781699,0.0,0,58,7,4.30406509320417,1.3862943611198906,0,0,0,0,0.9615384615384616,0,0,0,0,0,0,0,0,0,0,0,0,0,0,0,0,0,0,0,0,0,0,0,0,0,0,0,0,0,1,0,0,0,0,1,0,0,0,0
5.598421958998375,0.0,0,42,8,6.436150368369428,3.044522437723423,0,1,0,0,0.6,0,0,0,0,0,0,0,0,0,0,0,0,0,0,0,0,0,0,0,0,0,0,0,0,0,0,0,0,0,1,1,0,0,0,0,0,0,0,0
5.111987788356544,0.0,0,75,15,3.970291913552122,2.3978952727983707,0,1,0,0,0.7049180327868853,0,0,0,0,0,0,0,0,0,0,0,0,0,0,0,0,0,0,0,0,0,0,0,0,0,0,0,0,0,1,1,0,0,0,0,0,0,0,0
5.521460917862246,0.0,0,52,9,5.135798437050262,6.68586094706836,0,1,0,0,0.4090909090909091,0,0,0,0,0,0,0,0,0,0,0,0,0,0,0,0,0,0,0,0,0,0,0,0,0,0,0,0,0,1,1,0,0,0,0,0,0,0,0
5.673323267171493,0.0,0,102,16,6.403574197934815,5.673323267171493,0,0,0,1,0.8390804597701149,0,0,0,0,0,0,0,0,0,0,0,0,0,0,0,0,0,0,0,0,0,0,0,0,0,0,0,0,0,1,1,0,0,0,0,0,0,0,0
5.981414211254481,0.0,0,115,14,7.987524479848767,4.61512051684126,1,1,0,0,0.6764705882352942,0,0,0,0,0,0,0,0,0,0,0,0,0,0,0,0,0,0,0,0,0,0,0,0,0,0,0,0,0,1,1,0,0,0,0,0,0,0,0
4.912654885736052,0.0,0,62,6,5.0106352940962555,2.772588722239781,0,1,1,0,0.7192982456140351,0,0,0,0,0,0,0,0,0,0,0,0,0,0,0,0,0,0,0,0,0,0,0,0,0,0,0,0,0,1,1,0,0,0,0,0,0,0,0
4.912654885736052,0.0,0,57,5,3.332204510175204,3.4339872044851463,0,1,0,0,0.6792452830188679,0,0,0,0,0,0,0,0,0,0,0,0,0,0,0,0,0,0,0,0,0,0,0,0,0,0,0,0,0,1,1,0,0,0,0,0,0,0,0
4.912654885736052,0.0,0,89,12,3.044522437723423,0.0,0,0,0,0,0.5769230769230769,0,0,0,0,0,0,0,0,0,0,0,0,0,0,0,0,0,0,0,0,0,0,0,0,0,0,0,0,0,1,0,0,1,0,0,0,0,0,0
4.74493212836325,0.0,0,80,7,9.210340371976184,2.3978952727983707,0,1,1,0,0.8918918918918919,0,0,0,0,0,0,0,0,0,0,0,0,0,0,0,0,0,0,0,0,0,0,0,0,0,0,0,0,0,1,0,0,0,1,0,0,0,0,0
5.476463551931511,0.0,0,91,8,2.6390573296152584,4.61512051684126,0,0,1,0,0.75,0,0,0,0,0,0,0,0,0,0,0,0,0,0,0,0,0,0,0,0,0,0,0,0,0,0,0,0,0,1,0,0,1,0,0,0,0,0,0
5.19295685089021,0.0,0,104,12,2.833213344056216,2.772588722239781,0,1,0,0,0.7802197802197802,0,0,0,0,0,0,0,0,0,0,0,0,0,0,0,0,0,0,0,0,0,0,0,0,0,0,0,0,0,1,1,0,0,0,0,0,0,0,0
4.941642422609304,0.0,0,71,7,5.37989735354046,0.0,0,0,0,0,0.6615384615384615,0,0,0,0,0,0,0,0,0,0,0,0,0,0,0,0,0,0,0,0,0,0,0,0,0,0,0,0,0,1,1,0,0,0,0,0,0,0,0
5.5254529391317835,0.0,0,122,17,3.58351893845611,4.61512051684126,0,1,1,0,0.6415094339622641,0,0,0,0,0,0,0,0,0,0,0,0,0,0,0,0,0,0,0,0,0,0,0,0,0,0,0,0,0,1,0,0,1,0,0,0,0,0,0
5.638354669333745,0.0,0,136,10,6.804614520062624,4.61512051684126,0,0,1,0,0.9133858267716536,0,0,0,0,0,0,0,0,0,0,0,0,0,0,0,0,0,0,0,0,0,0,0,0,0,0,0,0,0,1,0,1,0,0,0,0,0,0,0
5.3981627015177525,0.0,0,105,14,6.802394763324311,5.3981627015177525,0,1,0,0,0.8804347826086957,0,0,0,0,0,0,0,0,0,0,0,0,0,0,0,0,0,0,0,0,0,0,0,0,0,0,0,0,0,1,1,0,0,0,0,0,0,0,0
4.867534450455582,0.0,0,134,12,7.957177323459475,0.6931471805599453,0,1,1,0,0.967479674796748,0,0,0,0,0,0,0,0,0,0,0,0,0,0,0,0,0,0,0,0,0,0,0,0,0,0,0,0,0,1,0,0,0,1,0,0,0,0,0
4.709530201312334,0.0,0,97,9,5.003946305945459,4.61512051684126,0,1,1,0,0.9101123595505618,0,0,0,0,0,0,0,0,0,0,0,0,0,0,0,0,0,0,0,0,0,0,0,0,0,0,0,0,0,1,1,0,0,0,0,0,0,0,0
4.709530201312334,0.0,0,90,15,3.8918202981106265,2.3978952727983707,0,1,0,0,0.8947368421052632,0,0,0,0,0,0,0,0,0,0,0,0,0,0,0,0,0,0,0,0,0,0,0,0,0,0,0,0,0,1,1,0,0,0,0,0,0,0,0
5.135798437050262,0.0,0,105,9,4.90527477843843,4.110873864173311,0,1,0,0,0.9587628865979382,0,0,0,0,0,0,0,0,0,0,0,0,0,0,0,0,0,0,0,0,0,0,0,0,0,0,0,0,0,1,1,0,0,0,0,0,0,0,0
6.53813982376767,0.0,0,52,7,1.791759469228055,3.4339872044851463,0,1,0,0,0.0,0,0,0,0,0,0,0,0,0,0,0,0,0,0,0,0,0,0,0,0,0,0,0,0,0,0,0,0,0,1,0,0,0,1,0,0,0,0,0
6.0867747269123065,0.0,0,40,7,7.903226808730733,3.4339872044851463,0,1,0,0,0.6176470588235294,0,0,0,0,0,0,0,0,0,0,0,0,0,0,0,0,0,0,0,0,0,0,0,0,0,0,0,0,0,1,1,0,0,0,0,0,0,0,0
5.831882477283517,0.0,0,123,10,0.0,4.110873864173311,0,1,0,0,0.8157894736842105,0,0,0,0,0,0,0,0,0,0,0,0,0,0,0,0,0,0,0,0,0,0,0,0,0,0,0,0,0,1,0,0,0,0,1,0,0,0,0
5.673323267171493,0.0,0,67,10,0.0,4.61512051684126,0,1,1,0,0.8771929824561403,0,0,0,0,0,0,0,0,0,0,0,0,0,0,0,0,0,0,0,0,0,0,0,0,0,0,0,0,0,1,1,0,0,0,0,0,0,0,0
5.968707559985366,0.0,0,36,6,0.0,0.0,0,0,0,0,0.4838709677419355,0,1,0,0,0,0,0,0,0,0,0,0,0,0,0,0,0,0,0,0,0,0,0,0,0,0,0,0,0,0,1,0,0,0,0,0,0,0,0
4.983606621708336,0.0,0,38,6,0.0,2.3978952727983707,0,1,0,0,0.8181818181818182,0,1,0,0,0,0,0,0,0,0,0,0,0,0,0,0,0,0,0,0,0,0,0,0,0,0,0,0,0,0,1,0,0,0,0,0,0,0,0
5.968707559985366,0.0,0,90,14,0.0,0.0,0,0,1,0,0.6883116883116883,0,1,0,0,0,0,0,0,0,0,0,0,0,0,0,0,0,0,0,0,0,0,0,0,0,0,0,0,0,0,1,0,0,0,0,0,0,0,0
5.198497031265826,0.0,0,37,5,0.0,0.0,0,1,0,0,0.7272727272727273,0,1,0,0,0,0,0,0,0,0,0,0,0,0,0,0,0,0,0,0,0,0,0,0,0,0,0,0,0,0,0,0,0,0,0,0,1,0,0
6.429719478039138,0.0,0,131,11,0.0,2.3978952727983707,0,1,0,0,0.9416666666666667,0,1,0,0,0,0,0,0,0,0,0,0,0,0,0,0,0,0,0,0,0,0,0,0,0,0,0,0,0,0,1,0,0,0,0,0,0,0,0
5.673323267171493,0.0,0,110,14,0.0,0.0,0,0,1,0,0.9381443298969072,0,1,0,0,0,0,0,0,0,0,0,0,0,0,0,0,0,0,0,0,0,0,0,0,0,0,0,0,0,0,0,0,0,1,0,0,0,0,0
6.7464121285733745,0.0,0,33,4,0.0,0.0,0,0,0,0,0.6666666666666666,0,1,0,0,0,0,0,0,0,0,0,0,0,0,0,0,0,0,0,0,0,0,0,0,0,0,0,0,0,0,1,0,0,0,0,0,0,0,0
5.673323267171493,0.0,0,33,4,0.0,0.0,0,0,0,0,0.6666666666666666,0,1,0,0,0,0,0,0,0,0,0,0,0,0,0,0,0,0,0,0,0,0,0,0,0,0,0,0,0,0,1,0,0,0,0,0,0,0,0
4.02535169073515,0.0,0,48,3,2.1972245773362196,2.3978952727983707,0,0,0,0,0.9130434782608695,0,1,0,0,0,0,0,0,0,0,0,0,0,0,0,0,0,0,0,0,0,0,0,0,0,0,0,0,0,0,0,0,0,0,0,0,0,0,1
6.7464121285733745,0.0,0,33,4,0.0,0.0,0,0,0,0,0.6666666666666666,0,1,0,0,0,0,0,0,0,0,0,0,0,0,0,0,0,0,0,0,0,0,0,0,0,0,0,0,0,0,1,0,0,0,0,0,0,0,0
5.673323267171493,0.0,0,33,4,0.0,0.0,0,0,0,0,0.6666666666666666,0,1,0,0,0,0,0,0,0,0,0,0,0,0,0,0,0,0,0,0,0,0,0,0,0,0,0,0,0,0,1,0,0,0,0,0,0,0,0
7.409136443920128,0.0,0,33,4,0.0,0.0,0,0,0,0,0.6666666666666666,0,1,0,0,0,0,0,0,0,0,0,0,0,0,0,0,0,0,0,0,0,0,0,0,0,0,0,0,0,0,1,0,0,0,0,0,0,0,0
6.684611727667927,0.0,0,108,16,0.0,3.4339872044851463,0,1,0,0,0.7956989247311828,0,1,0,0,0,0,0,0,0,0,0,0,0,0,0,0,0,0,0,0,0,0,0,0,0,0,0,0,0,0,0,0,0,1,0,0,0,0,0
5.991464547107982,0.0,0,117,7,0.0,0.0,1,0,0,0,0.9459459459459459,0,1,0,0,0,0,0,0,0,0,0,0,0,0,0,0,0,0,0,0,0,0,0,0,0,0,0,0,0,0,1,0,0,0,0,0,0,0,0
4.394449154672439,0.0,0,39,3,0.0,0.0,0,0,0,0,1.0,0,1,0,0,0,0,0,0,0,0,0,0,0,0,0,0,0,0,0,0,0,0,0,0,0,0,0,0,0,0,0,0,0,0,0,0,0,1,0
5.69035945432406,0.0,0,32,4,0.0,0.6931471805599453,0,0,0,1,0.9310344827586207,0,1,0,0,0,0,0,0,0,0,0,0,0,0,0,0,0,0,0,0,0,0,0,0,0,0,0,0,0,0,0,0,0,0,0,0,1,0,0
4.8283137373023015,0.0,0,67,7,0.0,3.4339872044851463,1,1,0,0,0.8032786885245902,0,1,0,0,0,0,0,0,0,0,0,0,0,0,0,0,0,0,0,0,0,0,0,0,0,0,0,0,0,0,1,0,0,0,0,0,0,0,0
7.600902459542082,0.0,0,99,10,0.0,0.0,0,0,0,0,0.8666666666666667,0,1,0,0,0,0,0,0,0,0,0,0,0,0,0,0,0,0,0,0,0,0,0,0,0,0,0,0,0,0,1,0,0,0,0,0,0,0,0
4.90527477843843,0.0,0,67,5,3.258096538021482,0.0,0,1,1,0,0.9365079365079365,0,1,0,0,0,0,0,0,0,0,0,0,0,0,0,0,0,0,0,0,0,0,0,0,0,0,0,0,0,0,1,0,0,0,0,0,0,0,0
4.875197323201151,0.0,0,96,10,3.5263605246161616,3.713572066704308,1,1,1,0,0.9080459770114943,0,1,0,0,0,0,0,0,0,0,0,0,0,0,0,0,0,0,0,0,0,0,0,0,0,0,0,0,0,0,1,0,0,0,0,0,0,0,0
4.867534450455582,0.0,0,55,6,3.4339872044851463,3.713572066704308,0,1,0,0,0.72,0,1,0,0,0,0,0,0,0,0,0,0,0,0,0,0,0,0,0,0,0,0,0,0,0,0,0,0,0,0,1,0,0,0,0,0,0,0,0
4.844187086458591,0.0,0,75,10,2.1972245773362196,3.713572066704308,0,1,1,0,0.8181818181818182,0,1,0,0,0,0,0,0,0,0,0,0,0,0,0,0,0,0,0,0,0,0,0,0,0,0,0,0,0,0,1,0,0,0,0,0,0,0,0
7.409136443920128,0.0,0,39,5,0.0,0.0,0,0,0,0,0.6285714285714286,0,1,0,0,0,0,0,0,0,0,0,0,0,0,0,0,0,0,0,0,0,0,0,0,0,0,0,0,0,0,1,0,0,0,0,0,0,0,0
6.7464121285733745,0.0,0,39,5,0.0,0.0,0,0,0,0,0.6285714285714286,0,1,0,0,0,0,0,0,0,0,0,0,0,0,0,0,0,0,0,0,0,0,0,0,0,0,0,0,0,0,1,0,0,0,0,0,0,0,0
6.606650186198215,0.0,0,69,9,0.0,6.398594934535208,0,1,0,0,0.6229508196721312,0,1,0,0,0,0,0,0,0,0,0,0,0,0,0,0,0,0,0,0,0,0,0,0,0,0,0,0,0,0,1,0,0,0,0,0,0,0,0
5.703782474656201,0.0,0,62,3,0.0,1.791759469228055,0,0,0,1,0.8166666666666667,0,1,0,0,0,0,0,0,0,0,0,0,0,0,0,0,0,0,0,0,0,0,0,0,0,0,0,0,0,0,0,0,0,0,0,0,0,0,1
5.703782474656201,0.0,0,56,3,0.0,1.791759469228055,0,0,0,1,0.8703703703703703,0,1,0,0,0,0,0,0,0,0,0,0,0,0,0,0,0,0,0,0,0,0,0,0,0,0,0,0,0,0,0,0,0,0,0,0,0,0,1
5.860786223465865,0.0,0,39,6,0.0,0.6931471805599453,1,1,0,1,0.8823529411764706,0,1,0,0,0,0,0,0,0,0,0,0,0,0,0,0,0,0,0,0,0,0,0,0,0,0,0,0,0,0,1,0,0,0,0,0,0,0,0
5.3981627015177525,0.0,0,51,7,0.0,2.772588722239781,0,1,0,0,0.8,0,1,0,0,0,0,0,0,0,0,0,0,0,0,0,0,0,0,0,0,0,0,0,0,0,0,0,0,0,0,0,1,0,0,0,0,0,0,0
5.351858133476067,0.0,0,51,7,0.0,2.772588722239781,0,1,0,0,0.8,0,1,0,0,0,0,0,0,0,0,0,0,0,0,0,0,0,0,0,0,0,0,0,0,0,0,0,0,0,0,0,1,0,0,0,0,0,0,0
5.846438775057725,0.0,0,109,10,0.0,2.772588722239781,0,1,0,0,0.9489795918367347,0,1,0,0,0,0,0,0,0,0,0,0,0,0,0,0,0,0,0,0,0,0,0,0,0,0,0,0,0,0,1,0,0,0,0,0,0,0,0
6.077642243349034,0.0,0,84,8,0.0,3.4339872044851463,0,1,0,0,0.868421052631579,0,1,0,0,0,0,0,0,0,0,0,0,0,0,0,0,0,0,0,0,0,0,0,0,0,0,0,0,0,0,1,0,0,0,0,0,0,0,0
7.601402334583733,0.0,0,51,8,0.0,2.3978952727983707,0,1,0,1,0.8181818181818182,0,1,0,0,0,0,0,0,0,0,0,0,0,0,0,0,0,0,0,0,0,0,0,0,0,0,0,0,0,0,1,0,0,0,0,0,0,0,0
6.907755278982137,0.0,0,44,5,0.0,0.0,0,1,0,0,1.0,0,1,0,0,0,0,0,0,0,0,0,0,0,0,0,0,0,0,0,0,0,0,0,0,0,0,0,0,0,0,1,0,0,0,0,0,0,0,0
5.860786223465865,0.0,0,102,11,0.0,0.6931471805599453,1,1,1,1,0.7934782608695652,0,1,0,0,0,0,0,0,0,0,0,0,0,0,0,0,0,0,0,0,0,0,0,0,0,0,0,0,0,0,0,0,0,1,0,0,0,0,0
6.19644412779452,0.0,0,45,4,0.0,0.0,0,0,0,0,0.8571428571428571,0,1,0,0,0,0,0,0,0,0,0,0,0,0,0,0,0,0,0,0,0,0,0,0,0,0,0,0,0,0,0,1,0,0,0,0,0,0,0
4.605170185988092,0.0,0,76,8,0.0,0.6931471805599453,0,0,0,0,0.8405797101449275,0,1,0,0,0,0,0,0,0,0,0,0,0,0,0,0,0,0,0,0,0,0,0,0,0,0,0,0,0,0,1,0,0,0,0,0,0,0,0
5.5254529391317835,0.0,0,63,7,0.0,2.772588722239781,0,1,0,0,0.8596491228070176,0,1,0,0,0,0,0,0,0,0,0,0,0,0,0,0,0,0,0,0,0,0,0,0,0,0,0,0,0,0,0,0,1,0,0,0,0,0,0
4.605170185988092,0.0,0,71,7,0.0,0.6931471805599453,0,0,0,0,0.828125,0,1,0,0,0,0,0,0,0,0,0,0,0,0,0,0,0,0,0,0,0,0,0,0,0,0,0,0,0,0,1,0,0,0,0,0,0,0,0
6.55250788703459,0.0,0,92,11,0.0,1.0986122886681098,0,0,0,1,0.9878048780487805,0,1,0,0,0,0,0,0,0,0,0,0,0,0,0,0,0,0,0,0,0,0,0,0,0,0,0,0,0,0,0,1,0,0,0,0,0,0,0
6.824373670043086,0.0,0,131,11,0.0,2.3978952727983707,0,1,0,0,0.9416666666666667,0,1,0,0,0,0,0,0,0,0,0,0,0,0,0,0,0,0,0,0,0,0,0,0,0,0,0,0,0,0,1,0,0,0,0,0,0,0,0
5.3981627015177525,0.0,0,39,3,0.0,0.0,0,0,0,0,1.0,0,1,0,0,0,0,0,0,0,0,0,0,0,0,0,0,0,0,0,0,0,0,0,0,0,0,0,0,0,0,0,0,0,0,0,0,0,1,0
6.3818160174060985,0.0,0,99,10,0.0,0.0,0,0,0,0,0.8666666666666667,0,1,0,0,0,0,0,0,0,0,0,0,0,0,0,0,0,0,0,0,0,0,0,0,0,0,0,0,0,0,1,0,0,0,0,0,0,0,0
6.111467339502679,0.0,0,83,9,0.0,0.0,0,0,0,0,0.8266666666666667,0,1,0,0,0,0,0,0,0,0,0,0,0,0,0,0,0,0,0,0,0,0,0,0,0,0,0,0,0,0,0,0,0,0,1,0,0,0,0
5.968707559985366,0.0,0,76,8,0.0,0.6931471805599453,0,0,0,0,0.8405797101449275,0,1,0,0,0,0,0,0,0,0,0,0,0,0,0,0,0,0,0,0,0,0,0,0,0,0,0,0,0,0,1,0,0,0,0,0,0,0,0
5.860786223465865,0.0,0,75,9,4.04305126783455,0.6931471805599453,1,1,1,1,0.8656716417910447,0,1,0,0,0,0,0,0,0,0,0,0,0,0,0,0,0,0,0,0,0,0,0,0,0,0,0,0,0,0,0,1,0,0,0,0,0,0,0
5.968707559985366,0.0,0,64,11,6.48768401848461,0.6931471805599453,0,0,0,1,0.6481481481481481,0,1,0,0,0,0,0,0,0,0,0,0,0,0,0,0,0,0,0,0,0,0,0,0,0,0,0,0,0,0,1,0,0,0,0,0,0,0,0
8.229777750081887,0.0,0,85,13,2.0794415416798357,2.3978952727983707,0,1,1,0,0.8493150684931506,0,1,0,0,0,0,0,0,0,0,0,0,0,0,0,0,0,0,0,0,0,0,0,0,0,0,0,0,0,0,1,0,0,0,0,0,0,0,0
4.7535901911063645,0.0,0,36,3,8.282735880201754,4.61512051684126,0,0,1,0,0.5588235294117647,0,1,0,0,0,0,0,0,0,0,0,0,0,0,0,0,0,0,0,0,0,0,0,0,0,0,0,0,0,0,1,0,0,0,0,0,0,0,0
5.4638318050256105,0.0,0,59,9,6.720220155135295,2.3978952727983707,0,1,0,0,0.7450980392156863,0,1,0,0,0,0,0,0,0,0,0,0,0,0,0,0,0,0,0,0,0,0,0,0,0,0,0,0,0,0,1,0,0,0,0,0,0,0,0
5.25227342804663,0.0,0,51,10,5.298317366548036,2.3978952727983707,0,1,0,0,0.6097560975609756,0,1,0,0,0,0,0,0,0,0,0,0,0,0,0,0,0,0,0,0,0,0,0,0,0,0,0,0,0,0,1,0,0,0,0,0,0,0,0
4.787491742782046,0.0,0,53,5,6.3784261836515865,0.6931471805599453,0,0,0,0,0.7346938775510204,0,1,0,0,0,0,0,0,0,0,0,0,0,0,0,0,0,0,0,0,0,0,0,0,0,0,0,0,0,0,1,0,0,0,0,0,0,0,0
5.198497031265826,0.0,0,47,6,6.777646593635117,2.3978952727983707,0,1,0,0,0.8809523809523809,0,1,0,0,0,0,0,0,0,0,0,0,0,0,0,0,0,0,0,0,0,0,0,0,0,0,0,0,0,0,0,1,0,0,0,0,0,0,0
4.8283137373023015,0.0,0,94,8,6.20455776256869,4.61512051684126,0,1,1,0,0.9310344827586207,0,1,0,0,0,0,0,0,0,0,0,0,0,0,0,0,0,0,0,0,0,0,0,0,0,0,0,0,0,0,0,0,0,0,0,0,1,0,0
6.054439346269371,0.0,0,35,5,6.7226297948554485,0.0,0,0,0,0,0.6129032258064516,0,1,0,0,0,0,0,0,0,0,0,0,0,0,0,0,0,0,0,0,0,0,0,0,0,0,0,0,0,0,1,0,0,0,0,0,0,0,0
5.799092654460526,0.0,0,94,8,6.582025138892826,0.0,0,0,0,0,0.8255813953488372,0,1,0,0,0,0,0,0,0,0,0,0,0,0,0,0,0,0,0,0,0,0,0,0,0,0,0,0,0,0,1,0,0,0,0,0,0,0,0
5.438079308923196,0.0,0,99,13,8.51579221050061,2.3978952727983707,0,1,0,0,0.7586206896551724,0,1,0,0,0,0,0,0,0,0,0,0,0,0,0,0,0,0,0,0,0,0,0,0,0,0,0,0,0,0,1,0,0,0,0,0,0,0,0
5.170483995038151,0.0,0,46,4,7.232010331664759,0.0,0,0,0,0,0.7906976744186046,0,1,0,0,0,0,0,0,0,0,0,0,0,0,0,0,0,0,0,0,0,0,0,0,0,0,0,0,0,0,1,0,0,0,0,0,0,0,0
4.605170185988092,0.0,0,63,11,8.621192781434722,2.3978952727983707,0,1,0,0,0.5849056603773585,0,1,0,0,0,0,0,0,0,0,0,0,0,0,0,0,0,0,0,0,0,0,0,0,0,0,0,0,0,0,1,0,0,0,0,0,0,0,0
5.598421958998375,0.0,0,52,5,7.601901959875166,0.0,0,0,0,0,0.7708333333333334,0,1,0,0,0,0,0,0,0,0,0,0,0,0,0,0,0,0,0,0,0,0,0,0,0,0,0,0,0,0,0,1,0,0,0,0,0,0,0
5.886104031450156,0.0,0,42,5,5.58724865840025,1.0986122886681098,0,1,0,0,0.9736842105263158,0,1,0,0,0,0,0,0,0,0,0,0,0,0,0,0,0,0,0,0,0,0,0,0,0,0,0,0,0,0,0,1,0,0,0,0,0,0,0
5.817111159963204,0.0,0,52,4,5.84354441703136,0.0,0,0,0,0,0.9183673469387755,0,1,0,0,0,0,0,0,0,0,0,0,0,0,0,0,0,0,0,0,0,0,0,0,0,0,0,0,0,0,0,1,0,0,0,0,0,0,0
5.049856007249537,0.0,0,72,9,6.111467339502679,5.5254529391317835,1,0,0,0,0.546875,0,1,0,0,0,0,0,0,0,0,0,0,0,0,0,0,0,0,0,0,0,0,0,0,0,0,0,0,0,0,1,0,0,0,0,0,0,0,0
5.075173815233827,0.0,0,62,9,9.094143577573671,4.110873864173311,0,1,1,0,0.8518518518518519,0,1,0,0,0,0,0,0,0,0,0,0,0,0,0,0,0,0,0,0,0,0,0,0,0,0,0,0,0,0,1,0,0,0,0,0,0,0,0
5.768320995793772,0.0,0,38,4,6.587550014824796,0.0,0,0,0,1,0.8571428571428571,0,1,0,0,0,0,0,0,0,0,0,0,0,0,0,0,0,0,0,0,0,0,0,0,0,0,0,0,0,0,0,0,0,1,0,0,0,0,0
4.867534450455582,0.0,0,91,10,9.210340371976184,3.713572066704308,0,1,1,0,0.8780487804878049,0,1,0,0,0,0,0,0,0,0,0,0,0,0,0,0,0,0,0,0,0,0,0,0,0,0,0,0,0,0,1,0,0,0,0,0,0,0,0
4.8283137373023015,0.0,0,96,9,9.210340371976184,4.61512051684126,0,1,1,0,0.75,0,1,0,0,0,0,0,0,0,0,0,0,0,0,0,0,0,0,0,0,0,0,0,0,0,0,0,0,0,0,0,0,0,1,0,0,0,0,0
4.7535901911063645,0.0,0,77,5,8.15478757276852,3.713572066704308,0,1,1,0,0.8472222222222222,0,1,0,0,0,0,0,0,0,0,0,0,0,0,0,0,0,0,0,0,0,0,0,0,0,0,0,0,0,0,1,0,0,0,0,0,0,0,0
5.799092654460526,0.0,0,96,15,4.787491742782046,2.3978952727983707,0,1,0,1,0.8048780487804879,0,1,0,0,0,0,0,0,0,0,0,0,0,0,0,0,0,0,0,0,0,0,0,0,0,0,0,0,0,0,1,0,0,0,0,0,0,0,0
5.673323267171493,0.0,0,68,9,3.1354942159291497,5.673323267171493,1,1,0,1,0.7,0,1,0,0,0,0,0,0,0,0,0,0,0,0,0,0,0,0,0,0,0,0,0,0,0,0,0,0,0,0,0,1,0,0,0,0,0,0,0
4.8283137373023015,0.0,0,95,16,8.018954683155718,2.772588722239781,0,1,0,0,0.8125,0,1,0,0,0,0,0,0,0,0,0,0,0,0,0,0,0,0,0,0,0,0,0,0,0,0,0,0,0,0,1,0,0,0,0,0,0,0,0
6.194405391104672,0.0,0,87,10,4.454347296253507,2.3978952727983707,1,1,0,1,0.7948717948717948,0,1,0,0,0,0,0,0,0,0,0,0,0,0,0,0,0,0,0,0,0,0,0,0,0,0,0,0,0,0,0,0,1,0,0,0,0,0,0
4.61512051684126,0.0,0,46,9,7.182352111885263,2.3978952727983707,0,1,0,0,0.631578947368421,0,1,0,0,0,0,0,0,0,0,0,0,0,0,0,0,0,0,0,0,0,0,0,0,0,0,0,0,0,0,1,0,0,0,0,0,0,0,0
5.442417710521793,0.0,0,90,13,6.059123195581797,2.3978952727983707,0,1,0,0,0.8974358974358975,0,1,0,0,0,0,0,0,0,0,0,0,0,0,0,0,0,0,0,0,0,0,0,0,0,0,0,0,0,0,1,0,0,0,0,0,0,0,0
5.62040086571715,0.0,0,96,14,2.772588722239781,7.613324979540639,0,1,1,0,0.7317073170731707,0,1,0,0,0,0,0,0,0,0,0,0,0,0,0,0,0,0,0,0,0,0,0,0,0,0,0,0,0,0,1,0,0,0,0,0,0,0,0
5.560681631015528,0.0,0,76,12,7.3796321526095525,0.6931471805599453,0,1,1,0,0.8153846153846154,0,1,0,0,0,0,0,0,0,0,0,0,0,0,0,0,0,0,0,0,0,0,0,0,0,0,0,0,0,0,1,0,0,0,0,0,0,0,0
4.8283137373023015,0.0,0,100,9,8.662504922576291,3.713572066704308,0,1,1,0,0.75,0,1,0,0,0,0,0,0,0,0,0,0,0,0,0,0,0,0,0,0,0,0,0,0,0,0,0,0,0,0,0,0,0,1,0,0,0,0,0
4.9881169826656535,0.0,0,78,7,4.07753744390572,0.0,0,0,1,0,0.875,0,1,0,0,0,0,0,0,0,0,0,0,0,0,0,0,0,0,0,0,0,0,0,0,0,0,0,0,0,0,0,0,0,0,0,0,1,0,0
4.7535901911063645,0.0,0,72,7,5.209486152841421,0.6931471805599453,0,0,1,0,0.7121212121212122,0,1,0,0,0,0,0,0,0,0,0,0,0,0,0,0,0,0,0,0,0,0,0,0,0,0,0,0,0,0,1,0,0,0,0,0,0,0,0
5.53338948872752,0.0,0,50,9,6.259581464064923,1.3862943611198906,0,0,0,0,0.16666666666666666,0,1,0,0,0,0,0,0,0,0,0,0,0,0,0,0,0,0,0,0,0,0,0,0,0,0,0,0,0,0,1,0,0,0,0,0,0,0,0
4.605170185988092,0.0,0,50,8,4.204692619390966,0.6931471805599453,0,1,0,0,0.7674418604651163,0,1,0,0,0,0,0,0,0,0,0,0,0,0,0,0,0,0,0,0,0,0,0,0,0,0,0,0,0,0,1,0,0,0,0,0,0,0,0
5.438079308923196,0.0,0,46,7,7.38025578842646,0.6931471805599453,0,1,0,0,0.825,0,1,0,0,0,0,0,0,0,0,0,0,0,0,0,0,0,0,0,0,0,0,0,0,0,0,0,0,0,0,1,0,0,0,0,0,0,0,0
4.948759890378168,0.0,0,73,12,8.886962034866128,2.772588722239781,0,1,0,0,0.9016393442622951,0,1,0,0,0,0,0,0,0,0,0,0,0,0,0,0,0,0,0,0,0,0,0,0,0,0,0,0,0,0,1,0,0,0,0,0,0,0,0
4.0943445622221,0.0,0,108,13,9.210340371976184,1.6094379124341003,1,0,0,1,0.7604166666666666,0,1,0,0,0,0,0,0,0,0,0,0,0,0,0,0,0,0,0,0,0,0,0,0,0,0,0,0,0,0,1,0,0,0,0,0,0,0,0
4.890349128221754,0.0,0,64,9,7.874358824729881,0.6931471805599453,0,1,0,0,0.7678571428571429,0,1,0,0,0,0,0,0,0,0,0,0,0,0,0,0,0,0,0,0,0,0,0,0,0,0,0,0,0,0,1,0,0,0,0,0,0,0,0
6.361302477572996,0.0,0,84,13,2.995732273553991,4.110873864173311,0,1,0,0,0.5797101449275363,0,0,0,0,0,0,0,0,0,0,0,0,0,0,0,0,0,0,0,0,1,0,0,0,0,0,0,0,0,0,0,1,0,0,0,0,0,0,0
5.198497031265826,0.0,0,110,15,7.693025748417888,1.791759469228055,0,1,0,0,0.84375,0,0,0,0,0,0,0,0,0,0,0,0,0,0,0,0,0,0,0,0,1,0,0,0,0,0,0,0,0,0,1,0,0,0,0,0,0,0,0
5.198497031265826,0.0,0,77,12,6.186208623900494,1.791759469228055,0,1,0,0,0.8,0,0,0,0,0,0,0,0,0,0,0,0,0,0,0,0,0,0,0,0,1,0,0,0,0,0,0,0,0,0,1,0,0,0,0,0,0,0,0
5.8888779583328805,0.0,0,108,9,0.0,0.0,0,0,0,0,0.9292929292929293,0,0,0,0,0,0,0,0,0,0,0,0,0,0,0,0,0,0,0,0,1,0,0,0,0,0,0,0,0,0,1,0,0,0,0,0,0,0,0
5.198497031265826,0.0,0,165,20,3.4657359027997265,2.5649493574615367,0,0,0,0,0.5753424657534246,0,0,0,0,0,0,0,0,0,0,0,0,0,0,0,0,0,0,0,0,1,0,0,0,0,0,0,0,0,0,1,0,0,0,0,0,0,0,0
4.605170185988092,0.0,0,73,4,7.179307969504034,0.0,1,0,0,0,0.9710144927536232,0,0,0,0,0,0,0,0,0,0,0,0,0,0,0,0,0,0,0,0,1,0,0,0,0,0,0,0,0,0,0,0,0,0,1,0,0,0,0
7.313886831633462,0.0,0,65,12,6.008813185442595,4.110873864173311,0,1,0,0,0.7169811320754716,0,0,0,0,0,0,0,0,0,0,0,0,0,0,0,0,0,0,0,0,1,0,0,0,0,0,0,0,0,0,1,0,0,0,0,0,0,0,0
6.594413459749778,0.0,0,112,9,6.261491684321042,0.0,0,0,0,1,0.75,0,0,0,0,0,0,0,0,0,0,0,0,0,0,0,0,0,0,0,0,1,0,0,0,0,0,0,0,0,0,1,0,0,0,0,0,0,0,0
6.593044534142437,0.0,0,133,11,6.71174039505618,3.2188758248682006,0,1,0,0,0.9338842975206612,0,0,0,0,0,0,0,0,0,0,0,0,0,0,0,0,0,0,0,0,1,0,0,0,0,0,0,0,0,0,1,0,0,0,0,0,0,0,0
6.173786103901937,0.0,0,58,12,3.9889840465642745,5.5254529391317835,0,1,0,0,0.19148936170212766,0,0,0,0,0,0,0,0,0,0,0,0,0,0,0,0,0,0,0,0,1,0,0,0,0,0,0,0,0,0,1,0,0,0,0,0,0,0,0
5.673323267171493,0.0,0,85,9,5.298317366548036,7.613324979540639,0,1,0,0,0.4473684210526316,0,0,0,0,0,0,0,0,0,0,0,0,0,0,0,0,0,0,0,0,1,0,0,0,0,0,0,0,0,0,1,0,0,0,0,0,0,0,0
5.198497031265826,0.0,0,21,3,3.044522437723423,1.791759469228055,0,1,0,0,0.8421052631578947,0,0,0,0,0,0,0,0,0,0,0,0,0,0,0,0,0,0,0,0,1,0,0,0,0,0,0,0,0,0,0,0,1,0,0,0,0,0,0
5.298317366548036,0.0,0,81,4,8.907476977528738,4.61512051684126,0,1,1,1,0.9230769230769231,0,0,0,0,0,0,0,0,0,0,0,0,0,0,0,0,0,0,0,0,1,0,0,0,0,0,0,0,0,0,0,1,0,0,0,0,0,0,0
3.6888794541139363,0.0,0,94,7,6.763884908562435,2.0794415416798357,0,0,0,1,0.9545454545454546,0,0,0,0,0,0,0,0,0,0,0,0,0,0,0,0,0,0,0,0,1,0,0,0,0,0,0,0,0,0,0,0,0,0,1,0,0,0,0
4.394449154672439,0.0,0,86,12,6.030685260261263,5.5254529391317835,1,0,0,0,0.72,0,0,0,0,0,0,0,0,0,0,0,0,0,0,0,0,0,0,0,0,1,0,0,0,0,0,0,0,0,0,1,0,0,0,0,0,0,0,0
5.594711379601839,0.0,0,72,10,4.820281565605037,6.2166061010848646,0,1,0,0,0.14285714285714285,0,0,0,0,0,0,0,0,0,0,0,0,0,0,0,0,0,0,0,0,1,0,0,0,0,0,0,0,0,0,1,0,0,0,0,0,0,0,0
5.8888779583328805,0.0,0,112,10,4.418840607796598,1.0986122886681098,0,0,0,0,0.8737864077669902,0,0,0,0,0,0,0,0,0,0,0,0,0,0,0,0,0,0,0,0,1,0,0,0,0,0,0,0,0,0,1,0,0,0,0,0,0,0,0
6.907755278982137,0.0,0,50,7,6.78897174299217,2.772588722239781,0,1,0,0,0.6363636363636364,0,0,0,0,0,0,0,0,0,0,0,0,0,0,0,0,0,0,0,0,1,0,0,0,0,0,0,0,0,0,1,0,0,0,0,0,0,0,0
7.890208213109961,0.0,0,66,12,4.564348191467836,4.795790545596741,0,1,0,0,0.7037037037037037,0,0,0,0,0,0,0,0,0,0,0,0,0,0,0,0,0,0,0,0,1,0,0,0,0,0,0,0,0,0,1,0,0,0,0,0,0,0,0
5.198497031265826,0.0,0,133,13,2.70805020110221,1.791759469228055,0,1,0,0,0.9008264462809917,0,0,0,0,0,0,0,0,0,0,0,0,0,0,0,0,0,0,0,0,1,0,0,0,0,0,0,0,0,0,1,0,0,0,0,0,0,0,0
5.198497031265826,0.0,0,134,11,4.672828834461906,1.791759469228055,1,1,0,0,0.8306451612903226,0,0,0,0,0,0,0,0,0,0,0,0,0,0,0,0,0,0,0,0,1,0,0,0,0,0,0,0,0,0,1,0,0,0,0,0,0,0,0
6.792344427470809,0.0,0,64,8,1.791759469228055,4.795790545596741,0,0,0,0,0.0,0,0,0,0,0,0,0,0,0,0,0,0,0,0,0,0,0,0,0,0,1,0,0,0,0,0,0,0,0,0,1,0,0,0,0,0,0,0,0
6.461468176353717,0.0,0,57,6,3.6635616461296463,0.0,1,1,0,0,0.9038461538461539,0,0,0,0,0,0,0,0,0,0,0,0,0,0,0,0,0,0,0,0,1,0,0,0,0,0,0,0,0,0,1,0,0,0,0,0,0,0,0
5.8888779583328805,0.0,0,143,14,6.584791392385716,1.0986122886681098,1,0,0,0,0.8307692307692308,0,0,0,0,0,0,0,0,0,0,0,0,0,0,0,0,0,0,0,0,1,0,0,0,0,0,0,0,0,0,1,0,0,0,0,0,0,0,0
5.198497031265826,0.0,0,79,9,2.302585092994046,1.791759469228055,0,1,0,0,0.8450704225352113,0,0,0,0,0,0,0,0,0,0,0,0,0,0,0,0,0,0,0,0,1,0,0,0,0,0,0,0,0,0,1,0,0,0,0,0,0,0,0
7.490529402060711,0.0,0,145,9,4.189654742026425,4.795790545596741,0,1,0,0,0.8029197080291971,0,0,0,0,0,0,0,0,0,0,0,0,0,0,0,0,0,0,0,0,1,0,0,0,0,0,0,0,0,0,1,0,0,0,0,0,0,0,0
5.8888779583328805,0.0,0,117,12,2.4849066497880004,1.791759469228055,0,1,0,0,0.8867924528301887,0,0,0,0,0,0,0,0,0,0,0,0,0,0,0,0,0,0,0,0,1,0,0,0,0,0,0,0,0,0,1,0,0,0,0,0,0,0,0
6.898714534329988,0.0,0,122,11,7.502738210754851,2.772588722239781,0,1,0,0,0.875,0,0,0,0,0,0,0,0,0,0,0,0,0,0,0,0,0,0,0,0,1,0,0,0,0,0,0,0,0,0,1,0,0,0,0,0,0,0,0
6.214608098422191,0.0,0,155,18,4.110873864173311,4.110873864173311,0,1,0,0,0.5942028985507246,0,0,0,0,0,0,0,0,0,0,0,0,0,0,0,0,0,0,0,0,1,0,0,0,0,0,0,0,0,0,0,0,0,0,1,0,0,0,0
5.442417710521793,0.0,0,75,5,6.395261598115449,1.9459101490553132,0,1,0,1,0.9154929577464789,0,0,0,0,0,0,0,0,0,0,0,0,0,0,0,0,0,0,0,0,1,0,0,0,0,0,0,0,0,0,1,0,0,0,0,0,0,0,0
7.090076835776092,0.0,0,51,9,6.714170529909472,5.303304908059076,1,0,0,0,0.0,0,0,0,0,0,0,0,0,0,0,0,0,0,0,0,0,0,0,0,0,1,0,0,0,0,0,0,0,0,0,1,0,0,0,0,0,0,0,0
5.673323267171493,0.0,0,150,18,5.41610040220442,4.61512051684126,0,0,1,1,0.6666666666666666,0,0,0,0,0,0,0,0,0,0,0,0,0,0,0,0,0,0,0,0,1,0,0,0,0,0,0,0,0,0,0,1,0,0,0,0,0,0,0
6.311734809152915,0.0,0,134,12,5.968707559985366,0.6931471805599453,0,1,0,0,0.9512195121951219,0,0,0,0,0,0,0,0,0,0,0,0,0,0,0,0,0,0,0,0,1,0,0,0,0,0,0,0,0,0,1,0,0,0,0,0,0,0,0
5.198497031265826,0.0,0,126,13,4.795790545596741,1.791759469228055,1,1,0,0,0.8761061946902655,0,0,0,0,0,0,0,0,0,0,0,0,0,0,0,0,0,0,0,0,1,0,0,0,0,0,0,0,0,0,1,0,0,0,0,0,0,0,0
6.398594934535208,0.0,0,122,14,7.349873704738337,5.017279836814924,1,1,0,0,0.7155963302752294,0,0,0,0,0,0,0,0,0,0,0,0,0,0,0,0,0,0,0,0,1,0,0,0,0,0,0,0,0,0,1,0,0,0,0,0,0,0,0
5.225746673713202,0.0,0,66,8,5.84354441703136,0.6931471805599453,0,0,0,0,0.9152542372881356,0,0,0,0,0,0,0,0,0,0,0,0,0,0,0,0,0,0,0,0,1,0,0,0,0,0,0,0,0,0,0,0,0,0,1,0,0,0,0
6.898714534329988,0.0,0,140,14,7.050989447068045,2.772588722239781,0,1,0,0,0.889763779527559,0,0,0,0,0,0,0,0,0,0,0,0,0,0,0,0,0,0,0,0,1,0,0,0,0,0,0,0,0,0,1,0,0,0,0,0,0,0,0
6.53813982376767,0.0,0,108,15,2.772588722239781,4.110873864173311,0,1,0,0,0.8829787234042553,0,0,0,0,0,0,0,0,0,0,0,0,0,0,0,0,0,0,0,0,1,0,0,0,0,0,0,0,0,0,0,1,0,0,0,0,0,0,0
5.247024072160486,0.0,0,135,8,6.786716950605081,1.9459101490553132,0,1,0,0,0.96875,0,0,0,0,0,0,0,0,0,0,0,0,0,0,0,0,0,0,0,0,1,0,0,0,0,0,0,0,0,0,1,0,0,0,0,0,0,0,0
6.792344427470809,0.0,0,63,6,7.298445101508147,3.4339872044851463,0,1,0,0,0.8103448275862069,0,0,0,0,0,0,0,0,0,0,0,0,0,0,0,0,0,0,0,0,1,0,0,0,0,0,0,0,0,0,1,0,0,0,0,0,0,0,0
6.792344427470809,0.0,0,31,6,0.0,0.0,0,1,0,0,0.3076923076923077,0,0,0,0,0,0,0,0,0,0,0,0,0,0,0,0,0,0,0,0,1,0,0,0,0,0,0,0,0,0,1,0,0,0,0,0,0,0,0
5.942799375126701,0.0,0,94,5,0.0,0.0,0,0,0,0,0.9777777777777777,0,0,0,0,0,0,0,0,0,0,0,0,0,0,0,0,0,0,0,0,1,0,0,0,0,0,0,0,0,0,0,0,0,0,0,0,1,0,0
6.985641817639208,0.0,0,44,1,0.0,0.0,0,0,0,0,0.75,0,0,0,0,0,0,0,0,0,0,0,0,0,0,0,0,0,0,0,0,1,0,0,0,0,0,0,0,0,0,0,0,0,0,0,0,1,0,0
7.042286171939743,0.0,0,130,17,0.0,0.0,0,0,0,1,0.7876106194690266,0,0,0,0,0,0,0,0,0,0,0,0,0,0,0,0,0,0,0,0,1,0,0,0,0,0,0,0,0,0,1,0,0,0,0,0,0,0,0
5.968707559985366,0.0,0,57,7,0.0,0.0,1,0,0,0,0.6862745098039216,0,0,0,0,0,0,0,0,0,0,0,0,0,0,0,0,0,0,0,0,1,0,0,0,0,0,0,0,0,0,1,0,0,0,0,0,0,0,0
6.792344427470809,0.0,0,10,2,0.0,0.0,0,0,0,0,0.0,0,0,0,0,0,0,0,0,0,0,0,0,0,0,0,0,0,0,0,0,1,0,0,0,0,0,0,0,0,0,0,0,0,1,0,0,0,0,0
8.38958706681109,0.0,0,32,5,0.0,4.61512051684126,0,0,1,0,0.7142857142857143,0,0,0,0,0,0,0,0,0,0,0,0,0,0,0,0,0,0,0,0,1,0,0,0,0,0,0,0,0,0,1,0,0,0,0,0,0,0,0
6.214608098422191,0.0,0,77,13,0.0,4.110873864173311,0,1,0,0,0.4307692307692308,0,0,0,0,0,0,0,0,0,0,0,0,0,0,0,0,0,0,0,0,1,0,0,0,0,0,0,0,0,0,1,0,0,0,0,0,0,0,0
6.846943139585379,0.0,0,10,2,0.0,0.0,0,0,0,0,0.0,0,0,0,0,0,0,0,0,0,0,0,0,0,0,0,0,0,0,0,0,1,0,0,0,0,0,0,0,0,0,1,0,0,0,0,0,0,0,0
5.5254529391317835,0.0,0,20,3,0.0,0.0,0,0,0,0,0.7222222222222222,0,0,0,0,0,0,0,0,0,0,0,0,0,0,0,0,0,0,0,0,1,0,0,0,0,0,0,0,0,0,0,0,0,1,0,0,0,0,0
5.5254529391317835,0.0,0,20,3,0.0,0.0,0,0,0,0,0.7222222222222222,0,0,0,0,0,0,0,0,0,0,0,0,0,0,0,0,0,0,0,0,1,0,0,0,0,0,0,0,0,0,0,0,0,1,0,0,0,0,0
6.55250788703459,0.0,0,95,12,0.0,0.0,0,0,0,0,0.7619047619047619,0,0,0,0,0,0,0,0,0,0,0,0,0,0,0,0,0,0,0,0,1,0,0,0,0,0,0,0,0,0,1,0,0,0,0,0,0,0,0
7.329749689041512,0.0,0,95,12,0.0,0.0,0,0,0,0,0.7619047619047619,0,0,0,0,0,0,0,0,0,0,0,0,0,0,0,0,0,0,0,0,1,0,0,0,0,0,0,0,0,0,1,0,0,0,0,0,0,0,0
5.198497031265826,0.0,0,28,3,0.0,0.0,0,0,0,0,0.6538461538461539,0,0,0,0,0,0,0,0,0,0,0,0,0,0,0,0,0,0,0,0,1,0,0,0,0,0,0,0,0,0,0,0,0,0,0,0,1,0,0
6.792344427470809,0.0,0,10,2,0.0,0.0,0,0,0,0,0.0,0,0,0,0,0,0,0,0,0,0,0,0,0,0,0,0,0,0,0,0,1,0,0,0,0,0,0,0,0,0,0,0,0,0,0,0,1,0,0
5.198497031265826,0.0,0,10,2,0.0,0.0,0,0,0,0,0.0,0,0,0,0,0,0,0,0,0,0,0,0,0,0,0,0,0,0,0,0,1,0,0,0,0,0,0,0,0,0,0,0,0,1,0,0,0,0,0
6.470799503782602,0.0,0,72,12,0.0,3.4339872044851463,0,1,0,0,0.5901639344262295,0,0,0,0,0,0,0,0,0,0,0,0,0,0,0,0,0,0,0,0,1,0,0,0,0,0,0,0,0,0,1,0,0,0,0,0,0,0,0
5.198497031265826,0.0,0,20,3,0.0,0.0,0,0,0,0,0.5,0,0,0,0,0,0,0,0,0,0,0,0,0,0,0,0,0,0,0,0,1,0,0,0,0,0,0,0,0,0,1,0,0,0,0,0,0,0,0
4.912654885736052,0.0,0,57,6,2.833213344056216,0.0,0,0,0,0,0.6346153846153846,0,0,0,0,0,0,0,0,0,0,0,0,0,0,0,0,0,0,0,0,1,0,0,0,0,0,0,0,0,0,1,0,0,0,0,0,0,0,0
5.198497031265826,0.0,0,19,3,0.0,0.0,0,0,0,0,0.47058823529411764,0,0,0,0,0,0,0,0,0,0,0,0,0,0,0,0,0,0,0,0,1,0,0,0,0,0,0,0,0,0,0,0,0,1,0,0,0,0,0
6.792344427470809,0.0,0,42,3,0.0,0.0,0,0,0,0,0.775,0,0,0,0,0,0,0,0,0,0,0,0,0,0,0,0,0,0,0,0,1,0,0,0,0,0,0,0,0,0,0,0,0,1,0,0,0,0,0
5.25227342804663,0.0,0,11,2,0.0,0.0,0,0,0,0,1.0,0,0,0,0,0,0,0,0,0,0,0,0,0,0,0,0,0,0,0,0,1,0,0,0,0,0,0,0,0,0,0,0,1,0,0,0,0,0,0
5.703782474656201,0.0,0,120,9,1.791759469228055,4.61512051684126,0,1,0,0,0.6964285714285714,0,0,0,0,0,0,0,0,0,0,0,0,0,0,0,0,0,0,0,0,1,0,0,0,0,0,0,0,0,0,1,0,0,0,0,0,0,0,0
6.131226489483141,0.0,0,120,18,0.0,7.613818684808629,1,0,0,0,0.42718446601941745,0,0,0,0,0,0,0,0,0,0,0,0,0,0,0,0,0,0,0,0,1,0,0,0,0,0,0,0,0,0,0,0,0,0,1,0,0,0,0
8.24301946898925,0.0,0,110,8,0.0,4.61512051684126,0,1,0,0,0.6407766990291263,0,0,0,0,0,0,0,0,0,0,0,0,0,0,0,0,0,0,0,0,1,0,0,0,0,0,0,0,0,0,0,0,1,0,0,0,0,0,0
5.0106352940962555,0.0,0,108,9,0.0,3.4339872044851463,0,1,0,0,0.9,0,0,0,0,0,0,0,0,0,0,0,0,0,0,0,0,0,0,0,0,1,0,0,0,0,0,0,0,0,0,1,0,0,0,0,0,0,0,0
6.55250788703459,0.0,0,141,14,0.0,4.110873864173311,1,1,1,0,0.9512195121951219,0,0,0,0,0,0,0,0,0,0,0,0,0,0,0,0,0,0,0,0,1,0,0,0,0,0,0,0,0,0,1,0,0,0,0,0,0,0,0
6.792344427470809,0.0,0,75,6,0.0,0.0,1,0,0,0,0.8382352941176471,0,0,0,0,0,0,0,0,0,0,0,0,0,0,0,0,0,0,0,0,1,0,0,0,0,0,0,0,0,0,1,0,0,0,0,0,0,0,0
7.074116816197362,0.0,0,71,9,0.0,3.4339872044851463,0,1,0,0,0.7301587301587301,0,0,0,0,0,0,0,0,0,0,0,0,0,0,0,0,0,0,0,0,1,0,0,0,0,0,0,0,0,0,1,0,0,0,0,0,0,0,0
6.53813982376767,0.0,0,93,9,0.0,2.0794415416798357,0,1,0,0,0.8235294117647058,0,0,0,0,0,0,0,0,0,0,0,0,0,0,0,0,0,0,0,0,1,0,0,0,0,0,0,0,0,0,1,0,0,0,0,0,0,0,0
6.3818160174060985,0.0,0,99,10,0.0,4.61512051684126,0,1,0,0,0.7777777777777778,0,0,0,0,0,0,0,0,0,0,0,0,0,0,0,0,0,0,0,0,1,0,0,0,0,0,0,0,0,0,1,0,0,0,0,0,0,0,0
7.2305631534092925,0.0,0,68,10,0.0,2.0794415416798357,0,1,0,0,0.6440677966101694,0,0,0,0,0,0,0,0,0,0,0,0,0,0,0,0,0,0,0,0,1,0,0,0,0,0,0,0,0,0,1,0,0,0,0,0,0,0,0
7.293697720601438,0.0,0,138,16,0.0,7.581209826196346,0,1,0,1,0.7768595041322314,0,0,0,0,0,0,0,0,0,0,0,0,0,0,0,0,0,0,0,0,1,0,0,0,0,0,0,0,0,0,0,0,1,0,0,0,0,0,0
6.19644412779452,0.0,0,101,10,0.0,6.19644412779452,0,1,0,0,0.8152173913043478,0,0,0,0,0,0,0,0,0,0,0,0,0,0,0,0,0,0,0,0,1,0,0,0,0,0,0,0,0,0,0,0,1,0,0,0,0,0,0
5.8888779583328805,0.0,0,67,10,0.0,5.8888779583328805,0,0,0,0,0.7241379310344828,0,0,0,0,0,0,0,0,0,0,0,0,0,0,0,0,0,0,0,0,1,0,0,0,0,0,0,0,0,0,0,0,1,0,0,0,0,0,0
6.293419278846481,0.0,0,97,12,0.0,6.293419278846481,0,0,0,0,0.813953488372093,0,0,0,0,0,0,0,0,0,0,0,0,0,0,0,0,0,0,0,0,1,0,0,0,0,0,0,0,0,0,0,0,1,0,0,0,0,0,0
6.985641817639208,0.0,0,122,18,0.0,6.985641817639208,0,0,0,1,0.8095238095238095,0,0,0,0,0,0,0,0,0,0,0,0,0,0,0,0,0,0,0,0,1,0,0,0,0,0,0,0,0,0,0,0,1,0,0,0,0,0,0
6.803505257608338,0.0,0,115,12,0.0,6.8885724595653635,0,1,0,0,0.7884615384615384,0,0,0,0,0,0,0,0,0,0,0,0,0,0,0,0,0,0,0,0,1,0,0,0,0,0,0,0,0,0,0,0,1,0,0,0,0,0,0
6.580639137284949,0.0,0,123,18,0.0,6.580639137284949,0,0,0,1,0.8018867924528302,0,0,0,0,0,0,0,0,0,0,0,0,0,0,0,0,0,0,0,0,1,0,0,0,0,0,0,0,0,0,0,0,1,0,0,0,0,0,0
6.792344427470809,0.0,0,65,12,6.811244378601294,3.4339872044851463,0,1,0,0,0.7169811320754716,0,0,0,0,0,0,0,0,0,0,0,0,0,0,0,0,0,0,0,0,1,0,0,0,0,0,0,0,0,0,1,0,0,0,0,0,0,0,0
6.580639137284949,0.0,0,112,9,6.261491684321042,0.0,0,0,0,1,0.75,0,0,0,0,0,0,0,0,0,0,0,0,0,0,0,0,0,0,0,0,1,0,0,0,0,0,0,0,0,0,1,0,0,0,0,0,0,0,0
5.198497031265826,0.0,0,117,12,2.4849066497880004,1.791759469228055,0,1,0,0,0.8867924528301887,0,0,0,0,0,0,0,0,0,0,0,0,0,0,0,0,0,0,0,0,1,0,0,0,0,0,0,0,0,0,1,0,0,0,0,0,0,0,0
4.912654885736052,0.0,0,95,13,4.543294782270004,0.0,0,0,0,0,0.6024096385542169,0,0,0,0,0,0,0,0,0,0,0,0,0,0,0,0,0,0,0,0,1,0,0,0,0,0,0,0,0,0,1,0,0,0,0,0,0,0,0
6.803505257608338,0.0,0,123,18,3.713572066704308,0.0,0,0,0,0,0.0,0,0,0,0,0,0,0,0,0,0,0,0,0,0,0,0,0,0,0,0,1,0,0,0,0,0,0,0,0,0,0,0,0,1,0,0,0,0,0
4.836281906951478,0.0,0,101,7,6.82001636467413,0.0,0,0,0,0,1.0,0,0,0,0,0,0,0,0,0,0,0,0,0,0,0,0,0,0,0,0,1,0,0,0,0,0,0,0,0,0,0,1,0,0,0,0,0,0,0
7.396335293800808,0.0,0,119,14,6.030685260261263,0.0,0,0,0,0,0.0,0,0,0,0,0,0,0,0,0,0,0,0,0,0,0,0,0,0,0,0,1,0,0,0,0,0,0,0,0,0,1,0,0,0,0,0,0,0,0
4.941642422609304,0.0,0,124,15,4.2626798770413155,4.110873864173311,0,1,0,0,0.8,0,0,0,0,0,0,0,0,0,0,0,0,0,0,0,0,0,0,0,0,1,0,0,0,0,0,0,0,0,0,1,0,0,0,0,0,0,0,0
5.298317366548036,0.0,0,128,8,7.54274354536855,4.61512051684126,0,1,1,0,0.9338842975206612,0,0,0,0,0,0,0,0,0,0,0,0,0,0,0,0,0,0,0,0,1,0,0,0,0,0,0,0,0,0,0,0,0,0,1,0,0,0,0
5.198497031265826,0.0,0,98,14,6.693323668269949,0.0,0,0,0,0,0.7619047619047619,0,0,0,0,0,0,0,0,0,0,0,0,0,0,0,0,0,0,0,0,1,0,0,0,0,0,0,0,0,0,1,0,0,0,0,0,0,0,0
6.907755278982137,0.0,0,121,13,0.0,2.772588722239781,0,1,0,0,0.8532110091743119,0,0,0,0,0,0,0,0,0,0,0,0,0,0,0,0,0,0,0,0,1,0,0,0,0,0,0,0,0,0,1,0,0,0,0,0,0,0,0
4.795790545596741,0.0,0,55,7,4.127134385045092,7.7102051944325325,0,1,0,0,0.8163265306122449,0,0,0,0,0,0,0,0,0,0,0,0,0,0,0,0,0,0,0,0,1,0,0,0,0,0,0,0,0,0,1,0,0,0,0,0,0,0,0
6.3818160174060985,0.0,0,47,8,5.659482215759621,4.61512051684126,0,1,0,0,0.525,0,0,0,0,0,0,0,0,0,0,0,0,0,0,0,0,0,0,0,0,1,0,0,0,0,0,0,0,0,0,1,0,0,0,0,0,0,0,0
4.890349128221754,0.0,0,146,14,2.1972245773362196,4.290459441148391,1,1,0,0,0.8120300751879699,0,0,0,0,0,0,0,0,0,0,0,0,0,0,0,0,0,0,0,0,1,0,0,0,0,0,0,0,0,0,1,0,0,0,0,0,0,0,0
5.8888779583328805,0.0,0,68,9,7.415776975415394,1.0986122886681098,0,0,0,0,0.7833333333333333,0,0,0,0,0,0,0,0,0,0,0,0,0,0,0,0,0,0,0,0,1,0,0,0,0,0,0,0,0,0,1,0,0,0,0,0,0,0,0
7.43307534889858,0.0,0,89,7,3.8918202981106265,4.110873864173311,0,1,0,0,0.7108433734939759,0,0,0,0,0,0,0,0,0,0,0,0,0,0,0,0,0,0,0,0,1,0,0,0,0,0,0,0,0,0,1,0,0,0,0,0,0,0,0
6.802394763324311,0.0,0,181,18,4.1588830833596715,4.61512051684126,0,1,0,0,0.774390243902439,0,0,0,0,0,0,0,0,0,0,0,0,0,0,0,0,0,0,0,0,1,0,0,0,0,0,0,0,0,0,1,0,0,0,0,0,0,0,0
6.19644412779452,0.0,0,134,15,4.127134385045092,3.044522437723423,0,1,0,1,0.9411764705882353,0,0,0,0,0,0,0,0,0,0,0,0,0,0,0,0,0,0,0,0,1,0,0,0,0,0,0,0,0,0,0,1,0,0,0,0,0,0,0
5.700443573390687,0.0,0,69,11,4.532599493153256,5.993961427306569,0,1,0,0,0.22033898305084745,0,0,0,0,0,0,0,0,0,0,0,0,0,0,0,0,0,0,0,0,1,0,0,0,0,0,0,0,0,0,0,0,0,0,1,0,0,0,0
5.198497031265826,0.0,0,105,11,1.9459101490553132,2.5649493574615367,0,0,0,0,0.9578947368421052,0,0,0,0,0,0,0,0,0,0,0,0,0,0,0,0,0,0,0,0,1,0,0,0,0,0,0,0,0,0,1,0,0,0,0,0,0,0,0
6.293419278846481,0.0,0,29,2,0.0,0.0,0,0,0,0,0.6785714285714286,0,0,0,0,0,0,0,0,0,0,0,0,0,0,0,0,0,0,0,0,1,0,0,0,0,0,0,0,0,0,0,0,1,0,0,0,0,0,0
5.017279836814924,0.0,0,31,2,0.0,0.0,0,0,0,0,1.0,0,0,0,0,0,0,0,0,0,0,0,0,0,0,0,0,0,0,0,0,1,0,0,0,0,0,0,0,0,0,0,0,0,1,0,0,0,0,0
7.048386408721883,0.0,0,78,6,0.0,1.3862943611198906,0,1,0,1,0.958904109589041,0,0,0,0,0,0,0,0,0,0,0,0,0,0,0,0,0,0,0,0,1,0,0,0,0,0,0,0,0,0,1,0,0,0,0,0,0,0,0
5.198497031265826,0.0,0,60,4,0.0,0.0,0,0,0,0,0.8421052631578947,0,0,0,0,0,0,0,0,0,0,0,0,0,0,0,0,0,0,0,0,1,0,0,0,0,0,0,0,0,0,1,0,0,0,0,0,0,0,0
7.313886831633462,0.0,0,80,8,0.0,4.110873864173311,0,1,0,0,0.8356164383561644,0,0,0,0,0,0,0,0,0,0,0,0,0,0,0,0,0,0,0,0,1,0,0,0,0,0,0,0,0,0,1,0,0,0,0,0,0,0,0
6.792344427470809,0.0,0,76,8,0.0,3.4339872044851463,0,1,0,0,0.8260869565217391,0,0,0,0,0,0,0,0,0,0,0,0,0,0,0,0,0,0,0,0,1,0,0,0,0,0,0,0,0,0,1,0,0,0,0,0,0,0,0
6.580639137284949,0.0,0,87,9,0.0,1.791759469228055,0,1,0,0,0.8076923076923077,0,0,0,0,0,0,0,0,0,0,0,0,0,0,0,0,0,0,0,0,1,0,0,0,0,0,0,0,0,0,1,0,0,0,0,0,0,0,0
6.792344427470809,0.0,0,73,7,0.0,3.4339872044851463,0,1,0,0,0.8059701492537313,0,0,0,0,0,0,0,0,0,0,0,0,0,0,0,0,0,0,0,0,1,0,0,0,0,0,0,0,0,0,1,0,0,0,0,0,0,0,0
6.792344427470809,0.0,0,65,8,0.0,3.4339872044851463,0,1,0,0,0.7931034482758621,0,0,0,0,0,0,0,0,0,0,0,0,0,0,0,0,0,0,0,0,1,0,0,0,0,0,0,0,0,0,0,0,0,0,0,0,1,0,0
5.135798437050262,0.0,0,233,38,0.0,0.6931471805599453,0,1,0,0,0.3877551020408163,0,0,0,0,0,0,0,0,0,0,0,0,0,0,0,0,0,0,0,0,1,0,0,0,0,0,0,0,0,0,0,0,0,0,0,0,1,0,0
5.25227342804663,0.0,0,60,10,0.0,6.68586094706836,0,1,0,0,0.1568627450980392,0,0,0,0,0,0,0,0,0,0,0,0,0,0,0,0,0,0,0,0,1,0,0,0,0,0,0,0,0,0,1,0,0,0,0,0,0,0,0
5.8888779583328805,0.0,0,80,9,0.0,2.3978952727983707,0,1,0,0,0.8333333333333334,0,0,0,0,0,0,0,0,0,0,0,0,0,0,0,0,0,0,0,0,1,0,0,0,0,0,0,0,0,0,1,0,0,0,0,0,0,0,0
5.198497031265826,0.0,0,79,9,0.0,1.791759469228055,0,1,0,0,0.8450704225352113,0,0,0,0,0,0,0,0,0,0,0,0,0,0,0,0,0,0,0,0,1,0,0,0,0,0,0,0,0,0,1,0,0,0,0,0,0,0,0
7.090076835776092,0.0,0,49,7,3.4657359027997265,5.303304908059076,1,0,0,0,0.0,0,0,0,0,0,0,0,0,0,0,0,0,0,0,0,0,0,0,0,0,1,0,0,0,0,0,0,0,0,0,1,0,0,0,0,0,0,0,0
4.8283137373023015,0.0,0,94,11,6.885509670034818,4.110873864173311,1,1,0,0,0.7317073170731707,0,0,0,0,0,0,0,0,0,0,0,0,0,0,0,0,0,0,0,0,1,0,0,0,0,0,0,0,0,0,1,0,0,0,0,0,0,0,0
3.828641396489095,0.0,0,58,4,5.981414211254481,0.0,0,0,0,0,1.0,0,0,0,0,0,0,0,0,0,0,0,0,0,0,0,0,0,0,0,0,1,0,0,0,0,0,0,0,0,0,0,0,0,0,0,0,1,0,0
6.673297967767654,0.0,0,71,9,6.297109319933935,7.613324979540639,0,0,0,0,0.0,0,0,0,0,0,0,0,0,0,0,0,0,0,0,0,0,0,0,0,0,1,0,0,0,0,0,0,0,0,0,1,0,0,0,0,0,0,0,0
5.968707559985366,0.0,0,82,11,7.680637427560936,3.4339872044851463,0,0,0,0,0.9166666666666666,0,0,0,0,0,0,0,0,0,0,0,0,0,0,0,0,0,0,0,0,1,0,0,0,0,0,0,0,0,0,0,1,0,0,0,0,0,0,0
6.61472560020376,0.0,0,72,15,7.181591944611865,4.110873864173311,0,1,0,0,0.45614035087719296,0,0,0,0,0,0,0,0,0,0,0,0,0,0,0,0,0,0,0,0,1,0,0,0,0,0,0,0,0,0,0,0,1,0,0,0,0,0,0
6.364750756851911,0.0,0,78,12,2.8903717578961645,4.110873864173311,0,1,0,0,0.4626865671641791,0,0,0,0,0,0,0,0,0,0,0,0,0,0,0,0,0,0,0,0,1,0,0,0,0,0,0,0,0,0,1,0,0,0,0,0,0,0,0
6.877296071497429,0.0,0,86,11,6.040254711277414,5.198497031265826,0,1,0,0,0.0,0,0,0,0,0,0,0,0,0,0,0,0,0,0,0,0,0,0,0,0,1,0,0,0,0,0,0,0,0,0,1,0,0,0,0,0,0,0,0
4.454347296253507,0.0,0,9,1,0.0,0.0,0,0,0,0,0.6666666666666666,0,0,0,0,0,0,0,0,0,0,0,0,0,0,0,0,0,0,0,0,1,0,0,0,0,0,0,0,0,0,1,0,0,0,0,0,0,0,0
7.438383530044307,0.0,0,128,14,2.3978952727983707,4.61512051684126,0,0,1,0,0.5478260869565217,0,0,0,0,0,0,0,0,0,0,0,0,0,0,0,0,0,0,0,0,1,0,0,0,0,0,0,0,0,0,1,0,0,0,0,0,0,0,0
5.991464547107982,0.0,0,64,8,4.406719247264253,0.6931471805599453,0,0,0,0,0.7543859649122807,0,0,0,0,0,0,0,0,0,0,0,0,0,0,0,0,0,0,0,0,1,0,0,0,0,0,0,0,0,0,0,1,0,0,0,0,0,0,0
6.792344427470809,0.0,0,137,8,0.0,0.0,0,1,0,1,0.8923076923076924,0,0,0,0,0,0,0,0,0,0,0,0,0,0,0,0,0,0,0,0,1,0,0,0,0,0,0,0,0,0,1,0,0,0,0,0,0,0,0
6.293419278846481,0.0,0,87,9,0.0,1.791759469228055,0,1,0,0,0.8076923076923077,0,0,0,0,0,0,0,0,0,0,0,0,0,0,0,0,0,0,0,0,1,0,0,0,0,0,0,0,0,0,1,0,0,0,0,0,0,0,0
6.293419278846481,0.0,0,97,10,0.0,1.791759469228055,0,1,0,0,0.8409090909090909,0,0,0,0,0,0,0,0,0,0,0,0,0,0,0,0,0,0,0,0,1,0,0,0,0,0,0,0,0,0,1,0,0,0,0,0,0,0,0
6.293419278846481,0.0,0,79,6,0.0,1.791759469228055,0,1,0,0,0.8378378378378378,0,0,0,0,0,0,0,0,0,0,0,0,0,0,0,0,0,0,0,0,1,0,0,0,0,0,0,0,0,0,1,0,0,0,0,0,0,0,0
7.591357046698551,0.0,0,122,11,5.978885764901122,3.4339872044851463,0,1,0,0,0.875,0,0,0,0,0,0,0,0,0,0,0,0,0,0,0,0,0,0,0,0,1,0,0,0,0,0,0,0,0,0,1,0,0,0,0,0,0,0,0
5.484796933490655,0.0,0,20,3,0.0,1.6094379124341003,0,1,0,0,0.5555555555555556,0,0,0,0,0,0,1,0,0,0,0,0,0,0,0,0,0,0,0,0,0,0,0,0,0,0,0,0,0,0,0,0,0,0,1,0,0,0,0
4.836281906951478,0.0,0,20,3,0.0,1.0986122886681098,0,1,0,0,0.5555555555555556,0,0,0,0,0,0,1,0,0,0,0,0,0,0,0,0,0,0,0,0,0,0,0,0,0,0,0,0,0,0,0,0,0,0,1,0,0,0,0
5.968707559985366,0.0,0,23,4,0.0,0.6931471805599453,0,1,0,0,0.6,0,0,0,0,0,0,1,0,0,0,0,0,0,0,0,0,0,0,0,0,0,0,0,0,0,0,0,0,0,0,0,0,0,0,1,0,0,0,0
5.198497031265826,0.0,0,20,3,0.0,1.3862943611198906,0,1,0,0,0.5555555555555556,0,0,0,0,0,0,1,0,0,0,0,0,0,0,0,0,0,0,0,0,0,0,0,0,0,0,0,0,0,0,0,0,0,0,1,0,0,0,0
7.05617528410041,0.0,0,85,11,0.0,0.6931471805599453,0,1,0,1,0.92,0,0,0,0,0,0,1,0,0,0,0,0,0,0,0,0,0,0,0,0,0,0,0,0,0,0,0,0,0,0,1,0,0,0,0,0,0,0,0
4.189654742026425,0.0,0,20,3,0.0,0.6931471805599453,0,1,0,0,0.5555555555555556,0,0,0,0,0,0,1,0,0,0,0,0,0,0,0,0,0,0,0,0,0,0,0,0,0,0,0,0,0,0,0,0,0,0,1,0,0,0,0
6.175867270105761,0.0,0,49,5,4.248495242049359,0.0,0,0,0,0,0.7555555555555555,0,0,0,0,0,0,1,0,0,0,0,0,0,0,0,0,0,0,0,0,0,0,0,0,0,0,0,0,0,0,1,0,0,0,0,0,0,0,0
6.898714534329988,0.0,0,203,20,0.0,6.790097235513905,0,1,1,1,0.8478260869565217,0,0,0,0,0,0,1,0,0,0,0,0,0,0,0,0,0,0,0,0,0,0,0,0,0,0,0,0,0,0,1,0,0,0,0,0,0,0,0
6.175867270105761,0.0,0,93,7,0.0,5.993961427306569,0,0,0,0,0.8620689655172413,0,0,0,0,0,0,1,0,0,0,0,0,0,0,0,0,0,0,0,0,0,0,0,0,0,0,0,0,0,0,0,0,0,1,0,0,0,0,0
5.484796933490655,0.0,0,84,7,0.0,3.9318256327243257,0,1,0,0,0.9102564102564102,0,0,0,0,0,0,1,0,0,0,0,0,0,0,0,0,0,0,0,0,0,0,0,0,0,0,0,0,0,0,0,0,0,1,0,0,0,0,0
6.3818160174060985,0.0,0,114,13,0.0,0.6931471805599453,0,1,0,0,0.8627450980392157,0,0,0,0,0,0,1,0,0,0,0,0,0,0,0,0,0,0,0,0,0,0,0,0,0,0,0,0,0,0,0,1,0,0,0,0,0,0,0
5.817111159963204,0.0,0,92,10,0.0,4.61512051684126,0,0,0,0,0.7108433734939759,0,0,0,0,0,0,1,0,0,0,0,0,0,0,0,0,0,0,0,0,0,0,0,0,0,0,0,0,0,0,0,0,1,0,0,0,0,0,0
2.995732273553991,0.0,0,152,10,2.4849066497880004,27.332096108545464,0,1,1,0,0.8251748251748252,0,0,0,0,0,0,1,0,0,0,0,0,0,0,0,0,0,0,0,0,0,0,0,0,0,0,0,0,0,0,0,0,0,0,0,0,0,0,1
6.530877627725885,0.0,0,49,7,0.0,5.198497031265826,0,1,0,0,0.46511627906976744,0,0,0,0,0,0,1,0,0,0,0,0,0,0,0,0,0,0,0,0,0,0,0,0,0,0,0,0,0,0,0,0,0,0,0,0,1,0,0
5.968707559985366,0.0,0,91,12,0.0,5.303304908059076,1,0,0,0,0.9375,0,0,0,0,0,0,1,0,0,0,0,0,0,0,0,0,0,0,0,0,0,0,0,0,0,0,0,0,0,0,0,0,1,0,0,0,0,0,0
4.330733340286331,0.0,0,42,6,1.9459101490553132,4.110873864173311,0,1,0,0,0.5135135135135135,0,0,0,0,0,0,1,0,0,0,0,0,0,0,0,0,0,0,0,0,0,0,0,0,0,0,0,0,0,0,1,0,0,0,0,0,0,0,0
5.5254529391317835,0.0,0,25,4,0.0,0.0,0,0,0,0,0.45454545454545453,0,0,0,0,0,0,1,0,0,0,0,0,0,0,0,0,0,0,0,0,0,0,0,0,0,0,0,0,0,0,0,0,0,1,0,0,0,0,0
5.545177444479562,0.0,0,118,10,0.0,2.3978952727983707,0,1,0,0,0.9811320754716981,0,0,0,0,0,0,1,0,0,0,0,0,0,0,0,0,0,0,0,0,0,0,0,0,0,0,0,0,0,0,1,0,0,0,0,0,0,0,0
5.8888779583328805,0.0,0,49,5,3.295836866004329,0.0,0,0,0,0,0.7555555555555555,0,0,0,0,0,0,1,0,0,0,0,0,0,0,0,0,0,0,0,0,0,0,0,0,0,0,0,0,0,0,1,0,0,0,0,0,0,0,0
4.564348191467836,0.0,0,36,6,0.0,3.4339872044851463,1,0,0,0,0.7096774193548387,0,0,0,0,0,0,1,0,0,0,0,0,0,0,0,0,0,0,0,0,0,0,0,0,0,0,0,0,0,0,1,0,0,0,0,0,0,0,0
7.313886831633462,0.0,0,77,5,0.0,0.0,0,0,0,0,0.8356164383561644,0,0,0,0,0,0,1,0,0,0,0,0,0,0,0,0,0,0,0,0,0,0,0,0,0,0,0,0,0,0,1,0,0,0,0,0,0,0,0
4.836281906951478,0.0,0,135,17,0.0,1.9459101490553132,1,1,0,0,0.5047619047619047,0,0,0,0,0,0,1,0,0,0,0,0,0,0,0,0,0,0,0,0,0,0,0,0,0,0,0,0,0,0,1,0,0,0,0,0,0,0,0
6.19644412779452,0.0,0,27,1,0.0,0.0,0,0,0,0,1.0,0,0,0,0,0,0,1,0,0,0,0,0,0,0,0,0,0,0,0,0,0,0,0,0,0,0,0,0,0,0,1,0,0,0,0,0,0,0,0
6.175867270105761,0.0,0,90,11,0.0,2.3978952727983707,0,1,0,0,0.8481012658227848,0,0,0,0,0,0,1,0,0,0,0,0,0,0,0,0,0,0,0,0,0,0,0,0,0,0,0,0,0,0,0,0,0,0,1,0,0,0,0
7.237778191923443,0.0,0,141,22,0.0,4.61512051684126,0,1,1,1,0.6666666666666666,0,0,0,0,0,0,1,0,0,0,0,0,0,0,0,0,0,0,0,0,0,0,0,0,0,0,0,0,0,0,1,0,0,0,0,0,0,0,0
4.795790545596741,0.0,0,14,2,0.0,0.0,0,0,0,0,0.7692307692307693,0,0,0,0,0,0,1,0,0,0,0,0,0,0,0,0,0,0,0,0,0,0,0,0,0,0,0,0,0,0,0,1,0,0,0,0,0,0,0
4.919980925828125,0.0,0,108,8,0.0,0.0,0,0,0,0,0.9900990099009901,0,0,0,0,0,0,1,0,0,0,0,0,0,0,0,0,0,0,0,0,0,0,0,0,0,0,0,0,0,0,1,0,0,0,0,0,0,0,0
6.3818160174060985,0.0,0,113,14,0.0,1.0986122886681098,0,0,0,1,0.86,0,0,0,0,0,0,1,0,0,0,0,0,0,0,0,0,0,0,0,0,0,0,0,0,0,0,0,0,0,0,1,0,0,0,0,0,0,0,0
6.3818160174060985,0.0,0,113,14,0.0,1.0986122886681098,0,0,0,1,0.86,0,0,0,0,0,0,1,0,0,0,0,0,0,0,0,0,0,0,0,0,0,0,0,0,0,0,0,0,0,0,1,0,0,0,0,0,0,0,0
6.19644412779452,0.0,0,65,9,0.0,3.4339872044851463,0,1,0,0,0.0,0,0,0,0,0,0,1,0,0,0,0,0,0,0,0,0,0,0,0,0,0,0,0,0,0,0,0,0,0,0,1,0,0,0,0,0,0,0,0
7.467942332285852,0.0,0,64,10,0.0,4.110873864173311,0,1,0,0,0.6,0,0,0,0,0,0,1,0,0,0,0,0,0,0,0,0,0,0,0,0,0,0,0,0,0,0,0,0,0,0,1,0,0,0,0,0,0,0,0
7.878912912297133,0.0,0,55,8,2.9444389791664403,4.110873864173311,0,1,0,0,0.5625,0,0,0,0,0,0,1,0,0,0,0,0,0,0,0,0,0,0,0,0,0,0,0,0,0,0,0,0,0,0,1,0,0,0,0,0,0,0,0
4.795790545596741,0.0,0,112,14,0.0,4.61512051684126,0,1,1,0,0.7676767676767676,0,0,0,0,0,0,1,0,0,0,0,0,0,0,0,0,0,0,0,0,0,0,0,0,0,0,0,0,0,0,0,0,0,0,1,0,0,0,0
7.237778191923443,0.0,0,126,16,0.0,5.303304908059076,1,0,0,1,0.9279279279279279,0,0,0,0,0,0,1,0,0,0,0,0,0,0,0,0,0,0,0,0,0,0,0,0,0,0,0,0,0,0,0,0,1,0,0,0,0,0,0
6.673297967767654,0.0,0,67,6,0.0,0.6931471805599453,0,0,0,0,0.8870967741935484,0,0,0,0,0,0,1,0,0,0,0,0,0,0,0,0,0,0,0,0,0,0,0,0,0,0,0,0,0,0,1,0,0,0,0,0,0,0,0
7.086737934510577,0.0,0,56,2,0.0,0.0,0,0,0,0,0.8727272727272727,0,0,0,0,0,0,1,0,0,0,0,0,0,0,0,0,0,0,0,0,0,0,0,0,0,0,0,0,0,0,0,1,0,0,0,0,0,0,0
5.247024072160486,0.0,0,124,12,0.0,3.4339872044851463,1,1,0,0,0.7168141592920354,0,0,0,0,0,0,1,0,0,0,0,0,0,0,0,0,0,0,0,0,0,0,0,0,0,0,0,0,0,0,1,0,0,0,0,0,0,0,0
5.247024072160486,0.0,0,125,13,0.0,3.4339872044851463,1,1,0,0,0.7168141592920354,0,0,0,0,0,0,1,0,0,0,0,0,0,0,0,0,0,0,0,0,0,0,0,0,0,0,0,0,0,0,1,0,0,0,0,0,0,0,0
7.237778191923443,0.0,0,206,23,0.0,3.4339872044851463,0,1,1,1,0.8315217391304348,0,0,0,0,0,0,1,0,0,0,0,0,0,0,0,0,0,0,0,0,0,0,0,0,0,0,0,0,0,0,1,0,0,0,0,0,0,0,0
5.564520407322694,0.0,0,21,4,0.0,0.6931471805599453,0,0,0,1,0.8333333333333334,0,0,0,0,0,0,1,0,0,0,0,0,0,0,0,0,0,0,0,0,0,0,0,0,0,0,0,0,0,0,0,0,0,0,1,0,0,0,0
4.700480365792417,0.0,0,32,4,3.4657359027997265,0.6931471805599453,0,1,0,0,0.6551724137931034,0,0,0,0,0,0,1,0,0,0,0,0,0,0,0,0,0,0,0,0,0,0,0,0,0,0,0,0,0,0,1,0,0,0,0,0,0,0,0
4.330733340286331,0.0,0,39,4,2.3978952727983707,0.0,0,0,0,0,0.4722222222222222,0,0,0,0,0,0,1,0,0,0,0,0,0,0,0,0,0,0,0,0,0,0,0,0,0,0,0,0,0,0,1,0,0,0,0,0,0,0,0
5.860786223465865,0.0,0,63,6,3.970291913552122,0.0,0,0,0,0,0.6896551724137931,0,0,0,0,0,0,1,0,0,0,0,0,0,0,0,0,0,0,0,0,0,0,0,0,0,0,0,0,0,0,1,0,0,0,0,0,0,0,0
6.133398042996649,0.0,0,28,5,0.0,2.3978952727983707,0,1,0,0,0.5416666666666666,0,0,0,0,0,0,1,0,0,0,0,0,0,0,0,0,0,0,0,0,0,0,0,0,0,0,0,0,0,0,1,0,0,0,0,0,0,0,0
6.898714534329988,0.0,0,116,18,3.6375861597263857,4.61512051684126,0,1,1,1,0.6262626262626263,0,0,0,0,0,0,1,0,0,0,0,0,0,0,0,0,0,0,0,0,0,0,0,0,0,0,0,0,0,0,1,0,0,0,0,0,0,0,0
4.454347296253507,0.0,0,65,14,5.564520407322694,1.9459101490553132,1,1,0,0,0.34615384615384615,0,0,0,0,0,0,1,0,0,0,0,0,0,0,0,0,0,0,0,0,0,0,0,0,0,0,0,0,0,0,1,0,0,0,0,0,0,0,0
6.3818160174060985,0.0,0,41,5,2.6390573296152584,0.6931471805599453,0,0,0,0,0.9722222222222222,0,0,0,0,0,0,1,0,0,0,0,0,0,0,0,0,0,0,0,0,0,0,0,0,0,0,0,0,0,0,1,0,0,0,0,0,0,0,0
5.407171771460119,0.0,0,114,15,6.025865973825314,4.61512051684126,0,1,1,0,0.78,0,0,0,0,0,0,1,0,0,0,0,0,0,0,0,0,0,0,0,0,0,0,0,0,0,0,0,0,0,0,1,0,0,0,0,0,0,0,0
4.330733340286331,0.0,0,44,7,6.621405651764134,4.110873864173311,0,1,0,0,0.5263157894736842,0,0,0,0,0,0,1,0,0,0,0,0,0,0,0,0,0,0,0,0,0,0,0,0,0,0,0,0,0,0,1,0,0,0,0,0,0,0,0
5.703782474656201,0.0,0,38,5,4.382026634673881,1.3862943611198906,0,1,0,1,0.6470588235294118,0,0,0,0,0,0,1,0,0,0,0,0,0,0,0,0,0,0,0,0,0,0,0,0,0,0,0,0,0,0,1,0,0,0,0,0,0,0,0
5.231108616854587,0.0,0,114,9,8.132118772955806,3.8918202981106265,0,1,0,0,0.9433962264150944,0,0,0,0,0,0,1,0,0,0,0,0,0,0,0,0,0,0,0,0,0,0,0,0,0,0,0,0,0,0,1,0,0,0,0,0,0,0,0
5.857933154483459,0.0,0,51,8,6.0112671744041615,4.110873864173311,0,0,0,0,0.0,0,0,0,0,0,0,1,0,0,0,0,0,0,0,0,0,0,0,0,0,0,0,0,0,0,0,0,0,0,0,0,0,0,0,1,0,0,0,0
4.605170185988092,0.0,0,44,7,5.003946305945459,0.6931471805599453,0,0,0,1,0.5675675675675675,0,0,0,0,0,0,1,0,0,0,0,0,0,0,0,0,0,0,0,0,0,0,0,0,0,0,0,0,0,0,1,0,0,0,0,0,0,0,0
5.303304908059076,0.0,0,68,9,7.585788821732034,3.4339872044851463,0,1,0,0,0.7666666666666667,0,0,0,0,0,0,1,0,0,0,0,0,0,0,0,0,0,0,0,0,0,0,0,0,0,0,0,0,0,0,1,0,0,0,0,0,0,0,0
5.081404364984463,0.0,0,125,13,8.332308352219117,0.0,0,0,1,0,0.8839285714285714,0,0,0,0,0,0,1,0,0,0,0,0,0,0,0,0,0,0,0,0,0,0,0,0,0,0,0,0,0,0,1,0,0,0,0,0,0,0,0
4.867534450455582,0.0,0,128,18,9.210340371976184,2.70805020110221,0,1,0,1,0.7927927927927928,0,0,0,0,0,0,1,0,0,0,0,0,0,0,0,0,0,0,0,0,0,0,0,0,0,0,0,0,0,0,1,0,0,0,0,0,0,0,0
5.703782474656201,0.0,0,95,15,7.580699752224563,4.61512051684126,0,0,0,0,0.5432098765432098,0,0,0,0,0,0,1,0,0,0,0,0,0,0,0,0,0,0,0,0,0,0,0,0,0,0,0,0,0,0,1,0,0,0,0,0,0,0,0
6.530877627725885,0.0,0,72,6,4.605170185988092,7.613324979540639,0,0,1,0,0.29850746268656714,0,0,0,0,0,0,1,0,0,0,0,0,0,0,0,0,0,0,0,0,0,0,0,0,0,0,0,0,0,0,1,0,0,0,0,0,0,0,0
5.303304908059076,0.0,0,87,13,8.966738978759576,3.4339872044851463,0,1,0,0,0.7702702702702703,0,0,0,0,0,0,1,0,0,0,0,0,0,0,0,0,0,0,0,0,0,0,0,0,0,0,0,0,0,0,1,0,0,0,0,0,0,0,0
4.74493212836325,0.0,0,90,14,7.002155954403621,4.61512051684126,0,1,0,0,0.6883116883116883,0,0,0,0,0,0,1,0,0,0,0,0,0,0,0,0,0,0,0,0,0,0,0,0,0,0,0,0,0,0,1,0,0,0,0,0,0,0,0
6.19644412779452,0.0,0,32,4,4.276666119016055,1.791759469228055,0,1,0,0,0.6551724137931034,0,0,0,0,0,0,1,0,0,0,0,0,0,0,0,0,0,0,0,0,0,0,0,0,0,0,0,0,0,0,1,0,0,0,0,0,0,0,0
4.330733340286331,0.0,0,127,4,2.302585092994046,4.110873864173311,1,0,0,0,0.9838709677419355,0,0,0,0,0,0,1,0,0,0,0,0,0,0,0,0,0,0,0,0,0,0,0,0,0,0,0,0,0,0,0,1,0,0,0,0,0,0,0
4.74493212836325,0.0,0,70,11,7.933438387627489,4.61512051684126,0,1,0,0,0.6833333333333333,0,0,0,0,0,0,1,0,0,0,0,0,0,0,0,0,0,0,0,0,0,0,0,0,0,0,0,0,0,0,1,0,0,0,0,0,0,0,0
4.795790545596741,0.0,0,95,9,6.016157159698354,4.61512051684126,0,0,1,0,0.6976744186046512,0,0,0,0,0,0,1,0,0,0,0,0,0,0,0,0,0,0,0,0,0,0,0,0,0,0,0,0,0,0,1,0,0,0,0,0,0,0,0
4.787491742782046,0.0,0,51,8,5.583496308781699,4.61512051684126,0,1,0,0,0.6590909090909091,0,0,0,0,0,0,1,0,0,0,0,0,0,0,0,0,0,0,0,0,0,0,0,0,0,0,0,0,0,0,1,0,0,0,0,0,0,0,0
6.803505257608338,0.0,0,39,5,5.030437921392435,2.3978952727983707,0,1,0,1,0.6285714285714286,0,0,0,0,0,0,1,0,0,0,0,0,0,0,0,0,0,0,0,0,0,0,0,0,0,0,0,0,0,0,1,0,0,0,0,0,0,0,0
6.380122536899765,0.0,0,48,8,6.774223886357614,4.110873864173311,0,1,0,0,0.6097560975609756,0,0,0,0,0,0,1,0,0,0,0,0,0,0,0,0,0,0,0,0,0,0,0,0,0,0,0,0,0,0,1,0,0,0,0,0,0,0,0
6.2878585601617845,0.0,0,83,9,6.2324480165505225,4.61512051684126,0,1,0,0,0.6756756756756757,0,0,0,0,0,0,1,0,0,0,0,0,0,0,0,0,0,0,0,0,0,0,0,0,0,0,0,0,0,0,0,1,0,0,0,0,0,0,0
5.655991810819852,0.0,0,41,6,5.707110264748875,2.5649493574615367,0,1,0,0,0.6666666666666666,0,0,0,0,0,0,1,0,0,0,0,0,0,0,0,0,0,0,0,0,0,0,0,0,0,0,0,0,0,0,1,0,0,0,0,0,0,0,0
6.79794041297493,0.0,0,38,6,3.871201010907891,3.044522437723423,0,1,0,0,0.6666666666666666,0,0,0,0,0,0,1,0,0,0,0,0,0,0,0,0,0,0,0,0,0,0,0,0,0,0,0,0,0,0,1,0,0,0,0,0,0,0,0
5.802118375377063,0.0,0,91,11,3.8501476017100584,3.4339872044851463,1,1,0,0,0.5925925925925926,0,0,0,0,0,0,1,0,0,0,0,0,0,0,0,0,0,0,0,0,0,0,0,0,0,0,0,0,0,0,1,0,0,0,0,0,0,0,0
5.831882477283517,0.0,0,70,11,5.905361848054571,1.791759469228055,0,1,0,0,0.7068965517241379,0,0,0,0,0,0,1,0,0,0,0,0,0,0,0,0,0,0,0,0,0,0,0,0,0,0,0,0,0,0,0,0,1,0,0,0,0,0,0
5.0106352940962555,0.0,0,61,7,3.6375861597263857,4.110873864173311,0,1,0,0,0.8545454545454545,0,0,0,0,0,0,1,0,0,0,0,0,0,0,0,0,0,0,0,0,0,0,0,0,0,0,0,0,0,0,0,0,0,0,1,0,0,0,0
5.225746673713202,0.0,0,124,13,7.1372784372603855,3.4339872044851463,0,1,0,0,0.875,0,0,0,0,0,0,1,0,0,0,0,0,0,0,0,0,0,0,0,0,0,0,0,0,0,0,0,0,0,0,0,1,0,0,0,0,0,0,0
6.3818160174060985,0.0,0,43,7,0.0,0.0,0,0,0,0,0.40540540540540543,0,0,0,0,0,0,1,0,0,0,0,0,0,0,0,0,0,0,0,0,0,0,0,0,0,0,0,0,0,0,0,1,0,0,0,0,0,0,0
5.981414211254481,0.0,0,36,7,3.912023005428146,2.3978952727983707,0,1,0,0,0.6333333333333333,0,0,0,0,0,0,1,0,0,0,0,0,0,0,0,0,0,0,0,0,0,0,0,0,0,0,0,0,0,0,1,0,0,0,0,0,0,0,0
5.564520407322694,0.0,0,38,4,4.836281906951478,0.0,0,0,0,0,0.4857142857142857,0,0,0,0,0,0,1,0,0,0,0,0,0,0,0,0,0,0,0,0,0,0,0,0,0,0,0,0,0,0,1,0,0,0,0,0,0,0,0
5.768320995793772,0.0,0,104,14,0.0,9.61587214452889,1,1,0,0,0.5714285714285714,0,0,0,0,0,0,1,0,0,0,0,0,0,0,0,0,0,0,0,0,0,0,0,0,0,0,0,0,0,0,0,0,0,1,0,0,0,0,0
6.175867270105761,0.0,0,136,15,4.762173934797756,3.4339872044851463,1,1,1,1,0.8688524590163934,0,0,0,0,0,0,1,0,0,0,0,0,0,0,0,0,0,0,0,0,0,0,0,0,0,0,0,0,0,0,1,0,0,0,0,0,0,0,0
5.673323267171493,0.0,0,57,9,0.0,8.517393171418904,1,0,0,0,0.20408163265306123,0,0,0,0,0,0,1,0,0,0,0,0,0,0,0,0,0,0,0,0,0,0,0,0,0,0,0,0,0,0,1,0,0,0,0,0,0,0,0
5.3981627015177525,0.0,0,104,12,0.0,4.110873864173311,0,1,0,0,0.7956989247311828,0,0,0,0,0,0,1,0,0,0,0,0,0,0,0,0,0,0,0,0,0,0,0,0,0,0,0,0,0,0,1,0,0,0,0,0,0,0,0
5.8888779583328805,0.0,0,88,7,4.2626798770413155,4.61512051684126,0,0,1,0,0.7195121951219512,0,0,0,0,0,0,1,0,0,0,0,0,0,0,0,0,0,0,0,0,0,0,0,0,0,0,0,0,0,0,1,0,0,0,0,0,0,0,0
6.175867270105761,0.0,0,49,5,3.9512437185814275,0.0,0,0,0,0,0.7555555555555555,0,0,0,0,0,0,1,0,0,0,0,0,0,0,0,0,0,0,0,0,0,0,0,0,0,0,0,0,0,0,1,0,0,0,0,0,0,0,0
6.133398042996649,0.0,0,72,6,0.0,5.707110264748875,1,0,0,0,0.47761194029850745,0,0,0,0,0,0,1,0,0,0,0,0,0,0,0,0,0,0,0,0,0,0,0,0,0,0,0,0,0,0,1,0,0,0,0,0,0,0,0
6.46302945692067,0.0,0,73,7,0.0,4.61512051684126,0,0,0,0,0.7910447761194029,0,0,0,0,0,0,1,0,0,0,0,0,0,0,0,0,0,0,0,0,0,0,0,0,0,0,0,0,0,0,1,0,0,0,0,0,0,0,0
5.484796933490655,0.0,0,93,7,0.0,5.993961427306569,0,0,0,0,0.8620689655172413,0,0,0,0,0,0,1,0,0,0,0,0,0,0,0,0,0,0,0,0,0,0,0,0,0,0,0,0,0,0,0,0,0,1,0,0,0,0,0
4.394449154672439,0.0,0,74,6,0.0,0.0,0,0,1,1,0.8985507246376812,0,0,0,0,0,0,1,0,0,0,0,0,0,0,0,0,0,0,0,0,0,0,0,0,0,0,0,0,0,0,0,0,0,1,0,0,0,0,0
7.550135342488429,0.0,0,34,2,0.0,4.61512051684126,0,0,0,0,0.8787878787878788,0,0,0,0,0,0,1,0,0,0,0,0,0,0,0,0,0,0,0,0,0,0,0,0,0,0,0,0,0,0,0,1,0,0,0,0,0,0,0
6.78105762593618,0.0,0,55,8,2.9444389791664403,4.110873864173311,0,1,0,0,0.5625,0,0,0,0,0,0,1,0,0,0,0,0,0,0,0,0,0,0,0,0,0,0,0,0,0,0,0,0,0,0,1,0,0,0,0,0,0,0,0
6.78105762593618,0.0,0,39,7,4.3694478524670215,4.61512051684126,0,1,1,0,0.5454545454545454,0,0,0,0,0,0,1,0,0,0,0,0,0,0,0,0,0,0,0,0,0,0,0,0,0,0,0,0,0,0,1,0,0,0,0,0,0,0,0
5.771441123130016,0.0,0,49,4,3.258096538021482,2.3978952727983707,0,1,0,0,0.8260869565217391,0,0,0,0,0,0,1,0,0,0,0,0,0,0,0,0,0,0,0,0,0,0,0,0,0,0,0,0,0,0,0,0,0,0,1,0,0,0,0
6.551080335043404,0.0,0,49,6,5.214935757608986,4.61512051684126,0,0,1,0,0.36363636363636365,0,0,0,0,0,0,1,0,0,0,0,0,0,0,0,0,0,0,0,0,0,0,0,0,0,0,0,0,0,0,0,0,0,0,1,0,0,0,0
8.594339400592892,0.0,0,141,21,2.3978952727983707,4.110873864173311,1,1,0,1,0.7563025210084033,0,0,0,0,0,0,1,0,0,0,0,0,0,0,0,0,0,0,0,0,0,0,0,0,0,0,0,0,0,0,1,0,0,0,0,0,0,0,0
5.5053315359323625,0.0,0,34,3,5.3471075307174685,0.0,0,1,0,0,0.9375,0,0,0,0,0,0,1,0,0,0,0,0,0,0,0,0,0,0,0,0,0,0,0,0,0,0,0,0,0,0,0,0,0,0,0,0,1,0,0
5.860786223465865,0.0,0,94,14,3.4965075614664802,3.4339872044851463,1,1,0,1,0.6296296296296297,0,0,0,0,0,0,1,0,0,0,0,0,0,0,0,0,0,0,0,0,0,0,0,0,0,0,0,0,0,0,1,0,0,0,0,0,0,0,0
5.655991810819852,0.0,0,69,11,6.760414691083428,2.3978952727983707,0,1,0,0,0.576271186440678,0,0,0,0,0,0,1,0,0,0,0,0,0,0,0,0,0,0,0,0,0,0,0,0,0,0,0,0,0,0,1,0,0,0,0,0,0,0,0
5.293304824724492,0.0,0,90,13,5.683579767338681,3.4339872044851463,0,1,0,1,0.7948717948717948,0,0,0,0,0,0,1,0,0,0,0,0,0,0,0,0,0,0,0,0,0,0,0,0,0,0,0,0,0,0,1,0,0,0,0,0,0,0,0
6.90875477931522,0.0,0,5,1,5.093750200806762,0.0,0,0,0,0,0.0,0,0,0,0,0,0,1,0,0,0,0,0,0,0,0,0,0,0,0,0,0,0,0,0,0,0,0,0,0,0,0,0,0,0,0,0,0,0,1
6.111467339502679,0.0,0,38,4,6.322565239927284,0.0,0,0,0,0,0.4857142857142857,0,0,0,0,0,0,1,0,0,0,0,0,0,0,0,0,0,0,0,0,0,0,0,0,0,0,0,0,0,0,1,0,0,0,0,0,0,0,0
6.214608098422191,0.0,0,72,10,1.9459101490553132,6.2166061010848646,1,1,0,0,0.19047619047619047,0,0,0,0,0,0,1,0,0,0,0,0,0,0,0,0,0,0,0,0,0,0,0,0,0,0,0,0,0,0,1,0,0,0,0,0,0,0,0
6.396929655216146,0.0,0,32,6,4.897839799950911,3.9318256327243257,0,0,0,0,0.25925925925925924,0,0,0,0,0,0,1,0,0,0,0,0,0,0,0,0,0,0,0,0,0,0,0,0,0,0,0,0,0,0,1,0,0,0,0,0,0,0,0
6.19644412779452,0.0,0,66,11,4.143134726391533,5.755742213586912,1,1,0,0,0.0,0,0,0,0,0,0,1,0,0,0,0,0,0,0,0,0,0,0,0,0,0,0,0,0,0,0,0,0,0,0,1,0,0,0,0,0,0,0,0
5.634789603169249,0.0,0,61,11,3.828641396489095,1.9459101490553132,0,1,0,0,0.2708333333333333,0,0,0,0,0,0,1,0,0,0,0,0,0,0,0,0,0,0,0,0,0,0,0,0,0,0,0,0,0,0,1,0,0,0,0,0,0,0,0
6.455198563340122,0.0,0,77,7,3.1780538303479458,0.0,0,0,0,0,1.0,0,0,0,0,0,0,1,0,0,0,0,0,0,0,0,0,0,0,0,0,0,0,0,0,0,0,0,0,0,0,1,0,0,0,0,0,0,0,0
4.867534450455582,0.0,0,69,13,9.210340371976184,1.9459101490553132,0,1,0,0,0.543859649122807,0,0,0,0,0,0,1,0,0,0,0,0,0,0,0,0,0,0,0,0,0,0,0,0,0,0,0,0,0,0,1,0,0,0,0,0,0,0,0
5.655991810819852,0.0,0,69,11,7.579678823090456,2.3978952727983707,0,1,0,0,0.576271186440678,0,0,0,0,0,0,1,0,0,0,0,0,0,0,0,0,0,0,0,0,0,0,0,0,0,0,0,0,0,0,1,0,0,0,0,0,0,0,0
4.356708826689592,0.0,0,60,7,7.457609289715606,0.6931471805599453,0,1,0,0,0.9259259259259259,0,0,0,0,0,0,1,0,0,0,0,0,0,0,0,0,0,0,0,0,0,0,0,0,0,0,0,0,0,0,1,0,0,0,0,0,0,0,0
5.0106352940962555,0.0,0,58,7,3.58351893845611,4.61512051684126,1,1,0,0,0.6538461538461539,0,0,0,0,0,0,1,0,0,0,0,0,0,0,0,0,0,0,0,0,0,0,0,0,0,0,0,0,0,0,1,0,0,0,0,0,0,0,0
5.247024072160486,0.0,0,96,13,0.0,1.791759469228055,0,1,0,0,0.6904761904761905,0,0,0,0,0,0,1,0,0,0,0,0,0,0,0,0,0,0,0,0,0,0,0,0,0,0,0,0,0,0,1,0,0,0,0,0,0,0,0
6.398594934535208,0.0,0,31,4,0.0,0.0,0,0,0,0,1.0,0,0,0,0,0,0,1,0,0,0,0,0,0,0,0,0,0,0,0,0,0,0,0,0,0,0,0,0,0,0,1,0,0,0,0,0,0,0,0
5.278114659230517,0.0,0,33,1,0.0,0.0,0,0,0,0,0.7575757575757576,0,0,0,0,0,0,1,0,0,0,0,0,0,0,0,0,0,0,0,0,0,0,0,0,0,0,0,0,0,0,1,0,0,0,0,0,0,0,0
6.46302945692067,0.0,0,136,18,0.0,4.61512051684126,0,1,1,0,0.7142857142857143,0,0,0,0,0,0,1,0,0,0,0,0,0,0,0,0,0,0,0,0,0,0,0,0,0,0,0,0,0,0,0,0,1,0,0,0,0,0,0
6.131226489483141,0.0,0,83,9,4.844187086458591,8.517393171418904,0,0,0,0,0.5466666666666666,0,0,0,0,0,0,0,0,0,0,0,0,0,0,1,0,0,0,0,0,0,0,0,0,0,0,0,0,0,0,0,0,0,1,0,0,0,0,0
4.189654742026425,0.0,0,61,3,4.90527477843843,4.394449154672439,0,0,0,0,0.9491525423728814,0,0,0,0,0,0,0,0,0,0,0,0,0,0,1,0,0,0,0,0,0,0,0,0,0,0,0,0,0,0,0,0,0,0,0,0,0,1,0
4.51085950651685,0.0,0,82,7,8.54110501146255,0.0,0,0,0,0,0.8157894736842105,0,0,0,0,0,0,0,0,0,0,0,0,0,0,1,0,0,0,0,0,0,0,0,0,0,0,0,0,0,0,1,0,0,0,0,0,0,0,0
5.393627546352362,0.0,0,151,15,9.104535313079205,0.0,1,0,0,0,0.7426470588235294,0,0,0,0,0,0,0,0,0,0,0,0,0,0,1,0,0,0,0,0,0,0,0,0,0,0,0,0,0,0,1,0,0,0,0,0,0,0,0
5.961005339623274,0.0,0,50,4,5.986452005284438,0.0,0,0,0,0,0.723404255319149,0,0,0,0,0,0,0,0,0,0,0,0,0,0,1,0,0,0,0,0,0,0,0,0,0,0,0,0,0,0,0,0,0,0,1,0,0,0,0
5.521460917862246,0.0,0,116,18,9.210340371976184,6.812345094177479,1,0,0,0,0.5656565656565656,0,0,0,0,0,0,0,0,0,0,0,0,0,0,1,0,0,0,0,0,0,0,0,0,0,0,0,0,0,0,0,0,0,1,0,0,0,0,0
6.478509642208569,0.0,0,151,17,4.499809670330265,4.61512051684126,0,0,1,0,0.762962962962963,0,0,0,0,0,0,0,0,0,0,0,0,0,0,1,0,0,0,0,0,0,0,0,0,0,0,0,0,0,0,1,0,0,0,0,0,0,0,0
6.1092475827643655,0.0,0,84,16,9.210340371976184,6.812345094177479,1,0,0,0,0.42028985507246375,0,0,0,0,0,0,0,0,0,0,0,0,0,0,1,0,0,0,0,0,0,0,0,0,0,0,0,0,0,0,0,0,0,1,0,0,0,0,0
6.111467339502679,0.0,0,71,4,7.152268856032539,0.0,0,0,1,0,0.9104477611940298,0,0,0,0,0,0,0,0,0,0,0,0,0,0,1,0,0,0,0,0,0,0,0,0,0,0,0,0,0,0,1,0,0,0,0,0,0,0,0
6.792344427470809,0.0,0,114,10,3.6375861597263857,0.0,0,0,0,0,0.8952380952380953,0,0,0,0,0,0,0,0,0,0,0,0,0,0,1,0,0,0,0,0,0,0,0,0,0,0,0,0,0,0,1,0,0,0,0,0,0,0,0
6.100318952020064,0.0,0,116,15,6.9930151229329605,6.90875477931522,1,0,0,1,0.696078431372549,0,0,0,0,0,0,0,0,0,0,0,0,0,0,1,0,0,0,0,0,0,0,0,0,0,0,0,0,0,0,1,0,0,0,0,0,0,0,0
6.907755278982137,0.0,0,111,8,4.700480365792417,4.795790545596741,1,0,0,0,0.5384615384615384,0,0,0,0,0,0,0,0,0,0,0,0,0,0,1,0,0,0,0,0,0,0,0,0,0,0,0,0,0,0,1,0,0,0,0,0,0,0,0
7.6004023345004,0.0,0,114,13,6.747586526829315,6.811244378601294,1,0,0,0,0.6470588235294118,0,0,0,0,0,0,0,0,0,0,0,0,0,0,1,0,0,0,0,0,0,0,0,0,0,0,0,0,0,0,1,0,0,0,0,0,0,0,0
6.255750041753367,0.0,0,107,15,8.017307507688582,8.517393171418904,1,1,0,0,0.5913978494623656,0,0,0,0,0,0,0,0,0,0,0,0,0,0,1,0,0,0,0,0,0,0,0,0,0,0,0,0,0,0,1,0,0,0,0,0,0,0,0
5.187385805840755,0.0,0,90,11,3.091042453358316,3.9318256327243257,0,1,0,0,0.75,0,0,0,0,0,0,0,0,0,0,0,0,0,0,1,0,0,0,0,0,0,0,0,0,0,0,0,0,0,0,0,0,0,0,0,0,1,0,0
7.170888478512505,0.0,0,84,9,2.302585092994046,8.517393171418904,1,0,0,0,0.5921052631578947,0,0,0,0,0,0,0,0,0,0,0,0,0,0,1,0,0,0,0,0,0,0,0,0,0,0,0,0,0,0,0,0,0,1,0,0,0,0,0
5.703782474656201,0.0,0,152,16,7.516977224604321,1.0986122886681098,1,0,0,0,0.7153284671532847,0,0,0,0,0,0,0,0,0,0,0,0,0,0,1,0,0,0,0,0,0,0,0,0,0,0,0,0,0,0,1,0,0,0,0,0,0,0,0
6.90875477931522,0.0,0,95,10,4.969813299576001,0.6931471805599453,1,0,0,1,0.8488372093023255,0,0,0,0,0,0,0,0,0,0,0,0,0,0,1,0,0,0,0,0,0,0,0,0,0,0,0,0,0,0,1,0,0,0,0,0,0,0,0
5.66988092298052,0.0,0,111,18,7.30854279753919,6.812345094177479,1,0,0,1,0.5851063829787234,0,0,0,0,0,0,0,0,0,0,0,0,0,0,1,0,0,0,0,0,0,0,0,0,0,0,0,0,0,0,0,0,0,1,0,0,0,0,0
7.090076835776092,0.0,0,78,9,3.713572066704308,0.0,0,0,0,0,0.6376811594202898,0,0,0,0,0,0,0,0,0,0,0,0,0,0,1,0,0,0,0,0,0,0,0,0,0,0,0,0,0,0,1,0,0,0,0,0,0,0,0
6.131226489483141,0.0,0,52,6,1.791759469228055,8.517393171418904,0,0,0,0,0.5,0,0,0,0,0,0,0,0,0,0,0,0,0,0,1,0,0,0,0,0,0,0,0,0,0,0,0,0,0,0,0,0,0,1,0,0,0,0,0
6.907755278982137,0.0,0,120,12,6.267200548541362,1.0986122886681098,0,0,0,0,0.7339449541284404,0,0,0,0,0,0,0,0,0,0,0,0,0,0,1,0,0,0,0,0,0,0,0,0,0,0,0,0,0,0,1,0,0,0,0,0,0,0,0
6.907755278982137,0.0,0,104,10,2.1972245773362196,0.0,0,0,0,0,0.7157894736842105,0,0,0,0,0,0,0,0,0,0,0,0,0,0,1,0,0,0,0,0,0,0,0,0,0,0,0,0,0,0,1,0,0,0,0,0,0,0,0
6.478509642208569,0.0,0,149,16,5.5093883366279774,4.61512051684126,0,0,1,0,0.7835820895522388,0,0,0,0,0,0,0,0,0,0,0,0,0,0,1,0,0,0,0,0,0,0,0,0,0,0,0,0,0,0,1,0,0,0,0,0,0,0,0
6.889591308354466,0.0,0,53,7,4.574710978503383,1.3862943611198906,0,0,0,0,0.6808510638297872,0,0,0,0,0,0,0,0,0,0,0,0,0,0,1,0,0,0,0,0,0,0,0,0,0,0,0,0,0,0,0,0,0,0,1,0,0,0,0
6.111467339502679,0.0,0,98,9,0.0,6.90875477931522,0,1,1,0,0.7,0,0,0,0,0,0,0,0,0,0,0,0,0,0,1,0,0,0,0,0,0,0,0,0,0,0,0,0,0,0,1,0,0,0,0,0,0,0,0
6.907755278982137,0.0,0,147,20,5.351858133476067,6.811244378601294,1,0,0,0,0.7109375,0,0,0,0,0,0,0,0,0,0,0,0,0,0,1,0,0,0,0,0,0,0,0,0,0,0,0,0,0,0,1,0,0,0,0,0,0,0,0
6.792344427470809,0.0,0,101,10,7.445417556701687,1.0986122886681098,1,0,0,0,0.8478260869565217,0,0,0,0,0,0,0,0,0,0,0,0,0,0,1,0,0,0,0,0,0,0,0,0,0,0,0,0,0,0,1,0,0,0,0,0,0,0,0
6.898714534329988,0.0,0,140,16,3.091042453358316,4.61512051684126,0,0,1,0,0.744,0,0,0,0,0,0,0,0,0,0,0,0,0,0,1,0,0,0,0,0,0,0,0,0,0,0,0,0,0,0,1,0,0,0,0,0,0,0,0
6.131226489483141,0.0,0,69,7,0.0,5.707110264748875,0,0,1,0,0.7301587301587301,0,0,0,0,0,0,0,0,0,0,0,0,0,0,1,0,0,0,0,0,0,0,0,0,0,0,0,0,0,0,0,0,0,1,0,0,0,0,0
6.411818267709897,0.0,0,129,17,4.795790545596741,3.828641396489095,0,1,0,0,0.7168141592920354,0,0,0,0,0,0,0,0,0,0,0,0,0,0,1,0,0,0,0,0,0,0,0,0,0,0,0,0,0,0,0,0,0,0,1,0,0,0,0
6.907755278982137,0.0,0,143,23,2.772588722239781,6.811244378601294,1,0,0,0,0.6859504132231405,0,0,0,0,0,0,0,0,0,0,0,0,0,0,1,0,0,0,0,0,0,0,0,0,0,0,0,0,0,0,1,0,0,0,0,0,0,0,0
4.941642422609304,0.0,0,95,9,5.455321115357702,4.61512051684126,0,0,0,0,0.8850574712643678,0,0,0,0,0,0,0,0,0,0,0,0,0,0,1,0,0,0,0,0,0,0,0,0,0,0,0,0,0,0,0,0,0,0,1,0,0,0,0
7.170119543449628,0.0,0,78,10,5.886104031450156,1.791759469228055,1,0,0,0,0.5362318840579711,0,0,0,0,0,0,0,0,0,0,0,0,0,0,1,0,0,0,0,0,0,0,0,0,0,0,0,0,0,0,0,0,0,0,1,0,0,0,0
7.307202314764738,0.0,0,71,7,0.0,5.993961427306569,1,0,0,0,0.578125,0,0,0,0,0,0,0,0,0,0,0,0,0,0,1,0,0,0,0,0,0,0,0,0,0,0,0,0,0,0,1,0,0,0,0,0,0,0,0
6.478509642208569,0.0,0,86,10,2.4849066497880004,6.089044875446846,0,0,0,0,0.5194805194805194,0,0,0,0,0,0,0,0,0,0,0,0,0,0,1,0,0,0,0,0,0,0,0,0,0,0,0,0,0,0,1,0,0,0,0,0,0,0,0
6.447305862541213,0.0,0,51,4,2.1972245773362196,0.6931471805599453,1,0,0,0,0.4791666666666667,0,0,0,0,0,0,0,0,0,0,0,0,0,0,1,0,0,0,0,0,0,0,0,0,0,0,0,0,0,0,0,0,0,0,1,0,0,0,0
7.1631723908466425,0.0,0,88,9,0.0,6.90875477931522,1,1,0,0,0.625,0,0,0,0,0,0,0,0,0,0,0,0,0,0,1,0,0,0,0,0,0,0,0,0,0,0,0,0,0,0,1,0,0,0,0,0,0,0,0
6.937314081223682,0.0,0,106,12,0.0,6.55250788703459,1,0,0,0,0.5212765957446809,0,0,0,0,0,0,0,0,0,0,0,0,0,0,1,0,0,0,0,0,0,0,0,0,0,0,0,0,0,0,0,1,0,0,0,0,0,0,0
6.802394763324311,0.0,0,36,5,6.495265555937008,0.0,0,0,0,0,0.0,0,0,0,0,0,0,0,0,0,0,0,0,0,0,1,0,0,0,0,0,0,0,0,0,0,0,0,0,0,0,1,0,0,0,0,0,0,0,0
5.5053315359323625,0.0,0,45,4,0.0,1.0986122886681098,0,0,0,0,0.9523809523809523,0,0,0,0,0,0,0,0,0,0,0,0,0,0,1,0,0,0,0,0,0,0,0,0,0,0,0,0,0,0,0,0,0,1,0,0,0,0,0
7.8632667240095735,0.0,0,53,5,0.0,2.5649493574615367,0,0,0,0,0.6530612244897959,0,0,0,0,0,0,0,0,0,0,0,0,0,0,1,0,0,0,0,0,0,0,0,0,0,0,0,0,0,0,0,0,0,1,0,0,0,0,0
5.5053315359323625,0.0,0,71,5,0.0,0.0,0,0,0,0,0.9701492537313433,0,0,0,0,0,0,0,0,0,0,0,0,0,0,1,0,0,0,0,0,0,0,0,0,0,0,0,0,0,0,0,0,0,1,0,0,0,0,0
4.859812404361672,0.0,0,86,8,0.0,7.8636512654486515,1,0,0,0,0.8481012658227848,0,0,0,0,0,0,0,0,0,0,0,0,0,0,1,0,0,0,0,0,0,0,0,0,0,0,0,0,0,0,0,0,0,1,0,0,0,0,0
5.703782474656201,0.0,0,110,18,0.0,6.812345094177479,1,0,0,0,0.6021505376344086,0,0,0,0,0,0,0,0,0,0,0,0,0,0,1,0,0,0,0,0,0,0,0,0,0,0,0,0,0,0,0,0,0,1,0,0,0,0,0
5.075173815233827,0.0,0,109,8,0.0,7.208600337960199,1,0,0,0,0.8333333333333334,0,0,0,0,0,0,0,0,0,0,0,0,0,0,1,0,0,0,0,0,0,0,0,0,0,0,0,0,0,0,1,0,0,0,0,0,0,0,0
7.090076835776092,0.0,0,105,10,0.0,0.0,0,1,0,0,0.7395833333333334,0,0,0,0,0,0,0,0,0,0,0,0,0,0,1,0,0,0,0,0,0,0,0,0,0,0,0,0,0,0,1,0,0,0,0,0,0,0,0
5.081404364984463,0.0,0,96,9,0.0,0.0,0,1,0,0,0.6590909090909091,0,0,0,0,0,0,0,0,0,0,0,0,0,0,1,0,0,0,0,0,0,0,0,0,0,0,0,0,0,0,1,0,0,0,0,0,0,0,0
5.075173815233827,0.0,0,83,11,2.772588722239781,0.6931471805599453,1,0,0,0,0.6301369863013698,0,0,0,0,0,0,0,0,0,0,0,0,0,0,1,0,0,0,0,0,0,0,0,0,0,0,0,0,0,0,0,0,0,1,0,0,0,0,0
7.048386408721883,0.0,0,58,4,0.0,0.0,0,0,0,0,0.7636363636363637,0,0,0,0,0,0,0,0,0,0,0,0,0,0,1,0,0,0,0,0,0,0,0,0,0,0,0,0,0,0,0,0,1,0,0,0,0,0,0
7.1316985104669115,0.0,0,63,8,0.0,2.3978952727983707,0,1,0,0,0.9107142857142857,0,0,0,0,0,0,0,0,0,0,0,0,0,0,1,0,0,0,0,0,0,0,0,0,0,0,0,0,0,0,0,0,0,0,0,0,1,0,0
5.940171252720432,0.0,0,70,8,0.0,0.6931471805599453,1,0,0,0,0.6507936507936508,0,0,0,0,0,0,0,0,0,0,0,0,0,0,1,0,0,0,0,0,0,0,0,0,0,0,0,0,0,0,0,0,0,1,0,0,0,0,0
7.820439515262181,0.0,0,88,11,0.0,4.61512051684126,0,1,1,0,0.6538461538461539,0,0,0,0,0,0,0,0,0,0,0,0,0,0,1,0,0,0,0,0,0,0,0,0,0,0,0,0,0,0,0,0,0,0,0,0,1,0,0
5.3471075307174685,0.0,0,82,8,0.0,0.0,1,0,0,1,0.7866666666666666,0,0,0,0,0,0,0,0,0,0,0,0,0,0,1,0,0,0,0,0,0,0,0,0,0,0,0,0,0,0,0,0,0,1,0,0,0,0,0
8.003363058629947,0.0,0,136,16,0.0,3.8066624897703196,1,0,0,0,0.7520661157024794,0,0,0,0,0,0,0,0,0,0,0,0,0,0,1,0,0,0,0,0,0,0,0,0,0,0,0,0,0,0,1,0,0,0,0,0,0,0,0
4.605170185988092,0.0,0,85,10,1.9459101490553132,0.6931471805599453,1,0,0,1,0.75,0,0,0,0,0,0,0,0,0,0,0,0,0,0,1,0,0,0,0,0,0,0,0,0,0,0,0,0,0,0,0,0,0,1,0,0,0,0,0
6.792344427470809,0.0,0,64,7,0.0,0.0,1,0,0,0,0.7543859649122807,0,0,0,0,0,0,0,0,0,0,0,0,0,0,1,0,0,0,0,0,0,0,0,0,0,0,0,0,0,0,0,0,1,0,0,0,0,0,0
6.214608098422191,0.0,0,83,12,0.0,6.90875477931522,1,1,0,0,0.2857142857142857,0,0,0,0,0,0,0,0,0,0,0,0,0,0,1,0,0,0,0,0,0,0,0,0,0,0,0,0,0,0,1,0,0,0,0,0,0,0,0
6.673297967767654,0.0,0,27,4,0.0,5.707110264748875,0,0,0,0,0.0,0,0,0,0,0,0,0,0,0,0,0,0,0,0,1,0,0,0,0,0,0,0,0,0,0,0,0,0,0,0,0,0,0,0,0,0,1,0,0
7.67368812926773,0.0,0,34,6,2.0794415416798357,4.51085950651685,0,0,0,0,0.0,0,0,0,0,0,0,0,0,0,0,0,0,0,0,1,0,0,0,0,0,0,0,0,0,0,0,0,0,0,0,0,0,0,0,0,0,1,0,0
7.313220387090301,0.0,0,61,6,0.0,2.5649493574615367,1,0,0,0,0.7857142857142857,0,0,0,0,0,0,0,0,0,0,0,0,0,0,1,0,0,0,0,0,0,0,0,0,0,0,0,0,0,0,0,0,0,1,0,0,0,0,0
7.869019376499023,0.0,0,106,12,0.0,1.3862943611198906,0,0,0,0,0.43157894736842106,0,0,0,0,0,0,0,0,0,0,0,0,0,0,1,0,0,0,0,0,0,0,0,0,0,0,0,0,0,0,1,0,0,0,0,0,0,0,0
6.413458957167357,0.0,0,88,11,0.0,0.0,1,0,0,0,0.7564102564102564,0,0,0,0,0,0,0,0,0,0,0,0,0,0,1,0,0,0,0,0,0,0,0,0,0,0,0,0,0,0,1,0,0,0,0,0,0,0,0
5.7420411867732915,0.0,0,114,11,0.0,0.0,0,0,0,0,0.6538461538461539,0,0,0,0,0,0,0,0,0,0,0,0,0,0,1,0,0,0,0,0,0,0,0,0,0,0,0,0,0,0,1,0,0,0,0,0,0,0,0
7.490529402060711,0.0,0,42,6,0.0,4.61512051684126,1,0,1,0,0.4722222222222222,0,0,0,0,0,0,0,0,0,0,0,0,0,0,1,0,0,0,0,0,0,0,0,0,0,0,0,0,0,0,0,0,0,0,1,0,0,0,0
4.499809670330265,0.0,0,68,5,2.1972245773362196,4.394449154672439,0,0,0,0,0.921875,0,0,0,0,0,0,0,0,0,0,0,0,0,0,1,0,0,0,0,0,0,0,0,0,0,0,0,0,0,0,0,0,0,0,0,0,0,1,0
4.48863636973214,0.0,0,43,4,2.6390573296152584,2.772588722239781,0,0,0,0,0.95,0,0,0,0,0,0,0,0,0,0,0,0,0,0,1,0,0,0,0,0,0,0,0,0,0,0,0,0,0,0,1,0,0,0,0,0,0,0,0
7.293697720601438,0.0,0,106,19,0.0,3.4339872044851463,1,1,0,0,0.4431818181818182,0,0,0,0,0,0,0,0,0,0,0,0,0,0,1,0,0,0,0,0,0,0,0,0,0,0,0,0,0,0,1,0,0,0,0,0,0,0,0
6.255750041753367,0.0,0,107,15,0.0,8.517393171418904,1,1,0,0,0.5913978494623656,0,0,0,0,0,0,0,0,0,0,0,0,0,0,1,0,0,0,0,0,0,0,0,0,0,0,0,0,0,0,1,0,0,0,0,0,0,0,0
7.0825485693553,0.0,0,105,15,0.0,5.598421958998375,0,0,0,0,0.0,0,0,0,0,0,0,0,0,0,0,0,0,0,0,1,0,0,0,0,0,0,0,0,0,0,0,0,0,0,0,0,0,1,0,0,0,0,0,0
6.3818160174060985,0.0,0,148,14,0.0,1.0986122886681098,1,0,0,0,0.6888888888888889,0,0,0,0,0,0,0,0,0,0,0,0,0,0,1,0,0,0,0,0,0,0,0,0,0,0,0,0,0,0,1,0,0,0,0,0,0,0,0
7.151485463904735,0.0,0,93,13,0.0,6.621405651764134,1,1,0,0,0.345679012345679,0,0,0,0,0,0,0,0,0,0,0,0,0,0,1,0,0,0,0,0,0,0,0,0,0,0,0,0,0,0,0,0,0,0,1,0,0,0,0
6.142037405587356,0.0,0,135,15,0.0,0.0,0,0,0,0,0.6949152542372882,0,0,0,0,0,0,0,0,0,0,0,0,0,0,1,0,0,0,0,0,0,0,0,0,0,0,0,0,0,0,0,0,0,1,0,0,0,0,0
6.3818160174060985,0.0,0,148,14,0.0,1.0986122886681098,1,0,0,0,0.6888888888888889,0,0,0,0,0,0,0,0,0,0,0,0,0,0,1,0,0,0,0,0,0,0,0,0,0,0,0,0,0,0,1,0,0,0,0,0,0,0,0
6.1092475827643655,0.0,0,118,19,0.0,6.812345094177479,1,0,0,0,0.5656565656565656,0,0,0,0,0,0,0,0,0,0,0,0,0,0,1,0,0,0,0,0,0,0,0,0,0,0,0,0,0,0,0,0,0,1,0,0,0,0,0
7.844240718141811,0.0,0,120,11,0.0,1.0986122886681098,1,0,0,0,0.7522935779816514,0,0,0,0,0,0,0,0,0,0,0,0,0,0,1,0,0,0,0,0,0,0,0,0,0,0,0,0,0,0,1,0,0,0,0,0,0,0,0
6.380122536899765,0.0,0,116,15,0.0,6.812345094177479,1,0,0,0,0.5784313725490197,0,0,0,0,0,0,0,0,0,0,0,0,0,0,1,0,0,0,0,0,0,0,0,0,0,0,0,0,0,0,1,0,0,0,0,0,0,0,0
7.003065458786462,0.0,0,78,9,3.713572066704308,0.0,0,0,0,0,0.6376811594202898,0,0,0,0,0,0,0,0,0,0,0,0,0,0,1,0,0,0,0,0,0,0,0,0,0,0,0,0,0,0,1,0,0,0,0,0,0,0,0
7.0909098220799835,0.0,0,149,16,5.5093883366279774,4.61512051684126,0,0,1,0,0.7835820895522388,0,0,0,0,0,0,0,0,0,0,0,0,0,0,1,0,0,0,0,0,0,0,0,0,0,0,0,0,0,0,1,0,0,0,0,0,0,0,0
6.792344427470809,0.0,0,140,16,3.091042453358316,4.61512051684126,0,0,1,0,0.744,0,0,0,0,0,0,0,0,0,0,0,0,0,0,1,0,0,0,0,0,0,0,0,0,0,0,0,0,0,0,1,0,0,0,0,0,0,0,0
6.907755278982137,0.0,0,115,13,5.3612921657094255,6.805722553416985,1,0,0,0,0.7475728155339806,0,0,0,0,0,0,0,0,0,0,0,0,0,0,1,0,0,0,0,0,0,0,0,0,0,0,0,0,0,0,1,0,0,0,0,0,0,0,0
5.673323267171493,0.0,0,150,18,3.4965075614664802,4.61512051684126,0,1,1,0,0.7894736842105263,0,0,0,0,0,0,0,0,0,0,0,0,0,0,1,0,0,0,0,0,0,0,0,0,0,0,0,0,0,0,1,0,0,0,0,0,0,0,0
7.8632667240095735,0.0,0,97,11,0.0,4.110873864173311,0,0,1,0,0.367816091954023,0,0,0,0,0,0,0,0,0,0,0,0,0,0,0,0,0,0,0,1,0,0,0,0,0,0,0,0,0,0,1,0,0,0,0,0,0,0,0
7.438383530044307,0.0,0,93,11,0.0,3.4339872044851463,0,0,0,0,0.39759036144578314,0,0,0,0,0,0,0,0,0,0,0,0,0,0,0,0,0,0,0,1,0,0,0,0,0,0,0,0,0,0,1,0,0,0,0,0,0,0,0
7.1631723908466425,0.0,0,115,12,0.0,3.4339872044851463,0,0,0,0,0.5288461538461539,0,0,0,0,0,0,0,0,0,0,0,0,0,0,0,0,0,0,0,1,0,0,0,0,0,0,0,0,0,0,0,0,0,1,0,0,0,0,0
7.208600337960199,0.0,0,105,11,0.0,3.5553480614894135,0,0,0,0,0.5894736842105263,0,0,0,0,0,0,0,0,0,0,0,0,0,0,0,0,0,0,0,1,0,0,0,0,0,0,0,0,0,0,0,0,0,1,0,0,0,0,0
6.580639137284949,0.0,0,116,19,0.0,5.521460917862246,0,0,0,0,0.42857142857142855,0,0,0,0,0,0,0,0,0,0,0,0,0,0,0,0,0,0,0,1,0,0,0,0,0,0,0,0,0,0,0,0,0,1,0,0,0,0,0
6.898714534329988,0.0,0,72,8,0.0,3.4339872044851463,0,0,0,0,0.49230769230769234,0,0,0,0,0,0,0,0,0,0,0,0,0,0,0,0,0,0,0,1,0,0,0,0,0,0,0,0,0,0,0,0,0,1,0,0,0,0,0
4.330733340286331,0.0,0,75,8,0.0,1.791759469228055,0,0,0,1,0.6764705882352942,0,0,0,0,0,0,0,0,0,0,0,0,0,0,0,0,0,0,0,1,0,0,0,0,0,0,0,0,0,0,0,1,0,0,0,0,0,0,0
4.394449154672439,0.0,0,113,16,0.0,4.875197323201151,1,1,0,1,0.6907216494845361,0,0,0,0,0,0,0,0,0,0,0,0,0,0,0,0,0,0,0,1,0,0,0,0,0,0,0,0,0,0,0,1,0,0,0,0,0,0,0
4.912654885736052,0.0,0,58,7,0.0,7.613324979540639,0,0,0,0,0.5384615384615384,0,0,0,0,0,0,0,0,0,0,0,0,0,0,0,0,0,0,0,1,0,0,0,0,0,0,0,0,0,0,0,1,0,0,0,0,0,0,0
4.382026634673881,0.0,0,63,10,0.0,4.795790545596741,0,0,0,0,0.5555555555555556,0,0,0,0,0,0,0,0,0,0,0,0,0,0,0,0,0,0,0,1,0,0,0,0,0,0,0,0,0,0,0,1,0,0,0,0,0,0,0
4.875197323201151,0.0,0,72,4,0.0,3.044522437723423,1,1,0,0,0.7971014492753623,0,0,0,0,0,0,0,0,0,0,0,0,0,0,0,0,0,0,0,1,0,0,0,0,0,0,0,0,0,0,0,1,0,0,0,0,0,0,0
7.0825485693553,0.0,0,59,7,0.0,5.5254529391317835,0,0,1,0,0.2641509433962264,0,0,0,0,0,0,0,0,0,0,0,0,0,0,0,0,0,0,0,1,0,0,0,0,0,0,0,0,0,0,1,0,0,0,0,0,0,0,0
7.170119543449628,0.0,0,120,15,0.0,3.044522437723423,0,0,0,0,0.4380952380952381,0,0,0,0,0,0,0,0,0,0,0,0,0,0,0,0,0,0,0,1,0,0,0,0,0,0,0,0,0,0,0,0,0,0,1,0,0,0,0
7.215239978730097,0.0,0,63,7,0.0,3.4339872044851463,0,0,0,0,0.0,0,0,0,0,0,0,0,0,0,0,0,0,0,0,0,0,0,0,0,1,0,0,0,0,0,0,0,0,0,0,1,0,0,0,0,0,0,0,0
6.745236349484363,0.0,0,80,10,0.0,5.707110264748875,0,0,0,0,0.0,0,0,0,0,0,0,0,0,0,0,0,0,0,0,0,0,0,0,0,1,0,0,0,0,0,0,0,0,0,0,0,0,1,0,0,0,0,0,0
6.78105762593618,0.0,0,41,3,0.0,6.621405651764134,0,0,0,0,0.0,0,0,0,0,0,0,0,0,0,0,0,0,0,0,0,0,0,0,0,1,0,0,0,0,0,0,0,0,0,0,1,0,0,0,0,0,0,0,0
7.496097345175956,0.0,0,57,9,0.0,6.837332814685591,0,1,0,0,0.8163265306122449,0,0,0,0,0,0,0,0,0,0,0,0,0,0,0,0,0,0,0,1,0,0,0,0,0,0,0,0,0,0,1,0,0,0,0,0,0,0,0
6.655440350367647,0.0,0,111,13,0.0,4.110873864173311,1,1,0,0,0.8469387755102041,0,0,0,0,0,0,0,0,0,0,0,0,0,0,0,0,0,0,0,1,0,0,0,0,0,0,0,0,0,0,1,0,0,0,0,0,0,0,0
7.450079569807499,0.0,0,77,13,0.0,4.795790545596741,0,1,0,0,0.0,0,0,0,0,0,0,0,0,0,0,0,0,0,0,0,0,0,0,0,1,0,0,0,0,0,0,0,0,0,0,1,0,0,0,0,0,0,0,0
5.990739284168387,0.0,0,205,27,0.0,9.546884034617925,1,1,0,0,0.6761363636363636,0,0,0,0,0,0,0,0,0,0,0,0,0,0,0,0,0,0,0,1,0,0,0,0,0,0,0,0,0,0,1,0,0,0,0,0,0,0,0
5.95917376640942,0.0,0,141,22,0.0,4.110873864173311,0,1,0,0,0.5811965811965812,0,0,0,0,0,0,0,0,0,0,0,0,0,0,0,0,0,0,0,1,0,0,0,0,0,0,0,0,0,0,1,0,0,0,0,0,0,0,0
5.896989018885097,0.0,0,139,18,0.0,4.795790545596741,1,1,0,0,0.5798319327731093,0,0,0,0,0,0,0,0,0,0,0,0,0,0,0,0,0,0,0,1,0,0,0,0,0,0,0,0,0,0,1,0,0,0,0,0,0,0,0
5.956847222086288,0.0,0,204,28,0.0,9.546884034617925,1,1,1,0,0.6497175141242938,0,0,0,0,0,0,0,0,0,0,0,0,0,0,0,0,0,0,0,1,0,0,0,0,0,0,0,0,0,0,1,0,0,0,0,0,0,0,0
5.8411938304791615,0.0,0,77,8,0.0,4.795790545596741,1,1,0,0,0.35714285714285715,0,0,0,0,0,0,0,0,0,0,0,0,0,0,0,0,0,0,0,1,0,0,0,0,0,0,0,0,0,0,1,0,0,0,0,0,0,0,0
6.469420844890689,0.0,0,98,10,0.0,7.170888478512505,1,1,0,0,0.6067415730337079,0,0,0,0,0,0,0,0,0,0,0,0,0,0,0,0,0,0,0,1,0,0,0,0,0,0,0,0,0,0,1,0,0,0,0,0,0,0,0
5.895971850648506,0.0,0,238,35,0.0,9.472781556562168,1,1,1,0,0.5294117647058824,0,0,0,0,0,0,0,0,0,0,0,0,0,0,0,0,0,0,0,1,0,0,0,0,0,0,0,0,0,0,1,0,0,0,0,0,0,0,0
6.062225853990894,0.0,0,140,23,0.0,4.110873864173311,0,1,1,0,0.5423728813559322,0,0,0,0,0,0,0,0,0,0,0,0,0,0,0,0,0,0,0,1,0,0,0,0,0,0,0,0,0,0,1,0,0,0,0,0,0,0,0
5.987883141524284,0.0,0,238,35,0.0,9.472781556562168,1,1,1,0,0.5294117647058824,0,0,0,0,0,0,0,0,0,0,0,0,0,0,0,0,0,0,0,1,0,0,0,0,0,0,0,0,0,0,1,0,0,0,0,0,0,0,0
5.95917376640942,0.0,0,147,23,0.0,4.110873864173311,0,1,1,0,0.568,0,0,0,0,0,0,0,0,0,0,0,0,0,0,0,0,0,0,0,1,0,0,0,0,0,0,0,0,0,0,1,0,0,0,0,0,0,0,0
7.0825485693553,0.0,0,164,14,0.0,5.8888779583328805,1,0,0,0,0.5960264900662252,0,0,0,0,0,0,0,0,0,0,0,0,0,0,0,0,0,0,0,1,0,0,0,0,0,0,0,0,0,0,0,0,0,0,1,0,0,0,0
6.673297967767654,0.0,0,90,13,2.5649493574615367,5.420534999272286,0,0,0,0,0.48717948717948717,0,0,0,0,0,0,0,0,0,0,0,0,0,0,0,0,0,0,0,1,0,0,0,0,0,0,0,0,0,0,0,0,0,0,1,0,0,0,0
6.673297967767654,0.0,0,157,20,2.1972245773362196,5.521460917862246,0,0,0,0,0.5882352941176471,0,0,0,0,0,0,0,0,0,0,0,0,0,0,0,0,0,0,0,1,0,0,0,0,0,0,0,0,0,0,0,0,0,0,1,0,0,0,0
7.237778191923443,0.0,0,147,22,0.0,4.51085950651685,0,1,0,0,0.0,0,0,0,0,0,0,0,0,0,0,0,0,0,0,0,0,0,0,0,1,0,0,0,0,0,0,0,0,0,0,0,0,0,0,0,0,1,0,0
7.0825485693553,0.0,0,58,7,0.0,3.4339872044851463,0,0,0,0,0.23076923076923078,0,0,0,0,0,0,0,0,0,0,0,0,0,0,0,0,0,0,0,1,0,0,0,0,0,0,0,0,0,0,1,0,0,0,0,0,0,0,0
4.948759890378168,0.0,0,54,10,0.0,3.258096538021482,0,0,0,0,0.35555555555555557,0,0,0,0,0,0,0,0,0,0,0,0,0,0,0,0,0,0,0,1,0,0,0,0,0,0,0,0,0,0,1,0,0,0,0,0,0,0,0
4.948759890378168,0.0,0,55,9,0.0,3.258096538021482,0,0,0,0,0.3404255319148936,0,0,0,0,0,0,0,0,0,0,0,0,0,0,0,0,0,0,0,1,0,0,0,0,0,0,0,0,0,0,1,0,0,0,0,0,0,0,0
4.948759890378168,0.0,0,62,12,0.0,3.2188758248682006,0,0,0,0,0.3137254901960784,0,0,0,0,0,0,0,0,0,0,0,0,0,0,0,0,0,0,0,1,0,0,0,0,0,0,0,0,0,0,1,0,0,0,0,0,0,0,0
5.870285125256265,0.0,0,215,22,0.0,7.0909098220799835,1,0,1,0,0.8041237113402062,0,0,0,0,0,0,0,0,0,0,0,0,0,0,0,0,0,0,0,1,0,0,0,0,0,0,0,0,0,0,1,0,0,0,0,0,0,0,0
5.912313108802544,0.0,0,127,21,0.0,7.824445930877619,1,1,1,0,0.6728971962616822,0,0,0,0,0,0,0,0,0,0,0,0,0,0,0,0,0,0,0,1,0,0,0,0,0,0,0,0,0,0,1,0,0,0,0,0,0,0,0
5.870285125256265,0.0,0,215,22,0.0,7.0909098220799835,1,0,1,0,0.8041237113402062,0,0,0,0,0,0,0,0,0,0,0,0,0,0,0,0,0,0,0,1,0,0,0,0,0,0,0,0,0,0,1,0,0,0,0,0,0,0,0
5.278114659230517,0.0,0,133,16,7.363913501405819,7.01301578963963,1,1,0,0,0.6837606837606838,0,0,0,0,0,0,0,0,0,0,0,0,0,0,0,0,0,0,0,1,0,0,0,0,0,0,0,0,0,0,1,0,0,0,0,0,0,0,0
6.803505257608338,0.0,0,131,13,3.4011973816621555,2.772588722239781,1,1,0,0,0.8067226890756303,0,0,0,0,0,0,0,0,0,0,0,0,0,0,0,0,0,0,0,1,0,0,0,0,0,0,0,0,0,0,1,0,0,0,0,0,0,0,0
5.278114659230517,0.0,0,118,14,5.652489180268651,7.01301578963963,1,1,0,0,0.6952380952380952,0,0,0,0,0,0,0,0,0,0,0,0,0,0,0,0,0,0,0,1,0,0,0,0,0,0,0,0,0,0,1,0,0,0,0,0,0,0,0
5.293304824724492,0.0,0,139,14,6.881411303642535,7.01301578963963,1,1,0,0,0.8650793650793651,0,0,0,0,0,0,0,0,0,0,0,0,0,0,0,0,0,0,0,1,0,0,0,0,0,0,0,0,0,0,1,0,0,0,0,0,0,0,0
5.293304824724492,0.0,0,139,14,4.718498871295094,7.01301578963963,1,1,0,0,0.8650793650793651,0,0,0,0,0,0,0,0,0,0,0,0,0,0,0,0,0,0,0,1,0,0,0,0,0,0,0,0,0,0,1,0,0,0,0,0,0,0,0
7.0825485693553,0.0,0,68,9,3.912023005428146,5.303304908059076,0,0,1,0,0.23333333333333334,0,0,0,0,0,0,0,0,0,0,0,0,0,0,0,0,0,0,0,1,0,0,0,0,0,0,0,0,0,0,1,0,0,0,0,0,0,0,0
5.889819343345781,0.0,0,130,11,0.0,4.795790545596741,0,1,1,0,0.825,0,0,0,0,0,0,0,0,0,0,0,0,0,0,0,0,0,0,0,1,0,0,0,0,0,0,0,0,0,0,1,0,0,0,0,0,0,0,0
6.329720905522696,0.0,0,156,22,5.541263545158426,4.61512051684126,1,1,0,0,0.6666666666666666,0,0,0,0,0,0,0,0,0,0,0,0,0,0,0,0,0,0,0,1,0,0,0,0,0,0,0,0,0,0,1,0,0,0,0,0,0,0,0
6.040254711277414,0.0,0,102,12,5.986452005284438,5.3981627015177525,1,1,0,0,0.2857142857142857,0,0,0,0,0,0,0,0,0,0,0,0,0,0,0,0,0,0,0,1,0,0,0,0,0,0,0,0,0,0,1,0,0,0,0,0,0,0,0
6.175867270105761,0.0,0,156,21,6.637258031284457,3.713572066704308,1,1,0,0,0.6764705882352942,0,0,0,0,0,0,0,0,0,0,0,0,0,0,0,0,0,0,0,1,0,0,0,0,0,0,0,0,0,0,1,0,0,0,0,0,0,0,0
4.110873864173311,0.0,0,97,13,7.570443252057374,4.795790545596741,1,1,0,1,0.5882352941176471,0,0,0,0,0,0,0,0,0,0,0,0,0,0,0,0,0,0,0,1,0,0,0,0,0,0,0,0,0,0,1,0,0,0,0,0,0,0,0
6.880384082186005,0.0,0,68,11,4.624972813284271,5.707110264748875,0,0,0,0,0.5862068965517241,0,0,0,0,0,0,0,0,0,0,0,0,0,0,0,0,0,0,0,1,0,0,0,0,0,0,0,0,0,0,1,0,0,0,0,0,0,0,0
7.00397413672268,0.0,0,75,8,8.358900612421644,6.398594934535208,1,0,0,0,0.5735294117647058,0,0,0,0,0,0,0,0,0,0,0,0,0,0,0,0,0,0,0,1,0,0,0,0,0,0,0,0,0,0,1,0,0,0,0,0,0,0,0
5.802118375377063,0.0,0,126,19,3.912023005428146,3.713572066704308,1,1,0,0,0.75,0,0,0,0,0,0,0,0,0,0,0,0,0,0,0,0,0,0,0,1,0,0,0,0,0,0,0,0,0,0,1,0,0,0,0,0,0,0,0
4.394449154672439,0.0,0,45,7,7.932362154339751,4.61512051684126,1,0,0,0,0.39473684210526316,0,0,0,0,0,0,0,0,0,0,0,0,0,0,0,0,0,0,0,1,0,0,0,0,0,0,0,0,0,0,1,0,0,0,0,0,0,0,0
4.61512051684126,0.0,0,76,7,4.897839799950911,2.3978952727983707,0,1,0,0,0.8,0,0,0,0,0,0,0,0,0,0,0,0,0,0,0,0,0,0,0,1,0,0,0,0,0,0,0,0,0,0,1,0,0,0,0,0,0,0,0
6.551080335043404,0.0,0,77,11,6.124683390894205,7.613818684808629,0,0,0,0,0.1791044776119403,0,0,0,0,0,0,0,0,0,0,0,0,0,0,0,0,0,0,0,1,0,0,0,0,0,0,0,0,0,0,1,0,0,0,0,0,0,0,0
5.8971538676367405,0.0,0,126,19,2.995732273553991,3.713572066704308,1,1,0,0,0.75,0,0,0,0,0,0,0,0,0,0,0,0,0,0,0,0,0,0,0,1,0,0,0,0,0,0,0,0,0,0,1,0,0,0,0,0,0,0,0
6.522092798170152,0.0,0,97,16,3.6375861597263857,5.303304908059076,1,1,0,0,0.08536585365853659,0,0,0,0,0,0,0,0,0,0,0,0,0,0,0,0,0,0,0,1,0,0,0,0,0,0,0,0,0,0,0,0,0,0,1,0,0,0,0
4.700480365792417,0.0,0,63,6,5.424950017481403,8.517393171418904,0,0,1,0,0.6551724137931034,0,0,0,0,0,0,0,0,0,0,0,0,0,0,0,0,0,0,0,1,0,0,0,0,0,0,0,0,0,0,0,0,0,0,0,0,1,0,0
5.991464547107982,0.0,0,73,10,4.143134726391533,5.3981627015177525,1,1,1,0,0.21875,0,0,0,0,0,0,0,0,0,0,0,0,0,0,0,0,0,0,0,1,0,0,0,0,0,0,0,0,0,0,1,0,0,0,0,0,0,0,0
7.43307534889858,0.0,0,78,9,5.41610040220442,4.110873864173311,0,0,1,0,0.45714285714285713,0,0,0,0,0,0,0,0,0,0,0,0,0,0,0,0,0,0,0,1,0,0,0,0,0,0,0,0,0,0,0,0,0,0,1,0,0,0,0
7.22983877815125,0.0,0,60,5,6.658011045870748,3.4339872044851463,1,0,1,0,0.44642857142857145,0,0,0,0,0,0,0,0,0,0,0,0,0,0,0,0,0,0,0,1,0,0,0,0,0,0,0,0,0,0,1,0,0,0,0,0,0,0,0
6.673297967767654,0.0,0,155,21,7.565793282428515,3.713572066704308,1,1,0,0,0.6666666666666666,0,0,0,0,0,0,0,0,0,0,0,0,0,0,0,0,0,0,0,1,0,0,0,0,0,0,0,0,0,0,1,0,0,0,0,0,0,0,0
5.991464547107982,0.0,0,71,8,3.5553480614894135,7.613324979540639,1,1,0,0,0.296875,0,0,0,0,0,0,0,0,0,0,0,0,0,0,0,0,0,0,0,1,0,0,0,0,0,0,0,0,0,0,1,0,0,0,0,0,0,0,0
7.621195162809845,0.0,0,160,22,4.564348191467836,4.61512051684126,1,1,0,0,0.6690647482014388,0,0,0,0,0,0,0,0,0,0,0,0,0,0,0,0,0,0,0,1,0,0,0,0,0,0,0,0,0,0,1,0,0,0,0,0,0,0,0
6.329720905522696,0.0,0,156,19,7.017506142941256,4.61512051684126,1,1,0,0,0.7318840579710145,0,0,0,0,0,0,0,0,0,0,0,0,0,0,0,0,0,0,0,1,0,0,0,0,0,0,0,0,0,0,1,0,0,0,0,0,0,0,0
6.7912214627261855,0.0,0,46,6,0.0,4.51085950651685,1,1,0,0,0.0,0,0,0,0,0,0,0,0,0,0,0,0,0,0,0,0,0,0,0,1,0,0,0,0,0,0,0,0,0,0,1,0,0,0,0,0,0,0,0
6.7464121285733745,0.0,0,84,11,2.1972245773362196,7.613818684808629,0,1,0,0,0.4594594594594595,0,0,0,0,0,0,0,0,0,0,0,0,0,0,0,0,0,0,0,1,0,0,0,0,0,0,0,0,0,0,1,0,0,0,0,0,0,0,0
6.505784060128229,0.0,0,92,13,3.9512437185814275,5.303304908059076,1,1,0,0,0.0875,0,0,0,0,0,0,0,0,0,0,0,0,0,0,0,0,0,0,0,1,0,0,0,0,0,0,0,0,0,0,0,0,0,0,1,0,0,0,0
6.214608098422191,0.0,0,131,13,3.091042453358316,2.772588722239781,1,1,0,0,0.8067226890756303,0,0,0,0,0,0,0,0,0,0,0,0,0,0,0,0,0,0,0,1,0,0,0,0,0,0,0,0,0,0,1,0,0,0,0,0,0,0,0
4.110873864173311,0.0,0,90,14,6.9874902470009905,4.795790545596741,1,0,0,1,0.5714285714285714,0,0,0,0,0,0,0,0,0,0,0,0,0,0,0,0,0,0,0,1,0,0,0,0,0,0,0,0,0,0,0,0,0,1,0,0,0,0,0
6.329720905522696,0.0,0,146,18,5.099866427824199,4.61512051684126,1,1,0,0,0.7751937984496124,0,0,0,0,0,0,0,0,0,0,0,0,0,0,0,0,0,0,0,1,0,0,0,0,0,0,0,0,0,0,1,0,0,0,0,0,0,0,0
6.493753839851686,0.0,0,74,10,3.912023005428146,7.613818684808629,0,0,0,0,0.15384615384615385,0,0,0,0,0,0,0,0,0,0,0,0,0,0,0,0,0,0,0,1,0,0,0,0,0,0,0,0,0,0,1,0,0,0,0,0,0,0,0
6.16541785423142,0.0,0,52,6,0.0,3.044522437723423,0,1,0,0,0.48936170212765956,0,0,0,0,0,0,0,0,0,0,0,0,0,0,0,0,0,0,0,1,0,0,0,0,0,0,0,0,0,0,1,0,0,0,0,0,0,0,0
6.476972362889683,0.0,0,75,15,4.8283137373023015,5.303304908059076,1,1,0,0,0.3114754098360656,0,0,0,0,0,0,0,0,0,0,0,0,0,0,0,0,0,0,0,1,0,0,0,0,0,0,0,0,0,0,1,0,0,0,0,0,0,0,0
5.278114659230517,0.0,0,133,16,4.394449154672439,7.01301578963963,1,1,0,0,0.6837606837606838,0,0,0,0,0,0,0,0,0,0,0,0,0,0,0,0,0,0,0,1,0,0,0,0,0,0,0,0,0,0,1,0,0,0,0,0,0,0,0
7.1631723908466425,0.0,0,74,9,3.6635616461296463,5.707110264748875,0,0,1,0,0.21212121212121213,0,0,0,0,0,0,0,0,0,0,0,0,0,0,0,0,0,0,0,1,0,0,0,0,0,0,0,0,0,0,1,0,0,0,0,0,0,0,0
6.802394763324311,0.0,0,45,4,1.791759469228055,4.51085950651685,0,1,0,0,0.0,0,0,0,0,0,0,0,0,0,0,0,0,0,0,0,0,0,0,0,1,0,0,0,0,0,0,0,0,0,0,1,0,0,0,0,0,0,0,0
4.61512051684126,0.0,0,48,8,0.0,1.9459101490553132,0,1,0,0,0.7560975609756098,0,0,0,0,0,0,0,0,0,0,0,0,0,0,0,0,0,0,0,1,0,0,0,0,0,0,0,0,0,0,0,1,0,0,0,0,0,0,0
4.454347296253507,0.0,0,53,5,0.0,0.0,0,0,0,0,0.7551020408163265,0,0,0,0,0,0,0,0,0,0,0,0,0,0,0,0,0,0,0,1,0,0,0,0,0,0,0,0,0,0,0,1,0,0,0,0,0,0,0
7.048386408721883,0.0,0,176,27,0.0,3.4339872044851463,0,0,0,0,0.0,0,0,0,0,0,0,0,0,0,0,0,0,0,0,0,0,0,0,0,1,0,0,0,0,0,0,0,0,0,0,0,0,0,0,0,0,1,0,0
5.934656072032321,0.0,0,138,19,0.0,4.795790545596741,1,1,1,0,0.5416666666666666,0,0,0,0,0,0,0,0,0,0,0,0,0,0,0,0,0,0,0,1,0,0,0,0,0,0,0,0,0,0,1,0,0,0,0,0,0,0,0
7.170119543449628,0.0,0,45,4,0.0,8.006700845440367,0,0,0,0,0.0,0,0,0,0,0,0,0,0,0,0,0,0,0,0,0,0,0,0,0,1,0,0,0,0,0,0,0,0,0,0,1,0,0,0,0,0,0,0,0
7.596392304064196,0.0,0,78,9,5.41610040220442,4.110873864173311,0,0,1,0,0.45714285714285713,0,0,0,0,0,0,0,0,0,0,0,0,0,0,0,0,0,0,0,1,0,0,0,0,0,0,0,0,0,0,0,0,0,0,1,0,0,0,0
7.313220387090301,0.0,0,60,5,6.658011045870748,3.4339872044851463,1,0,1,0,0.44642857142857145,0,0,0,0,0,0,0,0,0,0,0,0,0,0,0,0,0,0,0,1,0,0,0,0,0,0,0,0,0,0,1,0,0,0,0,0,0,0,0
5.017279836814924,0.0,0,74,7,4.31748811353631,0.0,0,1,0,0,0.417910447761194,0,0,0,0,0,0,0,0,0,0,0,0,0,0,0,0,0,0,0,1,0,0,0,0,0,0,0,0,0,0,0,0,1,0,0,0,0,0,0
6.684611727667927,0.0,0,93,13,3.871201010907891,5.707110264748875,0,0,1,0,0.1728395061728395,0,0,0,0,0,0,0,0,0,0,0,0,0,0,0,0,0,0,0,1,0,0,0,0,0,0,0,0,0,0,1,0,0,0,0,0,0,0,0
5.968707559985366,0.0,0,61,10,6.794586580876499,5.303304908059076,1,1,0,0,0.07692307692307693,0,0,0,0,0,0,0,0,0,0,0,0,0,0,0,0,0,0,0,1,0,0,0,0,0,0,0,0,0,0,1,0,0,0,0,0,0,0,0
5.991464547107982,0.0,0,64,9,0.0,5.3981627015177525,1,1,0,0,0.21428571428571427,0,0,0,0,0,0,0,0,0,0,0,0,0,0,0,0,0,0,0,1,0,0,0,0,0,0,0,0,0,0,1,0,0,0,0,0,0,0,0
5.480638923341991,0.0,0,127,19,5.68697535633982,7.824445930877619,1,0,0,0,0.22018348623853212,0,0,0,0,0,0,0,0,0,0,0,0,0,0,0,0,0,0,0,1,0,0,0,0,0,0,0,0,0,0,1,0,0,0,0,0,0,0,0
6.802394763324311,0.0,0,95,7,0.0,3.4339872044851463,0,0,0,0,0.2696629213483146,0,0,0,0,0,0,0,0,0,0,0,0,0,0,0,0,0,0,0,1,0,0,0,0,0,0,0,0,0,0,1,0,0,0,0,0,0,0,0
6.976348070447749,0.0,0,150,18,5.455321115357702,4.61512051684126,1,1,0,0,0.7744360902255639,0,0,0,0,0,0,0,0,0,0,0,0,0,0,0,0,0,0,0,1,0,0,0,0,0,0,0,0,0,0,1,0,0,0,0,0,0,0,0
5.707110264748875,0.0,0,45,7,4.2626798770413155,5.303304908059076,1,1,0,0,0.0,0,0,0,0,0,0,0,0,0,0,0,0,0,0,0,0,0,0,0,1,0,0,0,0,0,0,0,0,0,0,0,0,0,0,0,0,1,0,0
7.438383530044307,0.0,0,78,11,0.0,3.4339872044851463,0,0,0,0,0.3382352941176471,0,0,0,0,0,0,0,0,0,0,0,0,0,0,0,0,0,0,0,1,0,0,0,0,0,0,0,0,0,0,1,0,0,0,0,0,0,0,0
3.044522437723423,0.0,0,61,8,0.0,4.61512051684126,0,0,0,0,0.5370370370370371,0,0,0,0,0,0,0,0,0,0,0,0,0,0,0,0,0,0,0,1,0,0,0,0,0,0,0,0,0,0,0,1,0,0,0,0,0,0,0
6.994849985833071,0.0,0,139,18,0.0,5.707110264748875,0,0,0,0,0.47540983606557374,0,0,0,0,0,0,0,0,0,0,0,0,0,0,0,0,0,0,0,1,0,0,0,0,0,0,0,0,0,0,0,0,0,0,1,0,0,0,0
7.532088143541722,0.0,0,117,13,0.0,6.2166061010848646,1,1,0,1,0.6952380952380952,0,0,0,0,0,0,0,0,0,0,0,0,0,0,0,0,0,0,0,1,0,0,0,0,0,0,0,0,0,0,1,0,0,0,0,0,0,0,0
7.377133712833954,0.0,0,58,7,2.0794415416798357,6.621405651764134,1,1,0,0,0.15384615384615385,0,0,0,0,0,0,0,0,0,0,0,0,0,0,0,0,0,0,0,1,0,0,0,0,0,0,0,0,0,0,0,0,0,0,1,0,0,0,0
6.326149473155099,0.0,0,94,15,3.5553480614894135,5.303304908059076,1,1,0,0,0.175,0,0,0,0,0,0,0,0,0,0,0,0,0,0,0,0,0,0,0,1,0,0,0,0,0,0,0,0,0,0,0,0,0,0,1,0,0,0,0
6.856461984594587,0.0,0,96,18,0.0,7.355001921105257,0,0,0,0,0.08860759493670886,0,0,0,0,0,0,0,0,1,0,0,0,0,0,0,0,0,0,0,0,0,0,0,0,0,0,0,0,0,0,0,0,1,0,0,0,0,0,0
5.564520407322694,0.0,0,95,12,0.0,3.4339872044851463,0,1,1,1,0.7976190476190477,0,0,0,0,0,0,0,0,1,0,0,0,0,0,0,0,0,0,0,0,0,0,0,0,0,0,0,0,0,0,1,0,0,0,0,0,0,0,0
5.673323267171493,0.0,0,114,17,0.0,2.3978952727983707,0,1,0,0,0.8061224489795918,0,0,0,0,0,0,0,0,1,0,0,0,0,0,0,0,0,0,0,0,0,0,0,0,0,0,0,0,0,0,0,0,0,1,0,0,0,0,0
4.564348191467836,0.0,0,63,7,0.0,2.9444389791664403,0,1,0,0,0.7368421052631579,0,0,0,0,0,0,0,0,1,0,0,0,0,0,0,0,0,0,0,0,0,0,0,0,0,0,0,0,0,0,0,0,1,0,0,0,0,0,0
6.551080335043404,0.0,0,59,4,0.0,0.0,0,0,0,0,1.0,0,0,0,0,0,0,0,0,1,0,0,0,0,0,0,0,0,0,0,0,0,0,0,0,0,0,0,0,0,0,1,0,0,0,0,0,0,0,0
3.258096538021482,0.0,0,50,6,0.0,3.044522437723423,0,1,0,1,0.6,0,0,0,0,0,0,0,0,1,0,0,0,0,0,0,0,0,0,0,0,0,0,0,0,0,0,0,0,0,0,0,0,0,0,0,0,1,0,0
6.994849985833071,0.0,0,79,10,0.0,0.6931471805599453,0,0,0,1,0.5857142857142857,0,0,0,0,0,0,0,0,1,0,0,0,0,0,0,0,0,0,0,0,0,0,0,0,0,0,0,0,0,0,0,0,0,0,1,0,0,0,0
8.213652703029998,0.0,0,79,10,0.0,1.6094379124341003,0,0,0,1,0.5857142857142857,0,0,0,0,0,0,0,0,1,0,0,0,0,0,0,0,0,0,0,0,0,0,0,0,0,0,0,0,0,0,0,0,0,0,1,0,0,0,0
5.860786223465865,0.0,0,71,10,0.0,0.6931471805599453,1,1,0,1,0.6774193548387096,0,0,0,0,0,0,0,0,1,0,0,0,0,0,0,0,0,0,0,0,0,0,0,0,0,0,0,0,0,0,1,0,0,0,0,0,0,0,0
6.373319789577012,0.0,0,106,14,0.0,4.110873864173311,0,1,0,0,0.7582417582417582,0,0,0,0,0,0,0,0,1,0,0,0,0,0,0,0,0,0,0,0,0,0,0,0,0,0,0,0,0,0,1,0,0,0,0,0,0,0,0
6.016157159698354,0.0,0,69,9,0.0,0.0,0,0,1,0,0.819672131147541,0,0,0,0,0,0,0,0,1,0,0,0,0,0,0,0,0,0,0,0,0,0,0,0,0,0,0,0,0,0,1,0,0,0,0,0,0,0,0
4.382026634673881,0.0,0,88,11,0.0,2.3978952727983707,1,1,0,0,0.8846153846153846,0,0,0,0,0,0,0,0,1,0,0,0,0,0,0,0,0,0,0,0,0,0,0,0,0,0,0,0,0,0,1,0,0,0,0,0,0,0,0
7.00397413672268,0.0,0,41,7,0.0,3.4339872044851463,0,0,0,0,0.0,0,0,0,0,0,0,0,0,1,0,0,0,0,0,0,0,0,0,0,0,0,0,0,0,0,0,0,0,0,0,0,0,0,1,0,0,0,0,0
4.110873864173311,0.0,0,33,4,0.0,0.0,0,0,0,0,0.6,0,0,0,0,0,0,0,0,1,0,0,0,0,0,0,0,0,0,0,0,0,0,0,0,0,0,0,0,0,0,1,0,0,0,0,0,0,0,0
6.1092475827643655,0.0,0,83,10,0.0,0.0,0,0,1,0,0.7162162162162162,0,0,0,0,0,0,0,0,1,0,0,0,0,0,0,0,0,0,0,0,0,0,0,0,0,0,0,0,0,0,1,0,0,0,0,0,0,0,0
7.0909098220799835,0.0,0,68,12,0.0,2.3978952727983707,0,1,0,0,0.7543859649122807,0,0,0,0,0,0,0,0,1,0,0,0,0,0,0,0,0,0,0,0,0,0,0,0,0,0,0,0,0,0,1,0,0,0,0,0,0,0,0
2.995732273553991,0.0,0,71,10,0.0,3.044522437723423,0,1,0,0,0.5161290322580645,0,0,0,0,0,0,0,0,1,0,0,0,0,0,0,0,0,0,0,0,0,0,0,0,0,0,0,0,0,0,1,0,0,0,0,0,0,0,0
7.0909098220799835,0.0,0,68,12,0.0,2.3978952727983707,0,1,0,0,0.7543859649122807,0,0,0,0,0,0,0,0,1,0,0,0,0,0,0,0,0,0,0,0,0,0,0,0,0,0,0,0,0,0,1,0,0,0,0,0,0,0,0
7.00397413672268,0.0,0,75,12,0.0,4.61512051684126,0,1,1,1,0.765625,0,0,0,0,0,0,0,0,1,0,0,0,0,0,0,0,0,0,0,0,0,0,0,0,0,0,0,0,0,0,1,0,0,0,0,0,0,0,0
5.703782474656201,0.0,0,139,21,0.0,2.3978952727983707,0,1,0,0,0.8403361344537815,0,0,0,0,0,0,0,0,1,0,0,0,0,0,0,0,0,0,0,0,0,0,0,0,0,0,0,0,0,0,0,0,0,0,0,0,0,0,1
5.673323267171493,0.0,0,22,3,0.0,0.0,0,0,1,0,0.8947368421052632,0,0,0,0,0,0,0,0,1,0,0,0,0,0,0,0,0,0,0,0,0,0,0,0,0,0,0,0,0,0,0,0,0,0,0,0,0,0,1
7.489412083508719,0.0,0,44,6,0.0,1.3862943611198906,0,0,0,1,0.5897435897435898,0,0,0,0,0,0,0,0,1,0,0,0,0,0,0,0,0,0,0,0,0,0,0,0,0,0,0,0,0,0,0,0,0,0,0,0,1,0,0
7.080867896690782,0.0,0,46,6,0.0,1.0986122886681098,0,0,0,1,0.6097560975609756,0,0,0,0,0,0,0,0,1,0,0,0,0,0,0,0,0,0,0,0,0,0,0,0,0,0,0,0,0,0,0,0,0,0,0,0,1,0,0
4.770684624465665,0.0,0,95,14,0.0,2.3978952727983707,0,1,0,0,0.8414634146341463,0,0,0,0,0,0,0,0,1,0,0,0,0,0,0,0,0,0,0,0,0,0,0,0,0,0,0,0,0,0,1,0,0,0,0,0,0,0,0
5.886104031450156,0.0,0,60,7,0.0,3.4339872044851463,0,1,0,0,0.42592592592592593,0,0,0,0,0,0,0,0,1,0,0,0,0,0,0,0,0,0,0,0,0,0,0,0,0,0,0,0,0,0,1,0,0,0,0,0,0,0,0
7.170888478512505,0.0,0,43,2,0.0,0.0,0,0,0,0,0.6904761904761905,0,0,0,0,0,0,0,0,1,0,0,0,0,0,0,0,0,0,0,0,0,0,0,0,0,0,0,0,0,0,1,0,0,0,0,0,0,0,0
6.903747257584598,0.0,0,65,11,0.0,4.795790545596741,0,0,0,0,0.0,0,0,0,0,0,0,0,0,1,0,0,0,0,0,0,0,0,0,0,0,0,0,0,0,0,0,0,0,0,0,1,0,0,0,0,0,0,0,0
7.1316985104669115,0.0,0,76,11,0.0,2.3978952727983707,0,1,0,1,0.9242424242424242,0,0,0,0,0,0,0,0,1,0,0,0,0,0,0,0,0,0,0,0,0,0,0,0,0,0,0,0,0,0,0,1,0,0,0,0,0,0,0
5.673323267171493,0.0,0,74,11,0.0,0.0,0,0,0,0,0.65625,0,0,0,0,0,0,0,0,1,0,0,0,0,0,0,0,0,0,0,0,0,0,0,0,0,0,0,0,0,0,1,0,0,0,0,0,0,0,0
5.632644446822861,0.0,0,51,10,0.0,2.3978952727983707,0,1,0,0,0.4523809523809524,0,0,0,0,0,0,0,0,1,0,0,0,0,0,0,0,0,0,0,0,0,0,0,0,0,0,0,0,0,0,0,0,0,1,0,0,0,0,0
3.824284091120139,0.0,0,92,12,0.0,1.3862943611198906,0,1,0,0,0.5802469135802469,0,0,0,0,0,0,0,0,1,0,0,0,0,0,0,0,0,0,0,0,0,0,0,0,0,0,0,0,0,0,0,0,0,1,0,0,0,0,0
5.298317366548036,0.0,0,69,9,0.0,2.3978952727983707,0,1,0,0,0.8524590163934426,0,0,0,0,0,0,0,0,1,0,0,0,0,0,0,0,0,0,0,0,0,0,0,0,0,0,0,0,0,0,1,0,0,0,0,0,0,0,0
7.307202314764738,0.0,0,77,8,2.5649493574615367,3.4339872044851463,0,1,0,0,0.8142857142857143,0,0,0,0,0,0,0,0,1,0,0,0,0,0,0,0,0,0,0,0,0,0,0,0,0,0,0,0,0,0,1,0,0,0,0,0,0,0,0
5.87493073085203,0.0,0,61,9,0.0,6.2166061010848646,1,1,0,0,0.36538461538461536,0,0,0,0,0,0,0,0,1,0,0,0,0,0,0,0,0,0,0,0,0,0,0,0,0,0,0,0,0,0,1,0,0,0,0,0,0,0,0
5.968707559985366,0.0,0,105,16,0.0,2.3978952727983707,0,1,0,0,0.7640449438202247,0,0,0,0,0,0,0,0,1,0,0,0,0,0,0,0,0,0,0,0,0,0,0,0,0,0,0,0,0,0,1,0,0,0,0,0,0,0,0
4.983606621708336,0.0,0,56,6,2.4849066497880004,0.0,1,1,0,0,0.9215686274509803,0,0,0,0,0,0,0,0,1,0,0,0,0,0,0,0,0,0,0,0,0,0,0,0,0,0,0,0,0,0,1,0,0,0,0,0,0,0,0
7.064759027791802,0.0,0,111,11,0.0,1.0986122886681098,0,1,0,0,0.7623762376237624,0,0,0,0,0,0,0,0,1,0,0,0,0,0,0,0,0,0,0,0,0,0,0,0,0,0,0,0,0,0,1,0,0,0,0,0,0,0,0
5.170483995038151,0.0,0,75,10,0.0,2.3978952727983707,1,1,0,0,0.8181818181818182,0,0,0,0,0,0,0,0,1,0,0,0,0,0,0,0,0,0,0,0,0,0,0,0,0,0,0,0,0,0,1,0,0,0,0,0,0,0,0
7.1631723908466425,0.0,0,122,15,0.0,1.9459101490553132,0,0,1,1,0.8240740740740741,0,0,0,0,0,0,0,0,1,0,0,0,0,0,0,0,0,0,0,0,0,0,0,0,0,0,0,0,0,0,0,0,0,1,0,0,0,0,0
4.110873864173311,0.0,0,82,9,6.504288173536645,3.4339872044851463,0,1,0,0,0.9041095890410958,0,0,0,0,0,0,0,0,1,0,0,0,0,0,0,0,0,0,0,0,0,0,0,0,0,0,0,0,0,0,1,0,0,0,0,0,0,0,0
4.836281906951478,0.0,0,50,5,8.536799721055155,3.713572066704308,0,1,1,0,0.8478260869565217,0,0,0,0,0,0,0,0,1,0,0,0,0,0,0,0,0,0,0,0,0,0,0,0,0,0,0,0,0,0,0,0,0,0,0,0,1,0,0
5.19295685089021,0.0,0,102,10,6.194405391104672,2.3978952727983707,0,1,0,0,0.7311827956989247,0,0,0,0,0,0,0,0,1,0,0,0,0,0,0,0,0,0,0,0,0,0,0,0,0,0,0,0,0,0,1,0,0,0,0,0,0,0,0
5.3981627015177525,0.0,0,63,3,6.949856455000773,2.3978952727983707,0,1,0,0,0.7377049180327869,0,0,0,0,0,0,0,0,1,0,0,0,0,0,0,0,0,0,0,0,0,0,0,0,0,0,0,0,0,0,0,0,0,0,0,0,1,0,0
4.912654885736052,0.0,0,47,7,7.113142108707088,3.713572066704308,0,1,1,0,0.8048780487804879,0,0,0,0,0,0,0,0,1,0,0,0,0,0,0,0,0,0,0,0,0,0,0,0,0,0,0,0,0,0,1,0,0,0,0,0,0,0,0
4.941642422609304,0.0,0,98,11,8.23323750070527,4.61512051684126,0,1,1,0,0.7386363636363636,0,0,0,0,0,0,0,0,1,0,0,0,0,0,0,0,0,0,0,0,0,0,0,0,0,0,0,0,0,0,0,0,0,1,0,0,0,0,0
4.836281906951478,0.0,0,74,5,7.112327444710911,3.713572066704308,0,1,1,1,0.9142857142857143,0,0,0,0,0,0,0,0,1,0,0,0,0,0,0,0,0,0,0,0,0,0,0,0,0,0,0,0,0,0,0,0,0,0,0,0,1,0,0
4.867534450455582,0.0,0,94,8,8.318498320504338,4.61512051684126,0,1,1,0,0.7931034482758621,0,0,0,0,0,0,0,0,1,0,0,0,0,0,0,0,0,0,0,0,0,0,0,0,0,0,0,0,0,0,0,0,0,1,0,0,0,0,0
4.836281906951478,0.0,0,99,6,5.955837369464831,3.713572066704308,0,1,0,0,0.8829787234042553,0,0,0,0,0,0,0,0,1,0,0,0,0,0,0,0,0,0,0,0,0,0,0,0,0,0,0,0,0,0,1,0,0,0,0,0,0,0,0
4.471410195808567,0.0,0,127,13,9.071767722112243,2.9444389791664403,0,1,0,0,0.7043478260869566,0,0,0,0,0,0,0,0,1,0,0,0,0,0,0,0,0,0,0,0,0,0,0,0,0,0,0,0,0,0,1,0,0,0,0,0,0,0,0
4.7535901911063645,0.0,0,71,5,7.496097345175956,0.0,0,1,0,0,0.8955223880597015,0,0,0,0,0,0,0,0,1,0,0,0,0,0,0,0,0,0,0,0,0,0,0,0,0,0,0,0,0,0,1,0,0,0,0,0,0,0,0
5.673323267171493,0.0,0,64,6,5.7745515455444085,2.772588722239781,0,1,0,0,0.711864406779661,0,0,0,0,0,0,0,0,1,0,0,0,0,0,0,0,0,0,0,0,0,0,0,0,0,0,0,0,0,0,0,0,0,0,0,0,1,0,0
4.7535901911063645,0.0,0,29,3,6.982862751468942,0.6931471805599453,0,0,0,0,0.8148148148148148,0,0,0,0,0,0,0,0,1,0,0,0,0,0,0,0,0,0,0,0,0,0,0,0,0,0,0,0,0,0,1,0,0,0,0,0,0,0,0
3.9021746693733315,0.0,0,73,9,2.1972245773362196,4.61512051684126,0,1,0,0,0.9076923076923077,0,0,0,0,0,0,0,0,1,0,0,0,0,0,0,0,0,0,0,0,0,0,0,0,0,0,0,0,0,0,1,0,0,0,0,0,0,0,0
4.430816798843313,0.0,0,98,10,9.210340371976184,0.6931471805599453,0,1,0,1,0.7045454545454546,0,0,0,0,0,0,0,0,1,0,0,0,0,0,0,0,0,0,0,0,0,0,0,0,0,0,0,0,0,0,1,0,0,0,0,0,0,0,0
4.795790545596741,0.0,0,53,7,9.034080406560824,3.713572066704308,0,1,0,0,0.7872340425531915,0,0,0,0,0,0,0,0,1,0,0,0,0,0,0,0,0,0,0,0,0,0,0,0,0,0,0,0,0,0,1,0,0,0,0,0,0,0,0
4.248495242049359,0.0,0,58,5,8.172164452111904,0.0,0,0,0,0,0.7735849056603774,0,0,0,0,0,0,0,0,1,0,0,0,0,0,0,0,0,0,0,0,0,0,0,0,0,0,0,0,0,0,1,0,0,0,0,0,0,0,0
4.983606621708336,0.0,0,25,5,3.258096538021482,0.0,0,0,0,0,0.5714285714285714,0,0,0,0,0,0,0,0,1,0,0,0,0,0,0,0,0,0,0,0,0,0,0,0,0,0,0,0,0,0,0,1,0,0,0,0,0,0,0
4.867534450455582,0.0,0,27,1,7.1731917424865985,0.0,0,0,0,0,1.0,0,0,0,0,0,0,0,0,1,0,0,0,0,0,0,0,0,0,0,0,0,0,0,0,0,0,0,0,0,0,1,0,0,0,0,0,0,0,0
4.430816798843313,0.0,0,91,11,9.210340371976184,0.6931471805599453,0,1,0,1,0.7,0,0,0,0,0,0,0,0,1,0,0,0,0,0,0,0,0,0,0,0,0,0,0,0,0,0,0,0,0,0,1,0,0,0,0,0,0,0,0
4.7535901911063645,0.0,0,49,5,4.248495242049359,3.4339872044851463,0,1,0,0,0.6511627906976745,0,0,0,0,0,0,0,0,1,0,0,0,0,0,0,0,0,0,0,0,0,0,0,0,0,0,0,0,0,0,1,0,0,0,0,0,0,0,0
5.075173815233827,0.0,0,60,7,6.124683390894205,0.6931471805599453,0,0,0,1,0.8333333333333334,0,0,0,0,0,0,0,0,1,0,0,0,0,0,0,0,0,0,0,0,0,0,0,0,0,0,0,0,0,0,1,0,0,0,0,0,0,0,0
4.499809670330265,0.0,0,87,12,6.421622267806518,6.398594934535208,1,1,0,0,0.6710526315789473,0,0,0,0,0,0,0,0,1,0,0,0,0,0,0,0,0,0,0,0,0,0,0,0,0,0,0,0,0,0,0,0,0,1,0,0,0,0,0
5.017279836814924,0.0,0,49,4,8.041091003708633,0.0,0,1,0,0,0.5652173913043478,0,0,0,0,0,0,0,0,1,0,0,0,0,0,0,0,0,0,0,0,0,0,0,0,0,0,0,0,0,0,1,0,0,0,0,0,0,0,0
4.983606621708336,0.0,0,65,9,6.416732282512326,4.983606621708336,0,1,0,0,0.7017543859649122,0,0,0,0,0,0,0,0,1,0,0,0,0,0,0,0,0,0,0,0,0,0,0,0,0,0,0,0,0,0,1,0,0,0,0,0,0,0,0
6.311734809152915,0.0,0,66,8,3.044522437723423,4.61512051684126,0,1,0,0,0.2711864406779661,0,0,0,0,0,0,0,0,1,0,0,0,0,0,0,0,0,0,0,0,0,0,0,0,0,0,0,0,0,0,1,0,0,0,0,0,0,0,0
4.7535901911063645,0.0,0,81,10,9.210340371976184,1.791759469228055,0,1,1,0,0.5694444444444444,0,0,0,0,0,0,0,0,1,0,0,0,0,0,0,0,0,0,0,0,0,0,0,0,0,0,0,0,0,0,1,0,0,0,0,0,0,0,0
5.393627546352362,0.0,0,92,13,0.0,6.398594934535208,1,1,0,0,0.43037974683544306,0,0,0,0,0,0,0,0,1,0,0,0,0,0,0,0,0,0,0,0,0,0,0,0,0,0,0,0,0,0,1,0,0,0,0,0,0,0,0
4.912654885736052,0.0,0,82,11,6.862757913051401,4.61512051684126,0,1,1,0,0.7536231884057971,0,0,0,0,0,0,0,0,1,0,0,0,0,0,0,0,0,0,0,0,0,0,0,0,0,0,0,0,0,0,1,0,0,0,0,0,0,0,0
5.8522024797744745,0.0,0,61,10,4.127134385045092,4.61512051684126,0,1,0,0,0.34615384615384615,0,0,0,0,0,0,0,0,1,0,0,0,0,0,0,0,0,0,0,0,0,0,0,0,0,0,0,0,0,0,0,0,0,0,0,0,1,0,0
5.19295685089021,0.0,0,46,4,5.902633333401366,0.0,0,0,0,0,0.7906976744186046,0,0,0,0,0,0,0,0,1,0,0,0,0,0,0,0,0,0,0,0,0,0,0,0,0,0,0,0,0,0,1,0,0,0,0,0,0,0,0
2.302585092994046,0.0,0,120,15,4.61512051684126,2.3978952727983707,0,1,0,0,0.6037735849056604,0,0,0,0,0,0,0,0,1,0,0,0,0,0,0,0,0,0,0,0,0,0,0,0,0,0,0,0,0,0,1,0,0,0,0,0,0,0,0
5.170483995038151,0.0,0,33,4,7.5251007461258,4.61512051684126,0,0,1,0,0.7,0,0,0,0,0,0,0,0,1,0,0,0,0,0,0,0,0,0,0,0,0,0,0,0,0,0,0,0,0,0,1,0,0,0,0,0,0,0,0
4.912654885736052,0.0,0,86,12,8.474703139795285,4.61512051684126,0,1,1,0,0.7733333333333333,0,0,0,0,0,0,0,0,1,0,0,0,0,0,0,0,0,0,0,0,0,0,0,0,0,0,0,0,0,0,1,0,0,0,0,0,0,0,0
5.720311776607412,0.0,0,50,9,5.823045895483019,4.61512051684126,0,0,1,0,0.6190476190476191,0,0,0,0,0,0,0,0,1,0,0,0,0,0,0,0,0,0,0,0,0,0,0,0,0,0,0,0,0,0,1,0,0,0,0,0,0,0,0
4.605170185988092,0.0,0,45,8,5.472270673671475,2.3978952727983707,0,1,0,0,0.5263157894736842,0,0,0,0,0,0,0,0,1,0,0,0,0,0,0,0,0,0,0,0,0,0,0,0,0,0,0,0,0,0,0,0,1,0,0,0,0,0,0
4.430816798843313,0.0,0,105,12,9.210340371976184,0.0,0,1,0,1,0.8241758241758241,0,0,0,0,0,0,0,0,1,0,0,0,0,0,0,0,0,0,0,0,0,0,0,0,0,0,0,0,0,0,1,0,0,0,0,0,0,0,0
4.605170185988092,0.0,0,79,10,5.556828061699537,4.110873864173311,0,1,0,0,0.5942028985507246,0,0,0,0,0,0,0,0,1,0,0,0,0,0,0,0,0,0,0,0,0,0,0,0,0,0,0,0,0,0,0,0,0,1,0,0,0,0,0
3.912023005428146,0.0,0,139,9,8.396831834745054,2.772588722239781,0,1,0,1,0.816793893129771,0,0,0,0,0,0,0,0,1,0,0,0,0,0,0,0,0,0,0,0,0,0,0,0,0,0,0,0,0,0,0,0,0,1,0,0,0,0,0
5.598421958998375,0.0,0,64,12,4.844187086458591,3.4339872044851463,1,1,0,0,0.6415094339622641,0,0,0,0,0,0,0,0,1,0,0,0,0,0,0,0,0,0,0,0,0,0,0,0,0,0,0,0,0,0,1,0,0,0,0,0,0,0,0
4.941642422609304,0.0,0,128,12,8.852235835227855,4.61512051684126,1,1,1,0,0.8376068376068376,0,0,0,0,0,0,0,0,1,0,0,0,0,0,0,0,0,0,0,0,0,0,0,0,0,0,0,0,0,0,0,0,0,1,0,0,0,0,0
4.867534450455582,0.0,0,31,6,7.459914766241105,3.044522437723423,0,0,0,0,0.11538461538461539,0,0,0,0,0,0,0,0,1,0,0,0,0,0,0,0,0,0,0,0,0,0,0,0,0,0,0,0,0,0,1,0,0,0,0,0,0,0,0
4.795790545596741,0.0,0,38,3,8.837390855544697,0.0,0,1,0,0,0.8888888888888888,0,0,0,0,0,0,0,0,1,0,0,0,0,0,0,0,0,0,0,0,0,0,0,0,0,0,0,0,0,0,1,0,0,0,0,0,0,0,0
4.605170185988092,0.0,0,72,8,9.03049574505712,3.4339872044851463,0,1,0,0,0.6923076923076923,0,0,0,0,0,0,0,0,1,0,0,0,0,0,0,0,0,0,0,0,0,0,0,0,0,0,0,0,0,0,1,0,0,0,0,0,0,0,0
4.983606621708336,0.0,0,78,6,6.371611847231857,0.0,0,1,0,0,0.8356164383561644,0,0,0,0,0,0,0,0,1,0,0,0,0,0,0,0,0,0,0,0,0,0,0,0,0,0,0,0,0,0,1,0,0,0,0,0,0,0,0
6.373319789577012,0.0,0,85,9,0.0,1.6094379124341003,0,0,0,0,0.7142857142857143,0,0,0,0,0,0,0,0,1,0,0,0,0,0,0,0,0,0,0,0,0,0,0,0,0,0,0,0,0,0,1,0,0,0,0,0,0,0,0
4.605170185988092,0.0,0,39,3,3.6375861597263857,3.4339872044851463,0,1,0,0,0.9459459459459459,0,0,0,0,0,0,0,0,1,0,0,0,0,0,0,0,0,0,0,0,0,0,0,0,0,0,0,0,0,0,1,0,0,0,0,0,0,0,0
5.393627546352362,0.0,0,88,13,0.0,6.398594934535208,1,1,0,0,0.4473684210526316,0,0,0,0,0,0,0,0,1,0,0,0,0,0,0,0,0,0,0,0,0,0,0,0,0,0,0,0,0,0,0,0,0,1,0,0,0,0,0
7.300472814267799,0.0,0,102,11,0.0,0.0,0,0,0,0,0.6195652173913043,0,0,0,0,0,0,0,0,1,0,0,0,0,0,0,0,0,0,0,0,0,0,0,0,0,0,0,0,0,0,0,0,0,0,1,0,0,0,0
7.489412083508719,0.0,0,44,6,0.0,1.3862943611198906,0,0,0,1,0.5897435897435898,0,0,0,0,0,0,0,0,1,0,0,0,0,0,0,0,0,0,0,0,0,0,0,0,0,0,0,0,0,0,0,0,0,0,0,0,1,0,0
4.795790545596741,0.0,0,34,8,3.2188758248682006,2.3978952727983707,0,1,0,0,0.7407407407407407,0,0,0,0,0,0,0,0,1,0,0,0,0,0,0,0,0,0,0,0,0,0,0,0,0,0,0,0,0,0,1,0,0,0,0,0,0,0,0
6.573680166960646,0.0,0,74,11,0.0,0.0,0,0,0,0,0.65625,0,0,0,0,0,0,0,0,1,0,0,0,0,0,0,0,0,0,0,0,0,0,0,0,0,0,0,0,0,0,1,0,0,0,0,0,0,0,0
6.745236349484363,0.0,0,96,18,0.0,7.355001921105257,0,0,0,0,0.08860759493670886,0,0,0,0,0,0,0,0,1,0,0,0,0,0,0,0,0,0,0,0,0,0,0,0,0,0,0,0,0,0,0,0,1,0,0,0,0,0,0
5.673323267171493,0.0,0,76,7,0.0,0.0,0,0,1,1,0.9714285714285714,0,0,0,0,0,0,0,0,1,0,0,0,0,0,0,0,0,0,0,0,0,0,0,0,0,0,0,0,0,0,1,0,0,0,0,0,0,0,0
6.53813982376767,0.0,0,87,12,0.0,3.713572066704308,0,1,0,0,0.25,0,0,0,0,0,0,0,0,1,0,0,0,0,0,0,0,0,0,0,0,0,0,0,0,0,0,0,0,0,0,0,0,0,0,0,0,1,0,0
4.9344739331306915,0.0,0,30,3,0.0,0.0,0,0,0,0,0.6071428571428571,0,0,0,0,0,0,0,0,1,0,0,0,0,0,0,0,0,0,0,0,0,0,0,0,0,0,0,0,0,0,1,0,0,0,0,0,0,0,0
6.478509642208569,0.0,0,39,7,0.0,7.00397413672268,1,1,0,0,0.12121212121212122,0,0,0,0,0,0,0,0,1,0,0,0,0,0,0,0,0,0,0,0,0,0,0,0,0,0,0,0,0,0,1,0,0,0,0,0,0,0,0
8.289288323000317,0.0,0,132,15,0.0,4.110873864173311,0,1,0,1,0.5254237288135594,0,0,0,0,0,0,0,0,1,0,0,0,0,0,0,0,0,0,0,0,0,0,0,0,0,0,0,0,0,0,1,0,0,0,0,0,0,0,0
6.620073206530356,0.0,0,75,12,2.772588722239781,4.795790545596741,0,1,0,0,0.09375,0,0,0,0,0,0,0,0,0,1,0,0,0,0,0,0,0,0,0,0,0,0,0,0,0,0,0,0,0,0,1,0,0,0,0,0,0,0,0
4.330733340286331,0.0,0,39,4,2.3978952727983707,0.0,0,0,0,0,0.4722222222222222,0,0,0,0,0,0,0,0,0,1,0,0,0,0,0,0,0,0,0,0,0,0,0,0,0,0,0,0,0,0,1,0,0,0,0,0,0,0,0
4.454347296253507,0.0,0,65,14,5.564520407322694,1.9459101490553132,1,1,0,0,0.34615384615384615,0,0,0,0,0,0,0,0,0,1,0,0,0,0,0,0,0,0,0,0,0,0,0,0,0,0,0,0,0,0,1,0,0,0,0,0,0,0,0
5.521460917862246,0.0,0,64,5,9.210340371976184,6.2166061010848646,1,1,0,0,0.2833333333333333,0,0,0,0,0,0,0,0,0,1,0,0,0,0,0,0,0,0,0,0,0,0,0,0,0,0,0,0,0,0,0,0,0,1,0,0,0,0,0
5.594711379601839,0.0,0,48,6,6.779921907472252,3.4339872044851463,0,1,0,0,0.5348837209302325,0,0,0,0,0,0,0,0,0,1,0,0,0,0,0,0,0,0,0,0,0,0,0,0,0,0,0,0,0,0,1,0,0,0,0,0,0,0,0
4.882801922586371,0.0,0,129,7,3.332204510175204,0.0,0,0,0,0,0.991869918699187,0,0,0,0,0,0,0,0,0,1,0,0,0,0,0,0,0,0,0,0,0,0,0,0,0,0,0,0,0,0,1,0,0,0,0,0,0,0,0
5.19295685089021,0.0,0,102,10,6.194405391104672,2.3978952727983707,0,1,0,0,0.7311827956989247,0,0,0,0,0,0,0,0,0,1,0,0,0,0,0,0,0,0,0,0,0,0,0,0,0,0,0,0,0,0,1,0,0,0,0,0,0,0,0
4.948759890378168,0.0,0,72,9,4.189654742026425,4.110873864173311,0,1,0,0,0.96875,0,0,0,0,0,0,0,0,0,1,0,0,0,0,0,0,0,0,0,0,0,0,0,0,0,0,0,0,0,0,1,0,0,0,0,0,0,0,0
4.948759890378168,0.0,0,72,7,7.68017564043659,2.3978952727983707,0,1,0,0,0.9242424242424242,0,0,0,0,0,0,0,0,0,1,0,0,0,0,0,0,0,0,0,0,0,0,0,0,0,0,0,0,0,0,1,0,0,0,0,0,0,0,0
6.618738983517219,0.0,0,57,10,5.043425116919247,1.791759469228055,0,1,0,0,0.8125,0,0,0,0,0,0,0,0,0,1,0,0,0,0,0,0,0,0,0,0,0,0,0,0,0,0,0,0,0,0,1,0,0,0,0,0,0,0,0
5.3981627015177525,0.0,0,87,8,4.795790545596741,1.3862943611198906,1,0,0,0,0.7875,0,0,0,0,0,0,0,0,0,1,0,0,0,0,0,0,0,0,0,0,0,0,0,0,0,0,0,0,0,0,1,0,0,0,0,0,0,0,0
6.431331081933479,0.0,0,86,13,3.713572066704308,6.2166061010848646,1,0,0,0,0.6486486486486487,0,0,0,0,0,0,0,0,0,1,0,0,0,0,0,0,0,0,0,0,0,0,0,0,0,0,0,0,0,0,1,0,0,0,0,0,0,0,0
7.24422751560335,0.0,0,97,8,0.0,3.4339872044851463,0,1,0,0,0.7777777777777778,0,0,0,0,0,0,0,0,0,1,0,0,0,0,0,0,0,0,0,0,0,0,0,0,0,0,0,0,0,0,1,0,0,0,0,0,0,0,0
5.991464547107982,0.0,0,131,17,0.0,2.3978952727983707,0,0,0,1,0.6608695652173913,0,0,0,0,0,0,0,0,0,1,0,0,0,0,0,0,0,0,0,0,0,0,0,0,0,0,0,0,0,0,1,0,0,0,0,0,0,0,0
5.991464547107982,0.0,0,107,18,1.791759469228055,2.3978952727983707,0,0,0,1,0.6777777777777778,0,0,0,0,0,0,0,0,0,1,0,0,0,0,0,0,0,0,0,0,0,0,0,0,0,0,0,0,0,0,1,0,0,0,0,0,0,0,0
5.8888779583328805,0.0,0,88,7,4.2626798770413155,4.61512051684126,0,0,1,0,0.7195121951219512,0,0,0,0,0,0,0,0,0,1,0,0,0,0,0,0,0,0,0,0,0,0,0,0,0,0,0,0,0,0,1,0,0,0,0,0,0,0,0
6.175867270105761,0.0,0,49,5,3.9512437185814275,0.0,0,0,0,0,0.7555555555555555,0,0,0,0,0,0,0,0,0,1,0,0,0,0,0,0,0,0,0,0,0,0,0,0,0,0,0,0,0,0,1,0,0,0,0,0,0,0,0
5.3981627015177525,0.0,0,103,11,3.8918202981106265,1.3862943611198906,1,0,0,0,0.989247311827957,0,0,0,0,0,0,0,0,0,1,0,0,0,0,0,0,0,0,0,0,0,0,0,0,0,0,0,0,0,0,1,0,0,0,0,0,0,0,0
5.968707559985366,0.0,0,90,14,0.0,0.0,0,0,1,0,0.6883116883116883,0,0,0,0,0,0,0,0,0,1,0,0,0,0,0,0,0,0,0,0,0,0,0,0,0,0,0,0,0,0,1,0,0,0,0,0,0,0,0
5.303304908059076,0.0,0,55,10,4.110873864173311,6.2166061010848646,1,1,0,0,0.6590909090909091,0,0,0,0,0,0,0,0,0,1,0,0,0,0,0,0,0,0,0,0,0,0,0,0,0,0,0,0,0,0,1,0,0,0,0,0,0,0,0
2.833213344056216,0.0,0,45,8,6.049733455231958,1.791759469228055,1,1,0,0,0.7631578947368421,0,0,0,0,0,0,0,0,0,1,0,0,0,0,0,0,0,0,0,0,0,0,0,0,0,0,0,0,0,0,1,0,0,0,0,0,0,0,0
4.77912349311153,0.0,0,91,12,9.210340371976184,2.772588722239781,0,1,0,0,0.7375,0,0,0,0,0,0,0,0,0,1,0,0,0,0,0,0,0,0,0,0,0,0,0,0,0,0,0,0,0,0,1,0,0,0,0,0,0,0,0
4.51085950651685,0.0,0,20,3,6.654152520183219,1.791759469228055,0,0,0,0,0.9444444444444444,0,0,0,0,0,0,0,0,0,1,0,0,0,0,0,0,0,0,0,0,0,0,0,0,0,0,0,0,0,0,0,0,0,1,0,0,0,0,0
3.713572066704308,0.0,0,97,7,4.2626798770413155,0.0,1,0,0,0,0.989010989010989,0,0,0,0,0,0,0,0,0,1,0,0,0,0,0,0,0,0,0,0,0,0,0,0,0,0,0,0,0,0,1,0,0,0,0,0,0,0,0
4.07753744390572,0.0,0,17,2,8.576405051048084,4.110873864173311,0,1,0,0,0.875,0,0,0,0,0,0,0,0,0,1,0,0,0,0,0,0,0,0,0,0,0,0,0,0,0,0,0,0,0,0,0,0,0,1,0,0,0,0,0
5.993961427306569,0.0,0,54,5,4.04305126783455,0.0,0,1,0,0,0.875,0,0,0,0,0,0,0,0,0,1,0,0,0,0,0,0,0,0,0,0,0,0,0,0,0,0,0,0,0,0,1,0,0,0,0,0,0,0,0
5.198497031265826,0.0,0,49,6,4.219507705176107,0.0,0,0,0,0,0.7727272727272727,0,0,0,0,0,0,0,0,0,1,0,0,0,0,0,0,0,0,0,0,0,0,0,0,0,0,0,0,0,0,1,0,0,0,0,0,0,0,0
5.3981627015177525,0.0,0,103,11,3.9318256327243257,1.3862943611198906,1,0,0,0,0.989247311827957,0,0,0,0,0,0,0,0,0,1,0,0,0,0,0,0,0,0,0,0,0,0,0,0,0,0,0,0,0,0,1,0,0,0,0,0,0,0,0
5.638354669333745,0.0,0,77,10,4.248495242049359,0.0,0,0,0,0,0.7272727272727273,0,0,0,0,0,0,0,0,0,1,0,0,0,0,0,0,0,0,0,0,0,0,0,0,0,0,0,0,0,0,1,0,0,0,0,0,0,0,0
7.237778191923443,0.0,0,37,4,0.0,0.6931471805599453,0,0,0,0,0.7647058823529411,0,0,0,0,0,0,0,0,0,1,0,0,0,0,0,0,0,0,0,0,0,0,0,0,0,0,0,0,0,0,1,0,0,0,0,0,0,0,0
6.329720905522696,0.0,0,103,11,3.8918202981106265,1.3862943611198906,1,0,0,0,0.989247311827957,0,0,0,0,0,0,0,0,0,1,0,0,0,0,0,0,0,0,0,0,0,0,0,0,0,0,0,0,0,0,1,0,0,0,0,0,0,0,0
6.329720905522696,0.0,0,103,11,3.9318256327243257,1.3862943611198906,1,0,0,0,0.989247311827957,0,0,0,0,0,0,0,0,0,1,0,0,0,0,0,0,0,0,0,0,0,0,0,0,0,0,0,0,0,0,1,0,0,0,0,0,0,0,0
