Id,Section,Name,Price,Total Sold,Total Reviews,Shop Location
4799179886,Acne Care,DHC Vitamin B-Mix วิตามินบีรวม (สำหรับ 20 วัน),75.0,,,Pathum Thani
4795171651,Acne Care,ซิงค์ Vistra Zinc วิสทร้า ซิงค์ 15 มก. ขนาด 20 แคปซูล,79.0,,,Chiang Mai
4790242641,Acne Care,Blackmores  แบลคมอร์ส Bio Zinc A Chelate (90 Tabs) หมดอายุ 11-01-2024 ไบโอ ซิงค์ เอ คี เลต ผลิตภัณฑ์เสริมอาหาร 90 เม็ด,224.0,,,Surin
4789940606,Acne Care,1แถม1 กลูต้าวิตมี กลูต้าส้มเลือด Gluta With Me ช่วยให้ผิวกระจ่างใส ลดสิว,290.0,,,Udon Thani
4787161067,Acne Care,🎌 DHC Vitamin B-Mix Persistent วิตามินบีรวม แบบละลายช้า ดูดซึมได้ดีขึ้น ลดสิว บำรุงประสาท ของแท้จากญี่ปุ่น 持続型ビタミンBミックス,149.0,,,Bangkok
4787034521,Acne Care,🎌 DHC Vitamin B-MIX วิตามินบีรวม ป้องกันสิว ลดสิว บำรุงระบบประสาท ของแท้จากญี่ปุ่น ビタミンBミックス 徳用,135.0,,,Bangkok
4783973241,Acne Care,Life  Extension  Zinc,345.0,,,Nakhon Pathom
4782196675,Acne Care,Colla Zinc Plus C  คอลลา ซิง พลัส ซี คลอลาเจน,59.0,,,Khon Kaen
4782101127,Acne Care,AGLAM ZINC อะแกลม ซินซี วิตามินสำหรับคนเป็นสิว,290.0,,,Pathum Thani
4781669125,Acne Care,วิตามินลดสิว วิตามินเผาผลาญ อาหารเสริม อาหารเสริมลดน้ำหนัก ลดสิว ผิวขาว วันเวลา Vanvela 1 แถม 1 ขนาด 10 แคปซูล 1 กล่อง สินค้าไม่ตรงปกเปลี่ยนฟรี Be-Us.Shop,390.0,,1.0,Samut Prakan
4781602328,Acne Care,วิตามินผิวใส  วิตามินลดสิว วิตามินเผาผลาญ แบรนด์ VANVELA  ผิวเนียน เผาผลาญ ลดสิว ผิวใส รับประกันของแท้  Lady Closet Store,339.0,,1.0,Samut Prakan
4778969098,Acne Care,วิตามินผิวใส วิตามินเผาผลาญ วิตามินลดสิว แบรนด์ วันเวลา อาหารผิวหน้า เผาผลาญ ลดสิว ผิวใส สินค้าไม่ตรงปกยินดีเปลี่ยนฟรี Charissa store,327.0,,,Samut Prakan
4778067290,Acne Care,คอลลาเจนพิงค์ มาเจนต้า Korich  เคโอริช ผลิตภัณฑ์ดูแลเส้นผมและเล็บ,199.0,,,Phetchaburi
4778010046,Acne Care,( ของแท้จากบริษัท ) อาโมนิซิงค์ Armoni Zinc วิตามิน ซิงค์ ชายนิ่ง วิตามินลดสิว ลดผมร่วง,250.0,,,Kanchanaburi
4777748860,Acne Care,Vistra Gotu Kola Extract Plus Zinc วิสทร้า โกตู โคลา เอ็กแทรค พลัส ซิงค์,229.0,,,Nonthaburi
4776943847,Acne Care,VISTRA Zinc 15mg วิสทร้า ซิงค์ 15 มิลลิกรัม 45 เม็ด,149.0,,2.0,Bangkok
4776296820,Acne Care,"DW collagen plus, ASTAXANTHIN คอลลาเจนพลัส คอลพีช, 1 กล่อง- 5 ซอง",199.0,,1.0,Pathum Thani
4775857166,Acne Care,🎌 DHC Astaxanthin แอสต้าแซนติน ต้านอนุมูลอิสระ ลดริ้วรอย ของแท้จากญี่ปุ่น アスタキサンチン,342.71,,,Bangkok
4775336199,Acne Care,Swisse Beauty Collagen + Hyaluronic Acid Booster 80 Tablets exp 8/2024,690.0,,,Pathum Thani
4774977320,Acne Care,VISTRA Gotu Kola Extract PLUS Zinc,585.0,,,Bangkok
4774950497,Acne Care,VISTRA Zinc 15mg,199.0,,,Bangkok
4771737242,Acne Care,Demosana Zinc + C 20 ดีโมซานา ซิงค์ วิตามินเม็ดฟู่ วิตามินซี เม็ดฟู่ละลายน้ำ,130.0,,,Bangkok
4771562635,Acne Care,💜🤍New Nucera plus นูเซร่า พลัส สูตรใหม่เข้มข้นกว่าเดิม มาพร้อมเซราไมด์บริสุทธิ์ 100% ที่ทำให้วิตามินอยู่ร่ายกายได้นานขึ้น🤍💜,800.0,,,Chonburi
4771509723,Acne Care,พร้อมส่ง!!นูเซร่าสูตรใหม่💜 Nucera Plus สูตรพิเศษ Ricera bossom (30 แคปซูล) พร้อมส่ง ของแท้ 100%มีของแถมทุกออเดอร์,800.0,7.0,2.0,Chonburi
4771176339,Acne Care,New Nucera Plus (นูเซร่า พลัส) แถมฟรี Nucera Drink ปรับสูตรใหม่ พรี่เมี่ยมและเข้มข้นกว่าเดิม 1 กระปุก 30 แคปซูล,3790.0,6.0,1.0,Chonburi
4770141595,Acne Care,Pharma Nord Bio Zinc 15 mg 90 tablets  ฟาร์มา นอร์ด ไบโอ ซิงค์ บำรุงผิว ผม เล็บ ขนาด 90 เม็ด  สินค้าใหม่ ส่งด่วน รับประกัน ของแท้,329.0,,,Bangkok
4769667994,Acne Care,[ซื้อ 2 แถม 1] Dii Acne Solution สูตรดูแลปัญหาสิวรุนแรง (30 แคปซูล),2580.0,,,Samut Prakan
4768028372,Acne Care,PAN PLUS,290.0,,,Roi Et
4767562720,Acne Care,✅ ร้านน้ำมลมินิของเเท้💯%  วิตามิน ซิงค์1กระปุก  ร้านดังในTikTok ✅ มีบัตรตัวเเทน ผลิตภัณฑ์ Shining ✅ อาโมนิซิงค์,290.0,,,Nonthaburi
4765443299,Acne Care,THP Zinccap ซิงค์แคป ชนิดแคปซูลนิ่ม ลดการเกิดสิว บำรุงผม เล็บ ความมันบนใบหน้าน้อยลง ขนาด 30 แคปซูล,179.0,,1.0,Bangkok
4763300553,Acne Care,อากาเนะ ไลโค บริ้ง Akane Lyco Brink เสกผิวใส ลดสิว ผิวขาวภายใน 7 วัน,360.0,,,Bangkok
4762459206,Acne Care,Malinest L-Gluta มาลิเนส คอลลาเจน แอลกลูต้า 1 ซอง 15 เม็ด,99.0,,,Bangkok
4762326599,Acne Care,อาหารเสริมเพื่อผิวขาว สารสกัดจากเมล็ดองุ่น วิตามินซี วิตามินอี จุดดำสิว จุดแดงสิว กรตุ้นกลูต้า คอลลาเจน Grape Seed,580.0,,,Samut Prakan
4761225299,Acne Care,Vista gotu kola extract plus zinc วิสทรา ซิงค์,189.0,,,Bangkok
4761209126,Acne Care,Vistra Gotu Kola Extract Plus Zinc วิสทรา ซิงค์,189.0,18.0,2.0,Bangkok
4761092704,Acne Care,Vistra Gotu Kola Extract Plus Zinc วิสทรา โกตุ โคลา ซิงค์ ขนาด 30 แคปซูล,189.0,,1.0,Bangkok
4760484081,Acne Care,Dr.Pong ProAC ACTRISAVE™ ดอกเตอร์พงศ์ โปรแอค,629.0,,,Songkhla
4759906996,Acne Care,⚡️แพ็กเก็จใหม⚡️คอลลาเจน #ไซโกโนะ  Saikono collagen (1กล่องมี10ซอง) ของแท้,165.95,,,Nakhon Si Thammarat
4759039386,Acne Care,KATHY Collagen/Acerola Cherry แคทตี้อะเซโรล่าเชอรี่ ผิวใส ช่วยลดสิว,390.0,,,Bangkok
4723081149,Acne Care,🥝พร้อมส่ง ฟรี !!🥝 TRUVITAR Kiwi Plus Acne Solution ผลิตภัณฑ์เสริมอาหารสารสกัดจากกีวี่ สำหรับผู้ที่มีปัญหาสิวอักเสบเรื้อรัง (30 แคปซูล),235.0,5.0,5.0,Saraburi
1622366190,Acne Care,Blackmores Bio Zinc A Chelate แบลคมอร์ส ไบโอ ซิงค์ เอ คีเลต [90 เม็ด],346.0,4819.0,952.0,Pathum Thani
4738129276,Acne Care,ตามินผิวขาว สิว ฝ้า กระ อาหารเสริมเพื่อผิวขาว สารสกัดจากเมล็ดองุ่น grape seed วิตามินซี วิตามินอี อาหารเสริมเพื่อผิวสวย กลูต้า คอลลาเจน,380.0,,4.0,Samut Prakan
2595904691,Acne Care,🔥ส่งฟรี! ส่งไว🔥 แอลแซด ซิงค์ LZ Zinc  หน้ามัน ฟื้นฟูผิว เคลียร์จบเรื่องสิวๆ (ซื้อ 1 แถม 1) รับสินค้า 1-2 วัน,279.0,152.0,60.0,Saraburi
2961837360,Acne Care,1 แถม 1ส่งฟรี❤️‍🔥 แถมสครับ 1:1 amoni zinc อาโมนิซิงค์ (shining) ลดสิว ลดรอย สร้างภูมิ,109.0,271.0,61.0,Phra Nakhon Si Ayutthaya
4308865983,Acne Care,ซิงก์ แอนด์ คอลลาเจน ซิงก์แคปซูล ซิงก์ แอนด์ คอลลาเจน กิฟฟารีน ZINC & COLLAGEN GIFFARINE,390.0,25.0,7.0,Chiang Mai
4256468704,Acne Care,Colla Ac By Dr Awie วิตามินสิว,549.0,6.0,1.0,Nonthaburi
4190006442,Acne Care,Irina ไอริน่า 🍒 (2 ชิ้นลดอีก) คอลลาเจนลดสิว ✨กู้ผิวข้ามคืน คอลลาเจนรสชาติดี,290.0,13.0,3.0,Bangkok
4711088528,Acne Care,วิตามินดีพราว Deproud Bio Multi C ดีพราวด์วิตามินซีสด Deproud Bio Vitaminc,89.0,,,Kanchanaburi
1057938081,Acne Care,70% OFF ราคา Sale!!! โปรดอ่าน EXP: 12/2023 คีเลต ซิงค์ Chelated Zinc (Gluconate) 50 mg 250 Tablets (PipingRock®) สังกะสี Piping Rock,350.0,12.0,,Chiang Mai
4716729370,Acne Care,1 แถม 1 กลูต้าส้มเลือด ของแท้ glutawithme กลูต้าวิทมี WITH ME  ส้มเลือดสามสายพันธุ์ ตัวช่วยลดสิว ผิวขาว,250.0,,,Songkhla
4746501502,Acne Care,🍀พร้อมส่ง ส่งฟรี🍀 TRUVITAR Gotu Kola Plus Zinc 30 แคปซูล ผลิตภัณฑ์เสริมอาหารสารสกัดจากใบบัวบกชนิดแคปซูล จัดการปัญหาสิวแบบตรงจุด !! (1แถม1),319.0,6.0,5.0,Saraburi
4416845688,Acne Care,❗️ของแท้ ส่งฟรี❗️มานามิ คอลลาเจน & มาเอมิ กลูต้า By Puiinun Gluta Collagen Manami Maemi,1000.0,,1.0,Bangkok
2702559839,Acne Care,Zinc​ [ซิงค์​] 60cap,269.0,,,Rayong
3021883449,Acne Care,DHC ZINC 60 วัน ดีเอชซี ซิงค์ สังกะสี,149.0,1129.0,257.0,Bangkok
141456838,Acne Care,Amsel Zinc Vitamin Premix (แอมเซล ซิงค์ พลัส วิตามินพรีมิกซ์) 30 Capsules,112.0,3318.0,510.0,Chonburi
4698919013,Acne Care,Akane Lyco Brink อากาเนะ ไลโค บริ้ง เสกผิวใส หน้าบริ้ง ( 1 ห่อ 30 ซอง ),390.0,15.0,4.0,Bangkok
641118150,Acne Care,Vistra Gotu Kola Extract Plus Zinc วิสทร้า  สารสกัดใบบัวบก [30 เม็ด],192.0,739.0,118.0,Pathum Thani
2595923484,Acne Care,[ส่งฟรี! พร้อมส่ง] แอลแซด ซิงค์ LZ Zinc อาหารเสริมสำหรับผิว 60 แคปซูล  (ซื้อ 1 แถม 1) รับสินค้า 1-2 วัน,273.42,338.0,100.0,Saraburi
4712079584,Acne Care,Vistra Set ลดสิวผิวมัน ป้องกันการเกิดสิวอักเสบ (vistra Gotu kola 30เม็ด) (vistra zinc 45เม็ด) #โทนเนอร์  #สิว  #ป้องกันสิว  #ลดสิว  #ลดรอยดำ  #รักษาสิว,778.17,,,Pathum Thani
4646762352,Acne Care,[ Yong-Won วิตตามินซอฟเจลเกาหลี ยองวอน ] โปรสุดพิเศษ 1 แถม 1 ส่งฟรี! ของแท้ 100% จบปัญหาสิวรอยดำ ช่วยให้มีสุขภาพผิวที่ดีขึ้น เร่งขาวผิวเนียนใส,290.0,13.0,5.0,Ratchaburi
339450955,Acne Care,อาหารเสริม สำหรับผู้ชายและผู้หญิง กิฟฟารีน Giffarine #ซิ้งค์ #คอลลาเจน #Collagen #สิว #หน้ามัน #ผมร่วง #ผมหลุดร่วง #มีบุตรยาก #อ่อนเพลีย,520.0,10.0,1.0,Bangkok
230237081,Acne Care,Vistra Gotu Kola Extract Plus Zinc (30 แคปซูล) วิสทร้า โกตู พลัส ซิงค์,177.0,1235.0,84.0,Phatthalung
4738104411,Acne Care,วิตามินผิวขาว สิว ฝ้า กระ อาหารเสริมเพื่อผิวขาว สารสกัดจากเมล็ดองุ่น grape seed วิตามินซี วิตามินอี อาหารเสริมเพื่อผิวสวย กลูต้า คอลลาเจน องุ่น 30 เม,380.0,,1.0,Bangkok
1998678219,Acne Care,Vistra KIWI Extract  วิสทร้า สารสกัดกีวี ผลิตภัณฑ์เสริมอาหารเพื่อจัดการปัญหาสิวครบสูตร 30 เม็ด [Exp.06/23],319.0,5.0,4.0,Lamphun
4183159002,Acne Care,[ส่งฟรี! พร้อมส่ง] แอลแซด ซิงค์ LZ Zinc ลดสิว รอยสิว ฟื้นฟูผิว เสริมภูมิคุ้มกัน  (ซื้อ 1 แถม 1) รับสินค้า 1-2 วัน,279.0,49.0,10.0,Saraburi
2595908405,Acne Care,[พร้อมส่ง! ส่งไว] แอลแซด ซิงค์ LZ Zinc ลดสิว รอยสิว ฟื้นฟูผิว เสริมภูมิคุ้มกัน (60 แคปซูล) รับสินค้า 1-2 วัน,116.0,1099.0,219.0,Saraburi
2535580864,Acne Care,Nakiz lively nose  ครีมลอกสิวเสี้ยน นาคิส,158.0,4744.0,703.0,Samut Prakan
4736167383,Acne Care,อาหารเสริมเพื่อผิวขาว สารสกัดจากเมล็ดองุ่น วิตามินซี วิตามินอี จุดดำสิว จุดแดงสิว กรตุ้นกลูต้า คอลลาเจน Grape Seed 580บาท,560.0,7.0,2.0,Bangkok
346780443,Acne Care,Vistra Gotu Kola Extract Plus Zinc วิสทร้า โกตู โคลา พลัส ซิงค์ [30 เม็ด],192.0,4408.0,771.0,Pathum Thani
4626639135,Acne Care,DHC X BESTURAL คอลลาเจนกัมมี่ คอลลาเจนเยลลี่ collagen กินง่าย ผิวสวย,238.0,,1.0,Bangkok
1732758023,Acne Care,คอลลาเจนกระดูก คอลลาเจน CollaJoy by Dr.awie 1 กระปุกมี 30 เม็ด [ของแท้ ส่งฟรี Kerry] Collagen คอลลาเจนไขข้อ คอลาเจนข้อเข่า คอลลาเจนข้อต่อ คอลลาเจนปวดข้อ,750.0,48.0,25.0,Chiang Mai
1024080872,Acne Care,🔥ส่งฟรี สั่งเลย🚚 VITAMORES ผลิตภัณฑ์เสริมอาหาร สารสกัดจากเปลือกมังคุด ชนิดแคปซูล ดูแลผิวสวย หน้าใส ไร้จุดด่างดำที่เกิดจากสิว (1แถม1),279.0,,,Saraburi
2846997790,Acne Care,ซื้อ 2 ขวด ถูกกว่า Amsel Zinc plus Vitamin Premix แอมเซล ซิงค์ พลัส วิตามินพรีมิกซ์ บำรุง ผม เล็บ,210.0,8.0,1.0,Phatthalung
1900512242,Acne Care,Colla ac คอลลาเจนลดสิว by dr awie [ส่งฟรี Kerry ] คอลลาเจนสิวฝ้า คอลาเจนแก้สิว 1 กระปุก มี 30 แคปซูล คอลลาเจนญี่ปุ่นคอลลาเจนลดสิวโดยหมอ,590.0,189.0,37.0,Chiang Mai
4359404537,Acne Care,Dhc Vitamin c 20 วัน exp 2024,79.0,26.0,1.0,Nonthaburi
4743165277,Acne Care,อาหารเสริมเพื่อผิวขาว สารสกัดจากเมล็ดองุ่น วิตามินซี วิตามินอี จุดดำสิว จุดแดงสิว กรตุ้นกลูต้า คอลลาเจน Grape Seed,580.0,,1.0,Samut Prakan
4506588403,Acne Care,Chame ชาเม่ คริสตอล คอลลาเจน ผลิตภัณฑ์เสริมอาหาร (2 กล่อง แถม 20 ซอง) #125414,1490.0,,,Bangkok
4660848630,Acne Care,[ ×12 กล่อง ] วิตามิน อาหารเสริมผิวขาว  เพรสแอนด์เชค กลิ่นฟรุ๊ตพั้นช์คอลลาเจน 2000 มก. 3.5g,250.0,,,Bangkok
4780566813,Acne Care,EXP.2025🇯🇵DHC Daisu Isofura Bon (20/30Days) สารสกัดจากถั่วเหลือง ปรับสมดุลฮอร์โมนในร่างกาย ป้องกันสิว ลดรอยแดงสิว,258.0,,,Bangkok
4256468704,Acne Care,Colla Ac By Dr Awie วิตามินสิว,1500.0,6.0,1.0,Nonthaburi
1057938081,Acne Care,70% OFF ราคา Sale!!! โปรดอ่าน EXP: 12/2023 คีเลต ซิงค์ Chelated Zinc (Gluconate) 50 mg 250 Tablets (PipingRock®) สังกะสี Piping Rock,998.0,12.0,,Chiang Mai
4358925806,Beauty Supplements Value Sets,YUUKI X3​ Collagen Snowy 15000​ mg. (พร้อมส่ง),200.0,11.0,1.0,Samut Prakan
4683387096,Beauty Supplements Value Sets,Wisdoma Lyco Tomato มะเขือเทศ100% ไลโคปีนLycopene  (30แค็ปซูล),255.0,9.0,,Udon Thani
4689758066,Beauty Supplements Value Sets,DHC Vitamin C (60 วัน / 120 เม็ด) วิตามินซี **ล๊อตใหม่ล่าสุด**,119.0,1430.0,294.0,Pathum Thani
2913049923,Beauty Supplements Value Sets,[พร้อมส่งมีบัตรตัวแทน] คอลลาเจน โจจู  JOJU Collagen 1กระปุกของแท้,290.0,818.0,110.0,Bangkok
2827543386,Beauty Supplements Value Sets,[ล็อตใหม่พร้อมส่งมีบัตรตัวแทน]คอลลาเจนโจจู  JOJU Collagen ของแท้100% (1กะปุก30เม็ด),290.0,1863.0,295.0,Bangkok
4092860792,Beauty Supplements Value Sets,NBL DHA Omega-3 ดีเอชเอจากน้ำมันปลาแซลม่อน (30 แคปซูล),162.0,5921.0,717.0,Bangkok
4501601394,Beauty Supplements Value Sets,ZEAvita collagen 70x  1 กล่อง จำนวน 8 ซอง (ขายส่ง),199.0,,,Lamphun
4140545585,Beauty Supplements Value Sets,LARRITA วิตามินบูสผิว (ปรางทิพย์ เดอะว๊อยซ์) โกโก้คอลลาเจน วิตามินซี วิตซี  (1กระปุก ขนาด150 กรัม),130.0,549.0,46.0,Bangkok
4081445922,Beauty Supplements Value Sets,วิตามินซี ชนิดชงละลายน้ำ สูตรเข้มข้น (Fulfill Great to C),150.0,1454.0,235.0,Phichit
4620147748,Beauty Supplements Value Sets,ของแท้ ส่งฟรี!! 1 แถม 1 BTO กลูต้า ของแท้ บีทีโอ Gluta คอลลาเจน ผิวขาวใส ดูอ่อนวัย,290.0,303.0,48.0,Si Sa Ket
4369126110,Beauty Supplements Value Sets,"แพ็คเกจใหม่!! คอลลาเจน 200,000mg. Veggie Collagen Powder คอลลาเจนผัก #ผิวขาวใส คุมหิว ผอม",155.0,1465.0,264.0,Bangkok
4670578150,Beauty Supplements Value Sets,พร้อมส่ง‼️Collagen sure herb คอลลาเจนชัวเฮิร์บ พลัส ผลิตภัณฑ์เสริมอาหาร  ตรา ชัวร์เฮิร์บ 1ห่อ20ซอง,169.0,67.0,28.0,Bangkok
4250602104,Beauty Supplements Value Sets,ส่งด่วน-พร้อมส่ง❗️ของแท้/มีของแถม✅ Saikono Collagen ไซโกโนะบำรุงผิว ผิวเรียบเนียน กระจ่างใสขึ้น ลดการเกิดสิว,179.0,,,Kalasin
3295022909,Beauty Supplements Value Sets,"[ โปรคู่แฝด ] Good skin vitaminC 30 days - กู๊ดสกิน วิตามินซี & กลูต้า ขนาด 100,000 mg. VitaminC & Gluta goota วิตามินเกาหลี วิตามินซีผงชงดื่ม กลูต้าผงชงดื่ม",750.0,88.0,22.0,Bangkok
4695638099,Beauty Supplements Value Sets,"เออา คอลลาเจน พลัส 10,000 มิลลิกรัม 1 กล่อง",242.84,33.0,1.0,Kalasin
4596654531,Beauty Supplements Value Sets,แท้ 100% 🧡 YANHEE Callyn Plus ยันฮี คอลลิน พลัส,279.0,537.0,141.0,Bangkok
2933585968,Beauty Supplements Value Sets,Somin Vita โซมิน ไวต้า วิตามินผิว 1 กระปุก มี 30 Tablets,195.0,390.0,34.0,Bangkok
4614161187,Beauty Supplements Value Sets,Saikono Collagen 1 กล่องไซโกโนะ คอลลาเจน ผิวออร่า ขาวใส ของแท้ ไม่กรีดรหัส,169.0,231.0,19.0,Pathum Thani
4650720896,Beauty Supplements Value Sets,คอลลาเจน บูม 1 กล่อง 14 ซอง,240.0,88.0,8.0,Samut Prakan
2983212627,Beauty Supplements Value Sets,นารีญา NAREEYA ผลิตภัณฑ์เสริมอาหาร นารีญา ตัวช่วยดูแลผู้หญิงทุกวัย ได้จากสารสกัดจากสมุนไพร 100% 1 กระปุก 60 แคปซูล,290.0,,,Nonthaburi
4535876337,Beauty Supplements Value Sets,จี บลิ้งค์ ไวต้า ช็อต ผงวิตามินเข้มข้น 1กระปุก 60g. G Blink Vita Shot,127.0,7.0,1.0,Bangkok
2229554370,Beauty Supplements Value Sets,NBL DHA Algae Oil 330 mg,390.0,1807.0,271.0,Bangkok
4359427990,Beauty Supplements Value Sets,DHC hyaluron  60 วัน/20วัน  ช่วยให้ผิวนุ่ม เนียน,275.0,37.0,6.0,Nonthaburi
4636763815,Beauty Supplements Value Sets,ZERINA  MARINE COLLAGEN คอลลาเจน จากปลาทะเล 30 แคปซูล,99.0,,,Chaiyaphum
3508140629,Beauty Supplements Value Sets,Medileen Veronika Plus,1950.0,399.0,62.0,Bangkok
3128591287,Beauty Supplements Value Sets,คอลลาเจนไซโกโนะ Saikono (1กล่องมี 10ซอง) *ไม่กรีดรหัส* ผลิตล่าสุด,159.0,,2742.0,Surat Thani
4729647988,Beauty Supplements Value Sets,Himalaya Purim ดูแลผิว,79.0,6.0,,Bangkok
4315424345,Beauty Supplements Value Sets,DHC X Bestural Collagen Gummy 20days [120g x 40 Tablets]คอลลาเจนแบบเคี้ยว 40 เม็ด,218.0,201.0,31.0,Samut Prakan
4683857444,Beauty Supplements Value Sets,ไซโกโนะ คอลลาเจน & กลูต้าไซโกะ กลูต้าเม็ดซอฟเจล Saikono Collagen plus  &  Saiko Gluta,176.0,21.0,2.0,Bangkok
3510583095,Beauty Supplements Value Sets,กลูต้าL-Gluta Armoni Plus,125.0,1891.0,292.0,Bangkok
4320698719,Beauty Supplements Value Sets,"คอลลาเจนอิงฟ้า บาย มิสแกรนด์ ของแท้ ปริมาณ 120,000mg",299.0,64.0,16.0,Bangkok
4505352797,Beauty Supplements Value Sets,แพ็คคู่สุดคุ้ม วิตามินซี+คอลลาเจน(Fulfill),300.0,162.0,33.0,Phichit
869088956,Beauty Supplements Value Sets,COLLA Zinc Plus C CherChom คอลลา ซิ้งค์ พลัส ซี  เชอชม (1กระป๋อง/50 กรัม),149.0,235.0,15.0,Bangkok
2702858616,Beauty Supplements Value Sets,BIO C MIX ไบโอซี มิกซ์ วิตมินซี 1000mg. 30เม็ด,99.0,602.0,61.0,Bangkok
4380303466,Beauty Supplements Value Sets,"( ซื้อ 1 แถม 1 ) แพ็คเกจใหม่!! คอลลาเจนผัก 200,000mg.Veggie Collagen Powder คุมหิว อิ่มนาน ผอม ผิวสวย",310.0,820.0,179.0,Bangkok
385168226,Beauty Supplements Value Sets,A-OVA Collagen (เอโอว่า คอลลาเจน) เครื่องดื่มคอลลาเจนสกัดเย็นจากหอยเป๋าฮื้อ  1 แพ็ค 6 ขวด,225.0,762.0,123.0,Bangkok
4634724890,Beauty Supplements Value Sets,Serene Collagen ซีรีนคอลลาเจน 1 กล่องมี 10 ซอง,380.0,180.0,32.0,Samut Prakan
4709174501,Beauty Supplements Value Sets,อารยาคอลลาเจน 🔥ซื้อ 1 แถม 2🔥 ได้ 3 กล่อง 30 ซอง คอลลาเจนราสพ์เบอร์รี่,330.0,153.0,37.0,Nonthaburi
4705353294,Beauty Supplements Value Sets,วิตามินผิวเบลล่า ซันนี่ Bella Sunny 🍊1 แถม 1 ของแท้+พร้อมส่ง🍊🍅,284.0,71.0,12.0,Lampang
4670634718,Beauty Supplements Value Sets,"Amado immu collagen คอลลาเจนไดเปปไทด์ 100,000 มก.",167.0,82.0,9.0,Bangkok
4800811569,Beauty Supplements Value Sets,[1 ห่อ 390 บาท] C Brink Collagen  ตรา อากาเนะ,390.0,,,Chonburi
4795929384,Beauty Supplements Value Sets,ใหม่!! NAREEYA PLUS นารีญา สมุนไพร วิตามิน เบต้ากลูแคน วิตามินซี คอลลาเจน collagen นารีญาพลัส สารสกัด 19 ชนิด บำรุงผิว 1 กระปุก บรรจุ 60 เม็ด,340.0,,,Si Sa Ket
4795905473,Beauty Supplements Value Sets,นารีญาพลัส NAREEYA PLUS 1 กระปุก 60 เม็ด ของแท้ ส่งฟรี!! นารีญา สมุนไพร วิตามินซี คอลลาเจน collagen สารสกัด 19 ชนิด บำรุงผิว,340.0,,,Si Sa Ket
4795447713,Beauty Supplements Value Sets,คอลลาเจน ไตรเปปไทด์,200.0,,,Kalasin
4793806233,Beauty Supplements Value Sets,Grape seed สารสกัดจากเมล็ดองุ่น,380.0,,,Nong Khai
4790562587,Beauty Supplements Value Sets,[Veeyah] วียา ฟรุ๊ตตี้ วิตซี คอลลาเจน ไฟเบอร์ 1 กล่อง 290.- ส่งฟรี,290.0,,,Phitsanulok
4790263341,Beauty Supplements Value Sets,โปร 1 แถม 1 Araya gluta กลูต้าอารยา น้องม่วงสดใส บำรุงผิว ผิวโกวล์ใส ผิวสวย ออร่า,265.0,,,Nonthaburi
4790206793,Beauty Supplements Value Sets,Posh Medica คอลลาเจน ทับทิมหิมะ แพ็ก 6 ซอง,169.0,,,Yala
4789605345,Beauty Supplements Value Sets,"พอช เมดิกา คอลลาเจน ลิ้นจี่หิมะ คอลลาเจน 10,000 มก.",49.0,,,Bangkok
4785016451,Beauty Supplements Value Sets,คอลลาเจนพลัส+ผัก โปรคู่ขายดี,590.0,,,Chiang Rai
4784981116,Beauty Supplements Value Sets,PAN PLUS,290.0,,,Roi Et
4784222376,Beauty Supplements Value Sets,Blackmores Marine Collagen Absolute แบลคมอร์ส มารีน คอลลาเจน แอปโซลูท (ผลิตภัณฑ์เสริมอาหาร) คอลลาเจน (14 แคปซูล/60แคปซูล) 1ขวด,137.0,,,Bangkok
4782338699,Beauty Supplements Value Sets,คอลลาเจน sensomeres plus,590.0,,,Samut Sakhon
4782185795,Beauty Supplements Value Sets,Aishitoto NMN GOLD 4500mg  ไอชิโตโต เอ็นเอ็มเอ็น โกลด์ เอ็นเอดีพลัส 30 เม็ด,4590.0,,,Bangkok
4780806879,Beauty Supplements Value Sets,Deproud ดีพราว Bio Multi C Lychee Blueberry Apple ไบโอมัลติซี,140.0,,,Bangkok
4780329961,Beauty Supplements Value Sets,WINK WHITE FIBBER VITC JELLY วิงค์ไวท์เจลลี่ไฟเบอร์ เจลลี่วิตซี เจลลี่คอลลาเจน collagen jelly ❤️💜🧡 แท้100%,149.0,,,Ubon Ratchathani
4780256612,Beauty Supplements Value Sets,บูม คอลลาเจนพลัส,890.0,,,Bangkok
4777893251,Beauty Supplements Value Sets,"ลดพิเศษ !!! Donutt โดนัทคอลลาเจน คอลลาเจนเปปไทด์ 10,000 มก. 10 ซอง",299.0,,,Nonthaburi
4777352922,Beauty Supplements Value Sets,(ส่งฟรี) ชุดคู่หู ยูมิโกะ คอลลาเจนผัก + คอลลาเจนเพียว พลัสแคลเซียม กระปุก 200 กรัม,590.0,,,Chiang Mai
4776717055,Beauty Supplements Value Sets,✅พร้อมส่งของแท้Gluta Collagen Manami Maemi Puiinun เม็ดเคี้ยวปุยนุ่น มานามิ มาเอมิ กลู้ต้า คอลลาเจน ปุยนุ่น ลดสิว ผิวขาว,290.0,,,Maha Sarakham
4774910941,Beauty Supplements Value Sets,ริด้าโคโค่พลัส (ของแท้100%) Rida coco plus ริด้า น้ำมันมะพร้าวสกัดเย็นผสมคอลลาเจนจากญี่ปุ่นและวิตามิน,990.0,,,Pathum Thani
4774747980,Beauty Supplements Value Sets,แกรนด์เดอร์ แกรนด์เดอร์ คอลลาเจน องุ่น ไลโคพีน สนหางม้า เล็บแข็งแรง ผิวใส ผมร่วง เล็บฉีก ภูมิต้านทาน 60แคปซูล,1008.0,,,Bangkok
4772478443,Beauty Supplements Value Sets,อาวียอง  คอลลาเจน โกลด์ เอ็มพลัส931 (บรรจุ 1 กล่อง มี 15 ซอง),1400.0,,,Bangkok
4772406149,Beauty Supplements Value Sets,อารยาคอลลาเจน 1 แถม 2 390฿,350.0,,,Trang
4771864274,Beauty Supplements Value Sets,1แถม1 yong von ยองวอน เสริมสุขภาพผิว ปัญหาสิว ผิวอมชมพู ยองวอนกลูต้า ยองวอนซอฟเจล กลูต้าไธโอน คลอลาเจนผิว gluta collagen 30 เม็ด ต่อ 1 กระปุก ของแท้,290.0,16.0,4.0,Nonthaburi
4770666393,Beauty Supplements Value Sets,Pharma Nord Bio-Pycnogenol 90 เม็ด สารสกัดจากเปลือกสน ดูแลผิว  กระ  ฝ้า  สินค้าใหม่ ส่งด่วน รับประกัน ของแท้,2219.0,,,Bangkok
4770113552,Beauty Supplements Value Sets,ไลโคปีน กิฟฟารีน LYCOPENE GIFFARINE | สารสกัดจากมะเขือเทศ บำรุงผิวพรรณ ป้องกันแสงแดด,384.0,,1.0,Bangkok
4768257052,Beauty Supplements Value Sets,คลอลาเจน ช่วยต้านความแก่ เร่งเปล่ง ความใสของผิว,736.5,,,Nonthaburi
4768055794,Beauty Supplements Value Sets,Boom Gluta Shots ***Exp.15/02/2024,199.0,,1.0,Chanthaburi
4767700139,Beauty Supplements Value Sets,‼️2 แถม 1‼️เพียง 1490 ส่งฟรีมีเก็บเงินปลายทาง คอลลาเจนพี่เอ A SECRET COLLAGEN MULTI PLUS VITAMIN ของแท้ 100%,1463.0,,1.0,Bangkok
4767635526,Beauty Supplements Value Sets,อากาเนะ ไลโค บริ้ง ผลิตภัณฑ์เสริมอาหาร AKANE Lyco Brink (1ห่อมี30ซอง),140.0,,,Bangkok
4766742595,Beauty Supplements Value Sets,คอลลาเจนทับทิม 1 ห่อ มี 20 ซอง,189.0,,,Phatthalung
4766346407,Beauty Supplements Value Sets,Timeless Gluta Collagen,1890.0,,,Udon Thani
4765797125,Beauty Supplements Value Sets,อากาเนะ ไลโค บริ้ง ผลิตภัณฑ์เสริมอาหาร AKANE Lyco Brink,375.0,,,Bangkok
4765365792,Beauty Supplements Value Sets,คอลลาเจนพิงค์ มาเจนต้า Korich 💗 เคโอริช 💗,149.0,,,Roi Et
4765201731,Beauty Supplements Value Sets,Bomi instant Di Collagen plus (8x3g) พรีเมี่ยมคอลลาเจนพร้อมทาน กรอกปาก ทานง่าย ไม่ต้องชง,169.0,,,Bangkok
4764180534,Beauty Supplements Value Sets,แท้ ยูมิโกะ คอลลาเจนพลัส คอลลาเจนผัก คอลลาเจนกระดูก แคลเซียมบำรุงกระดูก ข้อเข่า ผิว ระบบขับถ่าย ปริมาณ 200 กรัม,590.0,,,Nonthaburi
4763618640,Beauty Supplements Value Sets,A Collagen คอลลลาเจน เอ ซีเคร็ต เอศุภชัย A Secret Multi Collagen plus Vitamin เพิ่มเทโลเมียร์ ริ้วรอย ผิวใส มีออร่า,890.0,,3.0,Pathum Thani
4763043381,Beauty Supplements Value Sets,สุดคุ้ม ซื้อ 1 แถม 1  กลูต้าเม็ดดำเกาหลี กลูต้าชะลอวัยBLACK MAGIC  JIMMMYYOUNG,390.0,,2.0,Chiang Mai
4795905473,Beauty Supplements Value Sets,นารีญาพลัส NAREEYA PLUS 1 กระปุก 60 เม็ด ของแท้ ส่งฟรี!! นารีญา สมุนไพร วิตามินซี คอลลาเจน collagen สารสกัด 19 ชนิด บำรุงผิว,1170.0,,,Si Sa Ket
4774910941,Beauty Supplements Value Sets,ริด้าโคโค่พลัส (ของแท้100%) Rida coco plus ริด้า น้ำมันมะพร้าวสกัดเย็นผสมคอลลาเจนจากญี่ปุ่นและวิตามิน,399.0,,,Pathum Thani
4771864274,Beauty Supplements Value Sets,1แถม1 yong von ยองวอน เสริมสุขภาพผิว ปัญหาสิว ผิวอมชมพู ยองวอนกลูต้า ยองวอนซอฟเจล กลูต้าไธโอน คลอลาเจนผิว gluta collagen 30 เม็ด ต่อ 1 กระปุก ของแท้,500.0,16.0,4.0,Nonthaburi
4767635526,Beauty Supplements Value Sets,อากาเนะ ไลโค บริ้ง ผลิตภัณฑ์เสริมอาหาร AKANE Lyco Brink (1ห่อมี30ซอง),385.0,,,Bangkok
4762897739,Beauty Supplements Value Sets,MOLECULOGY  ผลิตภัณฑ์เสริมอาหาร กลาสซี่ เอ็กซ์ 500 60 เม็ด/กระปุก GlassyX,990.0,9.0,2.0,Pathum Thani
4760653492,Beauty Supplements Value Sets,Como collagen คอลลาเจนโคโม๊ะ 1 กล่อง มี 10 ซอง 390.- จัดส่งฟรี‼️,315.0,,1.0,Samut Prakan
4760652759,Beauty Supplements Value Sets,คอลลาเจนโคโม๊ะ Como collagen สูตรใหม่กลิ่นหอม,234.0,,1.0,Samut Prakan
4803006504,Breast Enlargement,💢ใหม่ล่าสุดปี 2023 Transino White C Premium,1290.0,,,Chonburi
4777546846,Breast Enlargement,"โปรคู่  (ครีมกันต์จิ  2 หลอด + วิตามินผิว 1 กระปุก) : Kunji Na กันต์จิ เบรสครีม สำหรับสาวอกไข่ดาว หรือ ย้วย ยานไม่เป็นทรง , วิตามินผิว",950.0,,,Chonburi
4771175711,Breast Enlargement,💚ไม่แท้ คืนเงิน💚 ราคาต่อกระปุก NAREEYA ผลิตภัณฑ์เสริมอาหาร นารีญา 60 แคปซูล,239.0,,,Rayong
4742922167,Breast Enlargement,🔥อันดับ1🔥ครีบบำรุงสำหรับผู้หญิง เปลี่ยนคัพ อัพไซด์ เนินผิวตึงขาวใส สูตรใหม่ใส่กลิ่นฟีโรโมน 180กรัม 720บาท,720.0,,1.0,Samut Prakan
4708033635,Breast Enlargement,เลดี้พลัส,89.0,,,Phra Nakhon Si Ayutthaya
4661220500,Breast Enlargement,5กล่อง❌ปิดชื่อสินค้าว่านร้อยชัย ร้อยชาย ของแท้ ว่านร้อยชาย-วิตามินเสริมเสน่ห์ นมใหญ่ เต่งตึง คัดเต้า หลีฟิตมาก ไร้กลิ่น ลดตกขาว,490.0,,,Khon Kaen
4661211512,Breast Enlargement,1กล่อง❌ปิดชื่อสินค้าว่านร้อยชัย ร้อยชาย ของแท้ ว่านร้อยชาย-วิตามินเสริมเสน่ห์ นมใหญ่ เต่งตึง คัดเต้า หลีฟิตมาก ไร้กลิ่น ลดตกขาว,129.0,6.0,,Khon Kaen
4661206541,Breast Enlargement,3กล่อง❌ปิดชื่อสินค้าว่านร้อยชัย ร้อยชาย ของแท้ ว่านร้อยชาย-วิตามินเสริมเสน่ห์ นมใหญ่ เต่งตึง คัดเต้า หลีฟิตมาก ไร้กลิ่น ลดตกขาว,380.0,,1.0,Khon Kaen
4661144934,Breast Enlargement,2กล่อง❌ปิดชื่อสินค้าว่านร้อยชัย ร้อยชาย ของแท้ ว่านร้อยชาย-วิตามินเสริมเสน่ห์ นมใหญ่ เต่งตึง คัดเต้า หลีฟิตมาก ไร้กลิ่น ลดตกขาว,255.0,10.0,4.0,Khon Kaen
4658024766,Breast Enlargement,🔥ปิดชื่อสินค้า - ว่านร้อยชัยของแท้ ว่านร้อยชาย-วิตามินเสริมเสน่ห์ นมใหญ่ เต่งตึง ไร้กลิ่น ตกขาว ปรับฮอร์โมน,129.0,256.0,7.0,Khon Kaen
4657674014,Breast Enlargement,ว่านร้อยชัยของแท้ ว่านร้อยชาย-วิตามินเสริมเสน่ห์ นมใหญ่ เต่งตึง ไร้กลิ่น ตกขาว ปรับฮอร์โมน,125.1,134.0,9.0,Khon Kaen
4525693434,Breast Enlargement,Herbu Soy Protein (เฮอร์บุ ซอยโปรตีน) zalenza แพ็คเกจใหม่ ส่งฟรี ไม่ต้องใช้โค้ด!!,578.0,,,Phra Nakhon Si Ayutthaya
4512588863,Breast Enlargement,ส่งฟรี YUNABEE ยูนาบี สมุนไพรดูแลภายในผู้หญิง บรรจุ 30 แคปซูล,290.0,,,Nonthaburi
4509401196,Breast Enlargement,YUNABEE ยูนาบี สมุนไพรดูแลภายในผู้หญิง ลดตกขาว ลดอาการปวดประจำเดือน,290.0,,,Nonthaburi
4501225252,Breast Enlargement,โปรคู่ มาร์บูม + บาลูมบูม ช่วยระบบภายใน ฮอร์โมน,700.0,,,Bangkok
4500945178,Breast Enlargement,"[พร้อมส่ง แท้ 💯%] ""ส่งฟรี ไม่ง้อโค้ด"" โปรโมชั่น ซื้อ 1 กล่อง แถมฟรี 2 กล่อง Tea For You ที ฟอร์ ยู ชาเพื่อคุณ ชาชงสมุนไพรกุหลาบ ขจัดทุกปัญหาของคุณผู้หญิง",290.0,,,Bangkok
4485152179,Breast Enlargement,ว่านเสน่หาบ้านแก้วใสเพื่อผู้หญิง บรรจุ 10 แคปซูล  (1 ซอง ),29.0,,,Si Sa Ket
4484970960,Breast Enlargement,ว่านเสน่หาบ้านแก้วใสเพื่อผู้หญิง บรรจุ 10 แคปซูล  (5 ซอง ),100.0,,,Si Sa Ket
4484961569,Breast Enlargement,ว่านเสน่หาบ้านแก้วใสเพื่อผู้หญิง บรรจุ 10 แคปซูล  (10 ซอง ),250.0,,,Si Sa Ket
4482736201,Breast Enlargement,{🔥พร้อมส่ง+ของแท้} ว่านร้อยชัย ว่านร้อยชาย วิตามินเสริมสเน่ห์ เต้าคัด เตร่งตรึง ลดตกขาว ลดกลิ่น ปรับฮอร์โมน,129.0,7.0,1.0,Chonburi
4482713499,Breast Enlargement,{🔥พร้อมส่ง+ของแท้} ว่านร้อยชาย ว่านร้อยชัย  วิตามินเสริมสเน่ห์ เต้าคัด เตร่งตรึง ลดตกขาว ลดกลิ่น ปรับฮอร์โมน,129.0,,,Chonburi
4482699258,Breast Enlargement,{🔥พร้อมส่ง+ของแท้} ว่านร้อยชาย ว่านร้อยชัย  วิตามินเสริมสเน่ห์ เต้าคัด เตร่งตรึง ลดตกขาว ลดกลิ่น ปรับฮอร์โมน,129.0,,1.0,Chonburi
4482677362,Breast Enlargement,{🔥พร้อมส่ง+ของแท้} ว่านร้อยชัย ว่านร้อยชาย วิตามินเสริมสเน่ห์ เต้าคัด เตร่งตรึง ลดตกขาว ลดกลิ่น ปรับฮอร์โมน,129.0,,,Chonburi
4482669430,Breast Enlargement,{🔥พร้อมส่ง+ของแท้} ว่านร้อยชัย ว่านร้อยชาย วิตามินเสริมสเน่ห์ เต้าคัด เตร่งตรึง ลดตกขาว ลดกลิ่น ปรับฮอร์โมน,129.0,53.0,8.0,Chonburi
4482617678,Breast Enlargement,{🔥พร้อมส่ง+ของแท้} ว่านร้อยชาย ว่านร้อยชัย  วิตามินเสริมสเน่ห์ เต้าคัด เตร่งตรึง ลดตกขาว ลดกลิ่น ปรับฮอร์โมน,129.0,,,Chonburi
4482608732,Breast Enlargement,{🔥พร้อมส่ง+ของแท้} ว่านร้อยชัย ว่านร้อยชาย วิตามินเสริมสเน่ห์ เต้าคัด เตร่งตรึง ลดตกขาว ลดกลิ่น ปรับฮอร์โมน,129.0,5.0,,Chonburi
4482413265,Breast Enlargement,[🔥ของแท้] ว่านร้อยชัยชาย ว่านร้อยชัย นมใหญ่ เต่งตึง เต้าคัด ลดตกขาว ปรับฮอร์โมน หลีฟิต,255.0,10.0,4.0,Chonburi
4482279880,Breast Enlargement,[🔥ของแท้] ว่านร้อยชัยชาย ว่านร้อยชัย นมใหญ่ เต่งตึง เต้าคัด ลดตกขาว ปรับฮอร์โมน หลีฟิต,129.0,10.0,1.0,Chonburi
4447400937,Breast Enlargement,ว่านชักมดลูก สกัดเข้มข้น ตรา แฟร์รี่เฮิร์บ จบทุกปัญหาสุขภาพของสุภาพสตรี ปวดประจำเดือน มีกลิ่น ตกขาว กระชับ ฮอร์โมนปกติ,139.0,,,Nonthaburi
4446192694,Breast Enlargement,บาลูมบูม บำรุงภายใน,750.0,,,Bangkok
4434026266,Breast Enlargement,"[พร้อมส่ง แท้ 💯%] ""ส่งฟรี ไม่ง้อโค้ด"" Yunabee ยูนาบี สมุนไพรบำรุงภายในสตรี หลีฟิต แน่นกระชับ ผู้ติดใจ ไม่ต้องพึ่งรีแพร์",290.0,,1.0,Bangkok
4433857156,Breast Enlargement,"[พร้อมส่ง แท้ 💯%] ""ส่งฟรี ไม่ง้อโค้ด"" Vgine วีจิเน่ สมุนไพรบำรุงภายในผู้หญิง อกฟู รูฟิต ดับกลิ่นคาว คืนความสาวให้คุณผู้หญิง",350.0,,,Bangkok
4433790827,Breast Enlargement,"[พร้อมส่ง แท้ 💯%] ""ส่งฟรี ไม่ง้อโค้ด"" Miji มิจิ อาหารเสริมสำหรับคุณผู้หญิงทุกวัย คืนความสาว ลดตกขาว บำรุงผิวขาวใสในกระปุกเดียว",390.0,,,Bangkok
4407497076,Breast Enlargement,[🔥ของแท้] ว่านร้อยชัยชาย ว่านร้อยชัย นมใหญ่ เต่งตึง เต้าคัด ลดตกขาว ปรับฮอร์โมน หลีฟิต,129.0,32.0,6.0,Chonburi
4405338213,Breast Enlargement,น้ำหอม,120.0,,,Pathum Thani
4402983365,Breast Enlargement,น้ำหอม,120.0,,,Pathum Thani
4371834546,Breast Enlargement,[🔥 ของแท้] ว่านร้อยชัยชาย ว่านร้อยชัย ว่านร้อย อกฟู หลีฟิต ลดกลิ่น ลดตกขาว เต้าคัด เต้าเตร่ง,129.0,39.0,9.0,Chonburi
4368908218,Breast Enlargement,{🔥พร้อมส่ง+ของแท้} วิตามินเสริมสเน่ห์  ว่านร้อยชัย ว่านร้อยชาย เต้าคัด เตร่งตรึง ลดตกขาว ลดกลิ่น ปรับฮอร์โมน,255.0,6.0,2.0,Chonburi
4368876424,Breast Enlargement,{🔥พร้อมส่ง+ของแท้} ว่านร้อยชาย ว่านร้อยชัย  วิตามินเสริมสเน่ห์ เต้าคัด เตร่งตรึง ลดตกขาว ลดกลิ่น ปรับฮอร์โมน,255.0,27.0,2.0,Chonburi
4347562574,Breast Enlargement,{🔥พร้อมส่ง+ของแท้} ว่านร้อยชัย ว่านร้อยชาย วิตามินเสริมสเน่ห์ เต้าคัด เตร่งตรึง ลดตกขาว ลดกลิ่น ปรับฮอร์โมน,129.0,18.0,4.0,Chonburi
2001186116,Breast Enlargement,#อย่างฟินส์....ซองเดียว 89 บาทจบๆ  💊แค่วันละเม็ด ฟิ ต แน่น ฟู ซิงค์ 🧡  โปรคุ้มๆ 10 ซอง 690 บาท  ทานได้นาน 3 เดือน ต่อเนื่อง  🚚ส่งของทุกวัน มีเก็บปลายทาง,35.0,11.0,3.0,Songkhla
1950078902,Breast Enlargement,( 10 ชอง 110บาท ) X BOOM [ เซ็ต 10 ซอง ] X-Boom เอ็กซ์บูม ซองม่วง ( 10 แคปซูล / ซอง ),117.0,3334.0,499.0,Bangkok
2132828781,Breast Enlargement,คัพดี เอส.เค.เฮิร์บ (คัพD) S.K.herb อย. 54-1-19859-5-0006 แพ็คเกจใหม่,55.0,1740.0,114.0,Pathum Thani
3527190919,Breast Enlargement,มาฟินเซ่ เลดี้พลัส MAFINZE Lady Plus กล่องสีแดง (1 กล่อง10 เม็ด),73.0,1871.0,154.0,Bangkok
367742357,Breast Enlargement,MemeDoom มีมี่ดูม 1 ซอง สำหรับผู้หญิง  1 ซอง,19.0,1507.0,107.0,Nonthaburi
4213356589,Breast Enlargement,1กล่อง  พร้อมส่ง - ว่านร้อยชัยชาย ของแท้ ว่านร้อยชาย-วิตามินเสริมเสน่ห์ นมใหญ่ เต่งตึง คัดเต้า หลีฟิตมาก ไร้กลิ่น ลดตกขาว ปรับฮ,126.0,388.0,41.0,Khon Kaen
1670448643,Breast Enlargement,ว่านเสน่หาบ้านแก้วใสเพื่อผู้หญิง บรรจุ 10 แคปซูล  (3 ซอง ),69.0,,,Si Sa Ket
1670514008,Breast Enlargement,ว่านเสน่หาบ้านแก้วใสเพื่อผู้หญิง บรรจุ 10 แคปซูล  (5 ซอง ),100.0,,,Si Sa Ket
4185800049,Breast Enlargement,ว่านร้อยชัย 1 กล่อง ของแท้ ว่านร้อยชาย-วิตามินเสริมเสน่ห์ นมใหญ่ เต่งตึง คัดเต้า หลีฟิตมาก ไร้กลิ่น ลดตกขาว ปรับฮอร์โมน มีรีวิวเพียบ !!,128.0,99.0,11.0,Khon Kaen
1663380817,Breast Enlargement,ว่านเสน่หาบ้านแก้วใสเพื่อผู้หญิง บรรจุ 10 แคปซูล  (3 ซอง ),69.0,,,Si Sa Ket
247673356,Breast Enlargement,แพ๊คเกจใหม่ Meme Doom มีมี่ดูมพลัส อาหารเสริมสำหรับคุณผู้หญิง มัดใจสามีอยู่หมัด บรรจุ 7 เม็ด  (3 ซอง),82.0,10.0,,Bangkok
1670412940,Breast Enlargement,ว่านเสน่หาบ้านแก้วใสเพื่อผู้หญิง บรรจุ 10 แคปซูล  (1 ซอง ),29.0,,,Si Sa Ket
1663388725,Breast Enlargement,ว่านเสน่หาบ้านแก้วใสเพื่อผู้หญิง บรรจุ 10 แคปซูล  (1 ซอง ),29.0,6.0,,Si Sa Ket
1750132563,Breast Enlargement,X BOOM เอ็กซ์บูมซองม่วงช่วยหน้าอกและภายใน (10ซอง),120.0,3942.0,682.0,Bangkok
4114992180,Breast Enlargement,⛔️ปิดชื่อสินค้า นมตูม-อกแน่นคับบรา-ว่านร้อยชัย วิตามิน นมใหญ่ เต่งตึง คัดเต้า หลีฟิตมาก ไร้กลิ่น ลดตกขาว ปรับฮอร์โมนพร้อมส่ง,127.5,2455.0,248.0,Khon Kaen
2855381561,Breast Enlargement,Meme Doom plus มีมี่ดูม บรรจุ 7 เม็ด (5 ซอง),165.0,28.0,2.0,Si Sa Ket
1661930389,Breast Enlargement,ว่านเสน่หาบ้านแก้วใสเพื่อผู้หญิง บรรจุ 10 แคปซูล  (2 ซอง ),55.0,10.0,0.0,Si Sa Ket
1663458048,Breast Enlargement,ว่านเสน่หาบ้านแก้วใสเพื่อผู้หญิง บรรจุ 10 แคปซูล  (2 ซอง ),55.0,9.0,,Si Sa Ket
4332627689,Breast Enlargement,แพ็คเกจใหม่ Herbu Soy Protein (Zalenza ซาเลนซ่า) อาหารเสริมถั่วเหลือง 1 ซอง 30 เม็ด,550.0,28.0,7.0,Pathum Thani
3266643353,Breast Enlargement,ซื้อ2 แถม 1 Mafinze’ladyplus finfer เลดี้พลัสมาร์ฟิน fit meสูตรเด็ดสำหรับผู้หญิง(3กล่อง ),189.0,1921.0,355.0,Bangkok
247673585,Breast Enlargement,แพ๊คเกจใหม่ Meme Doom มีมี่ดูมพลัส อาหารเสริมสำหรับคุณผู้หญิง มัดใจสามีอยู่หมัด บรรจุ 7 เม็ด  (5 ซอง),135.0,54.0,5.0,Bangkok
4024363091,Breast Enlargement,chaldang ชาลแดง ตัวดังในTikTok ✅แท้💯 ชาชงสมุนไพร แก้ประจำเดือนมาไม่ตรง แก้ปวดท้องเมนส์ ช่วยมดลูกกระชับ หลังคลอด,143.3,537.0,91.0,Khon Kaen
4175170634,Breast Enlargement,Defin Jelly ดีฟิน เจลลี่,150.0,,,Bangkok
4209289343,Breast Enlargement,ว่านร้อยชัย ของแท้ ว่านร้อยชาย-วิตามินเสริมเสน่ห์ นมใหญ่ เต่งตึง คัดเต้า หลีฟิตมาก ไร้กลิ่น ลดตกขาว ปรับฮอร์โมน ทานแล้วไม่อ้วน,128.0,919.0,98.0,Khon Kaen
4132233482,Breast Enlargement,โสรญา ยาบำรุงร่างกาย (กล่องชมพู),95.0,,,Bangkok
329316250,Breast Enlargement,(แท้💯%แพ็คแกจใหม่) สมุนไพรว่านเสน่ห์หา ตราบ้านแก้ว ใส เฮิร์บ บรรจุ 10 แคปซูล (5 ซอง),90.0,18.0,1.0,Bangkok
1149010866,Breast Enlargement,ซินญอริต้าเคเอสบายว่านแก้วใส Senorita KS เซโนริต้า 1 ซอง,65.0,350.0,14.0,Nonthaburi
4137881224,Breast Enlargement,"Allow เอลโล 1 กล่อง เอลโล สเต็มเซลล์ ""รก"" กุหลาบ จาก ญี่ปุ่น จบทุกปัญหาสำหรับผู้หญิง สุขภาพดีจากภายในสู่ภายนอก",350.0,5.0,,Bangkok
2314486168,Breast Enlargement,( 10 ชอง 110 บาท) X BOOM [ เซ็ต 10 ซอง ] X-Boom เอ็กซ์บูม ซองม่วง ( 10 แคปซูล / ซอง ),130.0,24.0,3.0,Bangkok
248059138,Breast Enlargement,โฉมใหม่ Meme Doom มีมี่ดูม ยาอกโต นมเด้ง บรรจุ 7 เม็ด/ซอง,89.0,27.0,1.0,Bangkok
2142162979,Breast Enlargement,( 10 ชอง )เอ็กซ์บูม X Boom ช่วยภายในพร้อมกระชับหน้าอก,120.0,144.0,25.0,Bangkok
2612873133,Breast Enlargement,กวาวเครือขาว กิฟฟารีน สมุนไพรสำหรับสตรี ยาแคปซูล,138.0,8.0,,Lamphun
2379859509,Breast Enlargement,(10ซอง) X BOOM เอ็กซ์บูม ช่วยภายในและหน้าอก,126.0,173.0,21.0,Bangkok
4030265053,Breast Enlargement,ว่านร้อยชัย (1 กล่อง) ส่งด่วน อาหารเสริมสำหรับผู้หญิง ขยายทรวงอก ลดตกขาว,129.0,86.0,13.0,Bangkok
2827711640,Breast Enlargement,Juliet (จูเลียต) Juliet collagen (จูเลียตคอลลาเจน) juliet jelly plus ของแท้ 100% ส่งด่วนทุกวัน,390.0,,,Phichit
4131957183,Breast Enlargement,โสรญา ยาบำรุงร่างกาย (กล่องชมพู),90.0,,,Bangkok
360366203,Breast Enlargement,(แบบ 10 ซอง) มีดูมซองแดงMemeDoom มีมี่ดูม,179.0,51.0,2.0,Nonthaburi
3642148788,Breast Enlargement,( จำนวน 10 ซอง 110 บาท ) X Boom เอ็กซ์บูม สมุนไพร 🍃X Boom ผลิตภัณฑ์เสริมอาหาร เอ็กซ์บูม สมุนไพรสำหรับผู้หญิง,125.0,,,Bangkok
4800648820,Well Being Gifts & Value Sets,เกร็กคู เกร๊คคู 1 กล่อง 6 แคปซูล การันตีของแท้ 💯💯 [GRACKU],359.0,,,Songkhla
4796383760,Well Being Gifts & Value Sets,โปร 1แถม 1 ฟรี 60 แคปซูลน้ำมันมะพร้าวผสมคอลลาเจนเกาหลี,399.0,,,Bangkok
4795063950,Well Being Gifts & Value Sets,[Clearance Deal] 3 กระปุก Coconut Oil 1000 mg 60 แคปซูล (น้ำมันมะพร้าวสกัดเย็น 1000 มก.),330.0,,,Samut Prakan
4794103538,Well Being Gifts & Value Sets,กษัยเส้น เจ้าสัวสมุนไพร เจ้าสัว (หมดอายุ 19/10/23) ขนาด 30แคปซูล ของไทย เถาวัลย์เปรียง แก่นขี้เหล็ก พร้อมส่ง วันที่สั่ง**,390.0,30.0,9.0,Chachoengsao
4791359852,Well Being Gifts & Value Sets,Ensure GOLD 1200g VANILLA / WHEAT เสริม เอช เอ็ม บี พร้อมวิตามิน แร่ธาตุ และใยอาหาร เอนชัวร์ โกลด์ 1200 กรัม,1129.0,,,Bangkok
4791111215,Well Being Gifts & Value Sets,โคซานอล โคซานอล มัลติ แพลนท์ โอเมก้า 3 ออยล์ น้ำมันงาขี้ม่อน น้ำมันเมล็ดแฟลกซ์ และน้ำมันงา ผสมวิตามินอี,165.0,22.0,1.0,Bangkok
4791086558,Well Being Gifts & Value Sets,เลซิติน  Lecithin ผสมแคโรทีนอยด์ และวิตามินอี Lecithin,165.0,25.0,3.0,Bangkok
4790914456,Well Being Gifts & Value Sets,สูตรเดิม Ensure เอนชัวร์ วนิลา ธัญพืช ช๊อคโกแลต 850 กรัม Ensure Vanilla Wheat Chocolate 850g อาหารเสริมสูตรครบถ้วน,779.0,,1.0,Bangkok
4790199988,Well Being Gifts & Value Sets,น้ำมันมะพร้าว MCT Bruce MCT OIL น้ำมันมะพร้าว ออร์แกนิค ธรรมชาติ100% ขนาด 250 ml,590.0,,,Bangkok
4789856696,Well Being Gifts & Value Sets,4 Mix Oil  สุภาพโอสถ  1 กระปุก 250 เม็ด  อาหารเสริมน้ำมันสกัดเย็น4สหาย   4 mix oil สุภาพโอสถ   โฟร์มิกซ์ออยล์     4mixoil  JSP,599.0,,,Bangkok
4788966312,Well Being Gifts & Value Sets,EGG ALBUMIN 60 TAB อัลบูมิน โปรตีนไข่ขาวสกัด ชนิดเม็ด สกัดจากไข่ขาวซึ่งมีโปรตีนสูง👍🌟,290.0,,,Bangkok
4787560154,Well Being Gifts & Value Sets,Colosure โคลอชัวร์ ผลิตภัณฑ์เสริมอาหารครบ 5 หมู่ มีโคลอสตรุ้ม ไขมันต่ำ ไม่เติมน้ำตาลทราย กลิ่นวานิลลา,1090.0,,,Samut Prakan
4785201313,Well Being Gifts & Value Sets,ของแท้💯น้ำมันมะพร้าวสกัดเย็น แบรนด์เนเจอร์(60 แคปซูล )มะพร้าวของแท้,115.0,,,Nonthaburi
4784741362,Well Being Gifts & Value Sets,(ส่งฟรี) คอลลาเจนเพียว พลัส ยูมิโกะ 200 กรัม ไม่มีรสชาติ ไม่มีกลิ่นคาว ไม่แต่งสี,590.0,,,Chiang Mai
4782767623,Well Being Gifts & Value Sets,[ส่งไว] Tongkat Ali 400 mg  ตงกัตอาลี รากปลาไหลเผือก 60 Capsules SOLARAY EXP10/26,499.0,,,Nonthaburi
4780415731,Well Being Gifts & Value Sets,🔥ส่งฟรี🔥 Lecithin 30 แคปซูล ผสมแคโรทีนอยด์ Vitamin E บำรุงตับ ตับแข็ง ไขมันตับ ดื่มแอลกอฮอล์ บำรุงสมอง อ่อนเพลีย 🔥สินค้าแท้ 100%🔥,279.0,,1.0,Lamphun
4780408520,Well Being Gifts & Value Sets,🔥ส่งฟรี🔥 โคซานอล มัลติ แพลนท์ โอเมก้า 3 ออยล์ น้ำมันงาขี้ม่อน น้ำมันเมล็ดแฟลกซ์ วิตามินอี 🔥สินค้าแท้100%🔥,165.0,,2.0,Lamphun
4779786443,Well Being Gifts & Value Sets,Clover Plus BSL 30 capsules แพ็คคู่ โคลเวอร์ พลัส บีเอสเอล 30 แคปซูล (2 ขวด),355.0,,,Bangkok
4778163445,Well Being Gifts & Value Sets,ของแท้100% [500cap] สุภาพโอสถ BLACK SESAME OIL + RICE BRAN OIL BSRB  น้ำมันงาดำรำข้าวสกัดเย็น ดูแลกระดูกและข้อเข่า by TV Direct,1990.0,5.0,1.0,Samut Prakan
4777967113,Well Being Gifts & Value Sets,Ensure เอนชัวร์ ธัญพืช 850g(หมดอายุ 16/01/2025) 1 กระป๋อง Ensure Wheat 850g x1 อาหารเสริมสูตรครบถ้วน,769.0,10.0,2.0,Ratchaburi
4777954933,Well Being Gifts & Value Sets,ของแท้100% [240Cap] สุภาพโอสถ BLACK SESAME OIL + RICE BRAN OIL BSRB น้ำมันงาดำรำข้าวสกัดเย็น ดูแลกระดูก และข้อเข่า by TV Direct,1250.0,9.0,1.0,Samut Prakan
4777467743,Well Being Gifts & Value Sets,1 แถม 1 (2กระปุก) วีทกราส คลอโรฟิลล์ 50 กรัม แบรนด์ยูมิโกะ Wheatgrass Chlorophyll Powder,350.0,,,Chiang Mai
4774903215,Well Being Gifts & Value Sets,น้ำแตงโม น้ำชงแตงโม น้ำแตงโมรียา,290.0,,,Bangkok
4774791571,Well Being Gifts & Value Sets,กระชาย กระชายพลัส กระชายขาวสกัด  ชนิดแคปซูล  กระชาย พลัส KRACHAI-PLUS,216.0,,,Bangkok
4774777574,Well Being Gifts & Value Sets,แก้ผมร่วง  ไบโอติน biotin อาหารเสริมผม ผมร่วง บำรุงผม,374.4,5.0,1.0,Bangkok
4771516358,Well Being Gifts & Value Sets,"Doctor's Best, Lutein with Lutemax 2020, 20 mg, 60 Softgels (No.413)",420.0,,,Nonthaburi
4771515977,Well Being Gifts & Value Sets,สารสกัดมะระขี้นกผสมผงมะระขี้นก IMMOR (ชุด 2 กระปุก),600.0,,1.0,Pathum Thani
4771478870,Well Being Gifts & Value Sets,"Doctor's Best, Nattokinase 2,000 FU contains 90 vegetable capsules.(No.199)",949.0,,,Nonthaburi
4771162481,Well Being Gifts & Value Sets,โกโก้ลดน้ำหนัก โกโก้ เอสโกโก้ S-Cocoa  โกโก้ ไม่มีน้ำตาลให้พลังงานต่ำ เครื่องดื่มลดน้ำหนัก,115.2,,1.0,Bangkok
4771119992,Well Being Gifts & Value Sets,อารหารเสริมสำหรับผู้ชาย อาหารเสริมคุณผู้ชาย  MEN SET ถั่งเช่า / อาร์กเอนออร์น /ซิงก์,382.0,7.0,1.0,Bangkok
4771040911,Well Being Gifts & Value Sets,ใหม่ vitanature+ D-NAX9 ดี – แนกซ์9 [5 กระปุก] สารสกัดจากเปลือกองุ่น ดูแลร่างกาย สำหรับชะลอวัย,1890.0,,,Pathum Thani
4770732029,Well Being Gifts & Value Sets,น้ำมันปลา  Fish Oil  ( 4 ขนาด ) น้ำมันตับปลา,144.0,,1.0,Bangkok
4770721152,Well Being Gifts & Value Sets,เถาวัลย์เปรียงแคปซูล เถาวัลย์เปรียง  เถาวัลย์เปรียงสกัด  เถาวัลเปรียง,235.0,,2.0,Bangkok
4770715213,Well Being Gifts & Value Sets,มะรุม มะรุมผสมวิตตามินซี   มะรุมสกัด มะรุมแคปซูล มะรุมซรชี  Marum-C,206.0,,,Bangkok
4770590603,Well Being Gifts & Value Sets,งาดำสกัด งาดำ งาดำแคปซูล   เซซามิน SESAMI-S   | สารสกัดงาดำ เซซามิ เซซามิน,518.4,17.0,1.0,Bangkok
4770548450,Well Being Gifts & Value Sets,กวาวเครือแดง กวาวเครือแดงอัดเม็ด กวาวเครือแดงแคปซูล,220.0,13.0,3.0,Bangkok
4770547389,Well Being Gifts & Value Sets,วีแกน มัลติ แพลนท์ โปรตีน   โปรตีน มนถั่วเหลือง ถั่วเหลือง โปรตีนสกัดจากถั่วเหลือง และโปรตีนสกัดจากถั่วลันเตาสีทอง,252.0,14.0,2.0,Bangkok
4770297094,Well Being Gifts & Value Sets,กวาวเครือขาว กวาวเครือ ขนาดบรรจุ 20 แคปซูล,105.0,14.0,1.0,Bangkok
4770283073,Well Being Gifts & Value Sets,คลอโรฟิลล์ คลอโรฟิล คลอโรฟีน คลอโรฟิว CHLOROPHYLL,345.6,59.0,20.0,Bangkok
4770265085,Well Being Gifts & Value Sets,กระชายดำ กระชายดำ กระชาย  กระชายดำ แมกซ์ พลัส+ Krachai Dum Maxx Plus+,316.0,52.0,12.0,Bangkok
4787560154,Well Being Gifts & Value Sets,Colosure โคลอชัวร์ ผลิตภัณฑ์เสริมอาหารครบ 5 หมู่ มีโคลอสตรุ้ม ไขมันต่ำ ไม่เติมน้ำตาลทราย กลิ่นวานิลลา,1500.0,,,Samut Prakan
4774903215,Well Being Gifts & Value Sets,น้ำแตงโม น้ำชงแตงโม น้ำแตงโมรียา,580.0,,,Bangkok
4770547389,Well Being Gifts & Value Sets,วีแกน มัลติ แพลนท์ โปรตีน   โปรตีน มนถั่วเหลือง ถั่วเหลือง โปรตีนสกัดจากถั่วเหลือง และโปรตีนสกัดจากถั่วลันเตาสีทอง,792.0,14.0,2.0,Bangkok
4770245411,Well Being Gifts & Value Sets,โคลีนบี  วิตามินบีรวม วิตามินบี  Choline - B GIFFARINE สมอง ความจำ ปลายประสาท,201.6,12.0,4.0,Bangkok
4770227255,Well Being Gifts & Value Sets,โฟลิคโฟลิก โฟลิก โฟลิค เสริมธาตุเหล็ก NUTRI FOLIC,132.0,45.0,9.0,Bangkok
4770171653,Well Being Gifts & Value Sets,เลซิติน  Lecithin ผสมแคโรทีนอยด์ และวิตามินอี Lecithin,158.4,30.0,7.0,Bangkok
4770162846,Well Being Gifts & Value Sets,น้ำมันปลา ชุดอาหารเสริม  แคลเซียม น้ำมันตับปลา Fish oil & Calcium,144.0,,,Bangkok
4238555149,Well Being Gifts & Value Sets,"น้ำมันปลา บำรุง วิตามินสมอง สายตา ผิวหนัง กระดูก ลดการสะสมไขมันในตับ บรรเทา ซึมเศร้า สมาธิสั้น ลดอาการ ปวดข้อเข่า ข้อเสื่อม ข้ออักเสบ 1,000 มก",315.0,,1.0,Ubon Ratchathani
4269421515,Well Being Gifts & Value Sets,[ส่งฟรี] โฟลิค กิฟฟารีน โฟลิกเสริมธาตุเหล็ก สร้างเม็ดเลือด บำรุงเลือด เลือดจาง NUTRI FOLIC GIFFARINE,135.0,922.0,218.0,Chanthaburi
4333061835,Well Being Gifts & Value Sets,ผลิตภัณฑ์อาหารเสริม วีก้า เฮิร์บ (VGA HERB) ไม่ระบุชื่อสินค้า สินค้าขายดี,239.0,545.0,116.0,Bangkok
2394135648,Well Being Gifts & Value Sets,ส่งฟรี #เลซิตินกิฟฟารีน #ดูแลตับ #ดื่มแอลกอฮอล์ #เลซิตินของแท้ #วิตามินอี #Lecithin #ไขมันในเลือด #ไขมันพอกตับ #วิตามินตับ #เลซิติน 30 แคปซูล,392.0,29.0,7.0,Samut Prakan
4557944070,Well Being Gifts & Value Sets,⚡️ล็อตใหม่ EXP: 04/25⚡️Benja Oil Securmin เบญจออยล์ ซีเคอร์มิน 1กระปุก,189.0,1035.0,155.0,Bangkok
4194978771,Well Being Gifts & Value Sets,Oriceza น้ำมันรำข้าว 1ขวด 60 แคปซูล,678.0,510.0,16.0,Phuket
4121083954,Well Being Gifts & Value Sets,ZENA ซีน่า 1 แถม 1 390 บาทน้ำมันกระเทียมผสมน้ำมันมะพร้าวสะกัดเย็นเข้มข้น,390.0,584.0,124.0,Khon Kaen
3882710503,Well Being Gifts & Value Sets,น้ำมันอะโวคาโด avocado mix,62.0,299.0,35.0,Bangkok
3264731221,Well Being Gifts & Value Sets,พอลลีน่า เคดี ( แพคเก็ตใหม่ล่าสุด ) ของแท้แน่นอน + ลูกค้าได้ของแถมทุกคำสั่งซื้อ + แชทถามได้ครับ,430.0,253.0,24.0,Bangkok
4201516182,Well Being Gifts & Value Sets,น้ำมัน 6 สหาย  น้ำมันรำข้าว น้ำมันกระเทียม น้ำมันงาขี้ม้อน น้ำมันดาวอินคา​ น้ำมันมะพร้าว น้ำมันงาดำ 1 กระปุก บรรจุ 60 เม็ด บำรุงกระดูก,117.0,137.0,12.0,Nakhon Ratchasima
4234650723,Well Being Gifts & Value Sets,เคพีเท็นเอ็ม kp10m,535.0,86.0,9.0,Pathum Thani
4008167260,Well Being Gifts & Value Sets,เคอร์วิค KER-VIX สมุนไพรชนิดแคปซูล 1กล่องบรรจุ 50 แคปซูล,659.0,10.0,1.0,Phetchabun
4593384970,Well Being Gifts & Value Sets,ไลโคปีน กิฟารีน ต่อมลูกหมาก ฉี่บ่อย ปัสสวะบ่อย มะเขือเทศสกัด Lycopene มะเชือเทศผง ผสมวิตามินซี ไลโคปีน แคโรทีนอยด์,329.0,10.0,4.0,Pathum Thani
4273613615,Well Being Gifts & Value Sets,คลอโรฟิลล์,720.0,97.0,10.0,Chiang Rai
959974252,Well Being Gifts & Value Sets,"[ สลิปเปอรี่เอล์ม ] Now Foods, Slippery Elm (400 mg) x 100 แคปซูล (Capsules)",590.0,156.0,17.0,Bangkok
4703833056,Well Being Gifts & Value Sets,มะรุม กิฟฟารีน มะรุมแคปซูล มะรุมสกัด มะรุม-ซี กิฟฟารีน Marum-C Giffarine ผลิตภัณฑ์เสริมอาหารใบมะรุมผสมวิตามินซี,205.8,12.0,3.0,Bangkok
4660016482,Well Being Gifts & Value Sets,น้ำมันสกัดเย็น6ชนิด 💥ของแท้💯% ผลิตใหม่ น้ำมันสกัดเย็น 6สหาย Nature 6mix oil น้ำมัน6สหาย 60แคปซูล พร้อมส่ง,110.0,1020.0,109.0,Buri Ram
1227388465,Well Being Gifts & Value Sets,กำลังชางสาร สมุนไพร เสริมอาหาร (มี QR ของแท้) 1 กระปุก/ 60 แคปซูล,259.0,1811.0,332.0,Bangkok
2293567288,Well Being Gifts & Value Sets,"ส่งฟรี #เลซิตินกิฟฟารีน  #Lecithin #ตับ #ไขมัน #เลซิติน60แคปซูล #เลซิติน 1,200 mg ผสมมิกซ์ แคโรทีนอยด์ #เลซิตินgiffarine #อาหารเสริมตับ #วิตามินอี Giffarine",680.0,387.0,60.0,Samut Prakan
4374999960,Well Being Gifts & Value Sets,เลซิติน กิฟฟารีน 60 แคปซูล ผสมแคโรทีนอยด์ และวิตามินอี Lecithin Giffarine,505.0,1549.0,383.0,Chiang Mai
3096344813,Well Being Gifts & Value Sets,Belcid Forte เบลซิด ฟอร์ท รสมิ้นต์ สูตรไม่มีน้ำตาล ขนาด 240ml. [6 ขวด],214.0,43.0,4.0,Bangkok
4386184839,Well Being Gifts & Value Sets,[ ส่งฟรี ] [ มีโปร ]  โคซานอล มัลติ แพลนท์ โอเมก้า 3 ออยล์ น้ำมันงาขี้ม่อน น้ำมันเมล็ดแฟลกซ์ วิตามินอี [ ของแท้ ],365.0,933.0,212.0,Phayao
3452027373,Well Being Gifts & Value Sets,โอวาโด น้ำมันอะโวคาโดสกัดเย็น สกัดจากอะโวคาโดสายพันธุ์แฮส ปลูกแบบออร์แกนิก OVADO 100% Premium Cold-Pressed Avocado Oil Softgel 30 Vegan Softgel,600.0,51.0,12.0,Bangkok
4676915962,Well Being Gifts & Value Sets,ยูเนี่ยนซัลฟา UNION SULFA 1กระปุก,90.0,121.0,15.0,Songkhla
4510026667,Well Being Gifts & Value Sets,Life Extension Vinpocetine 10 mg / 100 Vegetarian Tablets,460.0,8.0,2.0,Nakhon Pathom
4591236724,Well Being Gifts & Value Sets,✅ ส่งฟรี/พร้อมส่ง ✅ 1แถม2 โสม ตังกุย แอนนาลิส คอลลาเจน ไตรเปปไทด์ แอสแทรค พลัส Dong Quai Extract Plus สารสกัดเข้มข้น,390.0,100.0,36.0,Chonburi
3868100363,Well Being Gifts & Value Sets,ALUZO เอลูซโซ น้ำมัน 5 สหาย อาหารเสริมดูแลสุขภาพ (1 กล่อง),499.0,50.0,3.0,Pathum Thani
3716199085,Well Being Gifts & Value Sets,(ส่งฟรี) ดีคอนแทค เอ็กซ์ 1กล่อง ของแท้ลบคิวอาร์โค๊ช กดติดตามร้านค้ามีส่วนลดและรับของแถมฟรี สอบถามเพิ่มเติมได้ที่แชทได้ตลอดค่ะ,921.0,2551.0,492.0,Buri Ram
3868897673,Well Being Gifts & Value Sets,มะรุม มะรุมกิฟฟารีน มะรุมแคปซูล มะรุมสกัด มะรุมซี กิฟฟารีน Marum-C Giffarine ผลิตภัณฑ์เสริมอาหารใบมะรุมผสมวิตามินซี,200.0,498.0,71.0,Chiang Mai
4591842864,Well Being Gifts & Value Sets,Amsel Calcium L-Threonate+Collagen Type II,360.0,66.0,20.0,Samut Prakan
4083215360,Well Being Gifts & Value Sets,Life Space Broad Spectrum Probiotic  60 Capsules 30 Billion CFU โพรไบโอติก 15 สายพันธุ์ 32 พันล้านตัว,899.0,,,Bangkok
2835994887,Well Being Gifts & Value Sets,4 Mix Oil (เจเอสพี) ขนาด 250 แคปซูล จำนวน 1 ขวด (มีของแถม),535.0,769.0,166.0,Bangkok
4704848289,Well Being Gifts & Value Sets,Red Clover Plus ผลิตภัณฑ์เสริมอาหาร ฉลากไทยแท้ 100%พร้อมส่ง,580.0,30.0,4.0,Bangkok
4580149052,Well Being Gifts & Value Sets,1 แถม 1 (2 กระปุก) วีทกราส คลอโรฟิลล์ 50 กรัม แบรนด์ยูมิโกะ,350.0,,,Chiang Mai
4490000566,Well Being Gifts & Value Sets,✅ส่งฟรี✅ Gino Vita Plant Protein โปรตีนจากพืช เสริมกล้ามเนื้อ สำหรับผู้สูงอายุ ทดแทนมื้ออาหาร แพ้นมทานได้ แคลเซียมสูง,590.0,35.0,8.0,Chonburi
3374404603,Well Being Gifts & Value Sets,เอ็กซ์ 111 ตราหมอเส็ง (ปรับสมดุลภายในสตรี) 1แพคมี 10 ขวด/ สมุนไพร หมอเส็ง ว่านชักมดลูก ประจำเดือนมาไม่ปกติ ว่านชักมดลูกตราหมอเส็ง ว่าน111 X111,320.0,375.0,82.0,Yasothon
4599015612,Well Being Gifts & Value Sets,ส่งด่วน/ของแท้/ 3 Miracles ทรี มิราเคิลส์ อาหารเสริมจากถั่งเช่า เห็ดหลินจือ โสม / 1 กล่อง 30 แคปซูล,165.0,15.0,3.0,Bangkok
4706894483,Well Being Gifts & Value Sets,🍀 กำกิกเผี่ยง 甘桔喉糖片 Gumgig Pean แพค 6 กล่อง { 1 กล่อง บรรจุ 20 เม็ด } อมชุ่มคอ,270.0,92.0,20.0,Samut Prakan
4673638876,Well Being Gifts & Value Sets,[ ของแท้จากบริษัท ]ซื้อ 1 แถม 2 ส่งฟรี‼️ กาแฟถั่งเช่าทอง แบรนด์แจ่มใส,233.0,756.0,159.0,Bangkok
4728962485,Well Being Gifts & Value Sets,"คอลลาเจน ยูมิโกะ 200,000 มก. ไม่มีรสชาติ ไม่มีกลิ่นคาว ชงร้อน/เย็น",590.0,,1.0,Chiang Mai
2248087304,Well Being Gifts & Value Sets,[2 ขวด] Banner Protein แบนเนอร์ โปรตีน [60 แคปซูล][ขวดใหญ่-สีแดง],606.0,877.0,284.0,Pathum Thani
4799433760,Well Being Gifts & Value Sets,เกร็กคู 2และ3 กล่อง กล่องละ 6 แคปซูล รับประกันแท้,730.0,,1.0,Songkhla
4789870709,Well Being Gifts & Value Sets,แพ็ค x2 กระปุก ( ปุกละ 250 เม็ด)  4 Mix Oil  สุภาพโอสถ  อาหารเสริมน้ำมันสกัดเย็นสี่สหาย โฟร์มิกซ์ออยล์ น้ำมัน4สหาย แท้  4mixoil  สุภาพโอสถ   4mix 4oil,1150.0,,,Bangkok
4680101244,Well Being Gifts & Value Sets,Vital Star น้ำมันรำข้าวและจมูกข้าว ไวทอลส,510.0,173.0,23.0,Bangkok
4770162846,Well Being Gifts & Value Sets,น้ำมันปลา ชุดอาหารเสริม  แคลเซียม น้ำมันตับปลา Fish oil & Calcium,322.6,,,Bangkok
4780408520,Well Being Gifts & Value Sets,🔥ส่งฟรี🔥 โคซานอล มัลติ แพลนท์ โอเมก้า 3 ออยล์ น้ำมันงาขี้ม่อน น้ำมันเมล็ดแฟลกซ์ วิตามินอี 🔥สินค้าแท้100%🔥,420.0,,2.0,Lamphun
4798030390,Skin Nourishment,Thegoli  แอสตาแซนธิน จากญี่ปุ่น 6 มก ผิวขาวต่อต้านริ้วรอย Astaxanthin 6 mg AstaREAL from Japan Whitening anti-anging repair skin,299.0,100.0,2.0,Samut Sakhon
4797851637,Skin Nourishment,Thegoli กลูตาไธโอน คอลลาเจน กัมมี่ ไวท์เทนนิ่ง แอนตี้-เอจจิ้ง สกิน โกลว์ คอลลาเจน 1000มก Glutathione Collagen gummy whitening anti-aging skin glow collagen 1000 mg,359.0,23.0,2.0,Samut Sakhon
4791485799,Skin Nourishment,"✅พร้อมส่ง ถูกที่สุด ของแท้จากญี่ปุ่น ERATH Otsuka C Jelly 77,500 mg. 31 ซอง เยลลี่คอลลาเจน บำรุงผิวเนียนนุ่ม ผิวชุ่มชื้น",479.0,,,Bangkok
4790469421,Skin Nourishment,ไซโกโนะ คอลลาเจน Saikono collagen ดูแลสุขภาพผิว,158.0,8.0,,Surat Thani
4787200646,Skin Nourishment,มาลิเนส แอลกลูต้าคอลลาเจน Malinest L-Gluta 1 ซอง 15 แคปซูล,65.0,,,Bangkok
4785912087,Skin Nourishment,AGLAM ASTRA Q10 อะแกลม แอสตร้าคิวเท็น วิตามินสำหรับคนเป็นฝ้า กระ,290.0,7.0,1.0,Pathum Thani
4785624709,Skin Nourishment,Swisse Beauty Collagen + Hyaluronic Acid Booster 80 Tablets,750.0,,,Phatthalung
4784464335,Skin Nourishment,AGLAM COLLCERA อะแกลม คอลเซร่า วิตามินสำหรับคนผิวคล้ำเสีย,290.0,,,Pathum Thani
4784110385,Skin Nourishment,มีนา คอลลาเจน (1แถม1)❤️แน็กชาลี MENA COLLAGEN ผิวขาว ใส ลดสิว รอยดำแดง ริ้วรอย,350.0,34.0,2.0,Samut Prakan
4781355596,Skin Nourishment,[ส่งฟรี] MENA Collagen มีนา คอลลาเจน 1 ซอง มี 30 แคปซูล โปร 1 แถม 1,200.0,36.0,1.0,Samut Prakan
4779931617,Skin Nourishment,แพ็คคู่ 2 กระปุก Dary Vit Astaxanthin ดารี่ วิต อาหารเสริม สารสกัดจากสาหร่ายฮีมาโตค็อกคัส พลูวิเอลิส ขนาด 30 แคปซูล,169.0,,2.0,Bangkok
4779498982,Skin Nourishment,[ 40 ซอง แถม 10 ซอง ] บริ๊งค์ เชค เชค กลูต้า คอลลาเจน เครื่องดื่มผงรสพีช,680.0,,1.0,Bangkok
4778904872,Skin Nourishment,3 ฟรี 1  Bestural x DHC Collagen Gummy คอลลาเจนแบบเคี้ยว (120g 40 Gummies x 3 Free 1),894.0,,,Nonthaburi
4778285004,Skin Nourishment,Mix 3 แถมแก้ว : BB Plus และ CF Plus (คละได้) Doctor Buddy รวม 3 กล่อง,1650.0,,,Bangkok
4778080973,Skin Nourishment,Mix 2 : BB Plus และ CF Plus (คละได้) Doctor Buddy รวม 2 กล่อง,1100.0,,,Bangkok
4776153899,Skin Nourishment,CF Plus ผงชงดื่มคอลลาเจนไฟเบอร์ รสมัทฉะเลม่อน Doctor Buddy 1 กล่อง,590.0,,2.0,Bangkok
4775410415,Skin Nourishment,1 กล่อง(บรรจุ 20 ซอง) Beauti Powder Collagen Stix - บิวติ พาวเดอร์ คอลลาเจน สติกซ์ กลิ่นสตรอเบอร์รี่,199.0,,,Bangkok
4773557535,Skin Nourishment,แท้💯% Malinest L-Gluta  มาลิเนส คอลลาเจน แอลกลูต้า กลูต้ามะลิเนสท์,59.0,7.0,,Pathum Thani
4773528651,Skin Nourishment,แท้💯% Malinest L-Gluta  มาลิเนส คอลลาเจน แอลกลูต้า กลูต้ามะลิเนสท์,59.0,,,Pathum Thani
4772570559,Skin Nourishment,แท้💯Dr.PONG Astaxanthin 6mg Astareal สารสกัดแอสต้าแซนธิน ชะลอวัย,379.0,,,Roi Et
4771947269,Skin Nourishment,Pearlis (30 capsules) อาหารเสริม เพื่อผิวกระจ่างใส ปลอดภัยขายในรพ.ชั้นนำ (1 ซอง 30 เม็ด) มีอย. บำรุง ความงาม ผม ผิว เล็บ ไวท์เทนนิ่ง ริ้วรอย,849.0,6.0,,Bangkok
4771452977,Skin Nourishment,Bestural X DHC โปรโมชั่นถึงสิ้นเดือน 4 แถม 1 กัมมี่คอลลาเจน วิตามินซี วิตามินบี12 ไบโอติน รสสตรอเบอร์รี่ 40 ชิ้น,999.0,25.0,4.0,Bangkok
4770242723,Skin Nourishment,Malinest L-Gluta กลูต้าแม่น้ำหนึ่ง [15 เม็ด],75.0,,1.0,Bangkok
4769740491,Skin Nourishment,Gluta&Collagen โบอา กลูต้า+คอลลาเจน 3 ชนิดจากญี่ปุ่น กลิ่นสับปะรด อร่อย ทานง่าย,149.0,,,Bangkok
4769638680,Skin Nourishment,Akane Lyco Brink อากาเนะ ไลโคบริ้ง มะเขือเทศขงดื่ม ผิวขาวกระจ่างใส ลดสิวรอยสิว ผงมะเขือเทศรสสตอเบอรี่,349.0,7.0,3.0,Bangkok
4769139179,Skin Nourishment,มะเขือเทศ คอลลาเจน โทเมทอล Tomatal น้ำชงมะเขือเทศ3สี ผงชงขาว 🍅,85.0,22.0,3.0,Ubon Ratchathani
4767333830,Skin Nourishment,Malinest L-Gluta Collagen And Birdnest มาลิเนส แอลกลูต้า คอลลาเจน รังนก [15 เม็ด] [1 ซอง] มาลิเนสกลูต้า ผิวกระจ่างใส ลดริ้วรอย คอลลาเจนรังนก Collagen Malinest,75.0,14.0,2.0,Nonthaburi
4767030254,Skin Nourishment,Korea Eundan Vitamin  C and Collagen 1100mg. อึนดันวิตามินซีผสมคลอลลาเจน วิตามินเกาหลี,169.0,6.0,3.0,Bangkok
4766493549,Skin Nourishment,Malinest L-Gluta มาลิเนส แอลกลูต้า (1ซอง บรรจุ 15 แคปซูล),65.0,88.0,16.0,Bangkok
4764466927,Skin Nourishment,อมีลีนคอลลาเจน ไตรเปปไทด์ Amelene Collagen Tri-peptides ผลิตจากปลาแซลมอนจากญี่ปุ่น สูตรเข้มข้น 1 กล่อง 10 ซอง,134.0,,,Pathum Thani
4763380210,Skin Nourishment,Malinest L-Gluta คอลลาเจนมะลิเนส มาลิเนส กลูต้า ( 1 อง 15 แคปซูล ),75.0,22.0,2.0,Bangkok
4761395050,Skin Nourishment,Mama Beauty Tokyo Whitening Capsules  วิตามิน C อาหารเสริมรกแกะ คอลลาเจนผิวขาวx2 วตามินผิวขาว อาหารเสริมบำรุงผิว,387.03,252.0,16.0,Chachoengsao
4761347112,Skin Nourishment,(1แถม1) กลูต้ามีโซ MEESO GLUTA,200.0,,,Bangkok
4761256751,Skin Nourishment,มาลิเนสท์ แอลกลูต้า Malinest L-Gluta มี 15 เม็ด,69.0,,,Bangkok
4759304998,Skin Nourishment,[แพ็ค2กระปุก] VISTRA IMU-PRO C Acerola Cherry 2000 Plus-วิสทร้า ไอมู-โปร ซี อะเซโรลา เชอร์รี่ 2000 พลัส (30 เม็ด),649.0,,0.0,Samut Prakan
4756598409,Skin Nourishment,"Deproud Carrot Collagen Plus ดีพราวด์ คอลลาเจน แครอท 50,000mg.",78.0,,,Bangkok
4755902846,Skin Nourishment,ของแท้ คอลลาเจนเอศุภชัย Collagenเอศุภชัย A Secret A Collagen Multi Collagen คอลลาเจน ส่งตรงจากบริษัท (1 กล่อง 10 ซอง),890.0,404.0,5.0,Bangkok
4755728177,Skin Nourishment,(แท้/พร้อมส่ง) Lactofit Beauty Premium,125.0,,,Bangkok
4754930448,Skin Nourishment,Malinest L-Gluta คลอลาเจน มะลิเนส malii สารสกัดนำเข้าถึง 13 ชนิด มะลิเนส ลด สิว ฝ้า กระ ผิว หน้าใส,99.0,,,Chiang Mai
4754861983,Skin Nourishment,Malinest L-Gluta 1 ซอง 15 เม็ด malii คลอลาเจน มะลิเนส กลูต้าธรรมชาติ จากส้มสีเลือด ฟื้นฟู เซลล์ผิว ลด สิว ออร่า,99.0,,,Chiang Mai
4781355596,Skin Nourishment,[ส่งฟรี] MENA Collagen มีนา คอลลาเจน 1 ซอง มี 30 แคปซูล โปร 1 แถม 1,350.0,36.0,1.0,Samut Prakan
1173374471,Skin Nourishment,Kumiko Collagen คูมิโกะ คอลลาเจน [15 ซอง] คอลลาเจนเข้มข้น บำรุงผิว,184.0,1877.0,182.0,Pathum Thani
4415756496,Skin Nourishment,Rida Coconut Oil ริด้า โคโค่พลัส &lt;&lt; ซื้อ 1 เเถม 1 กระปุก &gt;&gt; น้ำมันมะพร้าวสกัดเย็น ผสมคอลลาเจนจากญี่ปุ่น 60 เเคปซูล,295.0,158.0,28.0,Chiang Mai
2880296263,Skin Nourishment,Yoo Collagen ยู คอลลาเจน [110 กรัม] [1 กระปุก] คอลลาเจน บำรุงผิว กระดูก และข้อต่อ BC คอลลาเจน,267.0,,2238.0,Nonthaburi
3752764402,Skin Nourishment,JOJU Collagen แท้ 100% (1 กระปุก/ 30 เม็ด) โจจู คอลลาเจน ช่วยแก้ปัญหา สิว ผิวหมองคล้ำ จุดด่างดำ,172.0,812.0,83.0,Bangkok
2605189005,Skin Nourishment,1ซอง(100กรัม) iya collagen ไตรเปปไทด์,92.0,1114.0,201.0,Bangkok
4676411276,Skin Nourishment,"Bio C Aura วิตามินซี 1,000 mg",149.0,24.0,3.0,Bangkok
3452091434,Skin Nourishment,ราคาต่อกล่อง W COLLAGEN ดับเบิ้ลยู คอลลาเจน BY WINK WHITE 1 กล่อง 7 ซอง,220.0,9.0,1.0,Bangkok
1047204766,Skin Nourishment,วิตามินซีเกาหลี Korea Eundan Vitamin C [5 ซอง] [60 แคปซูล/ซอง] [ไม่มีกล่อง] วิตามินซีของเกาหลี BellaColla Thailand,599.0,894.0,157.0,Nonthaburi
2157876478,Skin Nourishment,Joju Collagen [1 กระปุก] [30 เม็ด/กระปุก] โจจูคอลลาเจน Jojuคอลลาเจน สิว ผิวหมองคล้ำ จุดด่างดำ BC คอลลาเจน,179.0,,3803.0,Nonthaburi
2128016835,Skin Nourishment,"วิตามินบี 5 Jarrow Formulas, Pantothenic Acid B5, 500 mg, 100 Veggie Caps",685.0,281.0,38.0,Chiang Mai
4747646479,Skin Nourishment,Malinest L-Gluta มาลิเนส คอลลาเจน แอลกลูต้า 1 ซอง 15 เม็ด,59.0,1168.0,95.0,Bangkok
2604970870,Skin Nourishment,2 ซอง Mie collagen tripeptide (ขนาด100กรัม),175.0,4489.0,1218.0,Bangkok
3681027628,Skin Nourishment,กลูต้า วิตามิน Oาโมนิ,125.0,596.0,106.0,Bangkok
110315946,Skin Nourishment,Amsel Amino Collagen  แอมเซล อะมิโน คอลลาเจน 40 capsules,149.0,375.0,64.0,Chonburi
552672216,Skin Nourishment,Onny Collagen By Plateroon ออนนี่ คอลลาเจน สารสกัดเกรดพรีเมี่ยม 60 แคปซูล,220.0,12.0,1.0,Bangkok
4536385451,Skin Nourishment,Vistra Marine collagen tripeptide 1300 mg 30 tabs วิสตร้า มารีน คอลลาเจน 1300 มก 30 เม็ด,340.0,,,Bangkok
1978338569,Skin Nourishment,DHC X BESTURAL COLLAGEN คอลลาเจนเยลลี่ คอลลาเจน กัมมี่ การันตีคุณภาพโดยแบรนด์ญี่ปุ่นDHC skincare,215.0,948.0,112.0,Bangkok
4483740609,Skin Nourishment,"{ของแท้จากบริษัท โปร 1 แถม 1} นันโนะคอลลาเจนเพียว 100,000 mg คอลลาเจนจากปลาน้ำจืด แพ้อาหารทะเลทานได้ ไม่ผสมแป้งและน้ำตาล",290.0,283.0,70.0,Suphan Buri
4617144531,Skin Nourishment,[แบบใหม่] ชิดะ SHIDA COLLAGEN โฉมใหม่ คอลลาเจนเบิ้ลปทุมราช คอลลาเจนในตำนาน ผิวขาวใส ออร่า,153.0,18.0,4.0,Bangkok
4447472140,Skin Nourishment,1 แถม 1 กระปุก เซตคู่จิ้น คอลลาเจน + กลูต้า ซี NAKATA Collagen Gluta C+ สูตรบำรุงผิวขาวเร่งด่วน คอลาเจน,345.0,489.0,140.0,Udon Thani
4291437240,Skin Nourishment,Yuhan Vitamin C ยูฮาน วิตามินซี [100 เม็ด/กล่อง] [2 กล่อง] วิตามินซีพี่จุน ยูฮานพี่จุน vitamin c,289.0,414.0,89.0,Nonthaburi
350444875,Skin Nourishment,Lemona Collagen เลโมนา คอลลาเจน / Lemona Gyeol Fish Collagen 1200 Mg คอลลาเจนเกาหลี LEMONA Gyeol by BellaColla Thailand,369.0,,2092.0,Nonthaburi
4455088662,Skin Nourishment,พิเศษ 2 ซอง VENUS  Collagen  tripeptide pure 100% 100 G,165.0,227.0,81.0,Bangkok
4361232021,Skin Nourishment,[ของแท้💯 ส่งฟรี] Rida Coconut Oil ริด้า น้ำมันมะพร้าวสกัดเย็นผสมคอลลาเจนและวิตามิน,155.0,944.0,218.0,Chiang Mai
1724538172,Skin Nourishment,ออนนี่ คอลลาเจน Onny Collagen 60 แคปซูล,215.0,89.0,5.0,Nonthaburi
1845554961,Skin Nourishment,( Set 10 ซอง )เสน่ห์นาง บ้านแสงจันทร์ (ซองชมพู) ผลิตภัณฑือาหารเสริมสำหรับผู้หญิง 1 ซองบรรจุ 10 เม็ด,200.0,42.0,8.0,Bangkok
2369823175,Skin Nourishment,(ไซโกโนะ) SAIKONO collagen Aorraa+  ไซโกโนะ คอลลาเจน เอโอร่า พลัส1กล่อง(10ซอง),158.0,,1497.0,Bangkok
4151926712,Skin Nourishment,‼️ใหม่‼️ริด้า โคโค่พลัส น้ำมันมะพร้าวสกัดเย็น ผสม คอลลาเจน (1กระปุก/60เม็ด)RIDA COCONUT OIL,150.0,1730.0,315.0,Nonthaburi
1867428158,Skin Nourishment,Nubolic Royal Jelly 40 แคปซูล รอยัลเจลลี่เข้มข้น 1650 mg,159.0,,2692.0,Bangkok
1114812305,Skin Nourishment,[2 กล่อง] Kumiko Collagen คูมิโกะ คอลลาเจน - คอลลาเจนเข้มข้น,366.0,1499.0,314.0,Pathum Thani
4055997946,Skin Nourishment,"[ยกกล่อง 6 ซอง] Posh Lychee Snow Plus  ลิ้นจี่สโนว์ พลัส คอลลาเจน ลิ้นจี่หิมะ 10,000 มก.",159.0,1296.0,208.0,Uthai Thani
4447516923,Skin Nourishment,(ล็อตใหม่พร้อมส่ง) แท้ 100% ROSEGOLD SAKANA COLLAGEN x 10 โรสโกลด์ ซาคานะ คอลลาเจน,640.0,173.0,6.0,Samut Prakan
4246922347,Skin Nourishment,Yuhan Vitamin CD ยูฮาน วิตามิน CD [120 เม็ด] [1 กล่อง],239.0,386.0,93.0,Nonthaburi
4091881425,Skin Nourishment,Rida Coconut Oil ริด้า โคโค่พลัส น้ำมันมะพร้าวสกัดเย็น 60 เเคปซูล,150.0,232.0,32.0,Chiang Mai
4613964928,Skin Nourishment,Tomatal โทเมทอล น้ำชงมะเขือเทศ ชงผิวขาว,99.0,177.0,31.0,Pathum Thani
4553899119,Skin Nourishment,((เซ็ตคู่)) เม็ดเคี้ยวปุยนุ่น ขนมผิว มี๊ขนม แฟนครูเต้ย Puiinun Maemi & Manami ปุยนุ่นมาเอมิ +ปุยนุ่นมานามิ เคี้ยวง่ายอร่อย **1กะปุก30เม็ด**,340.0,86.0,6.0,Bangkok
2583068166,Skin Nourishment,🔥พร้อมส่ง! ส่งไว🔥 Aloe Vera ว่านหางจระเข้สกัดชนิดแคปซูล ลดริ้วรอย ผิวกระจ่างใส ต้านอนุมูลอิสระ (30 แคปซูล) พร้อม,159.0,48.0,12.0,Saraburi
4102474854,Skin Nourishment,ริด้า RIDA น้ำมันมะพร้าวสกัดเย็น ริด้า โคโค่พลัส ผสมคอลลาเจนญี่ปุ่น และวิตามิน 60 เม็ด(1 กระปุก),169.0,2218.0,379.0,Bangkok
2905676780,Skin Nourishment,Wagner Zinc High Strength 30mg (120เม็ด) ซิงค์ สูตรเข้มข้นสูง ของแท้ แบรนด์ดังออสเตรเลีย.,269.0,114.0,24.0,Chonburi
1114876478,Skin Nourishment,KUMIKO Collagen คูมิโกะ คอลลาเจน [15 ซอง],185.0,1344.0,144.0,Pathum Thani
4798926131,Skin Nourishment,พร้อมส่ง คอลลาเจนแม่น้ำหนึ่ง  Malinest L-Gluta  มาลิเนส คอลลาเจน แอลกลูต้า 1 ซอง บรรจุ 15 เม็ด (เม็ดเจลทานง่าย),90.0,,1.0,Bangkok
4798030390,Skin Nourishment,Thegoli  แอสตาแซนธิน จากญี่ปุ่น 6 มก ผิวขาวต่อต้านริ้วรอย Astaxanthin 6 mg AstaREAL from Japan Whitening anti-anging repair skin,299.0,331.0,2.0,Samut Sakhon
4797851637,Skin Nourishment,Thegoli กลูตาไธโอน คอลลาเจน กัมมี่ ไวท์เทนนิ่ง แอนตี้-เอจจิ้ง สกิน โกลว์ คอลลาเจน 1000มก Glutathione Collagen gummy whitening anti-aging skin glow collagen 1000 mg,359.0,49.0,2.0,Samut Sakhon
4793617572,Skin Nourishment,[ของแท้] I Am Gluta X12 ไอแอมกลูต้า เอ็กซ์ ทเวลฟ์ พรีเมี่ยม กลูต้าเอศุภชัย กลูต้าพี่เอ  อาหารเสริม,890.0,,,Chiang Mai
4788999365,Skin Nourishment,Bestural X DHC Collagen Gummy คอลลาเจนแบบเคี้ยว (40 กัมมี่),229.0,,,Bangkok
4782411106,Skin Nourishment,(ของแท้/พร้อมส่ง) DHC Vitamin C ขนาด 60 วัน / 120 เม็ด หมดอายุ : 02/2026,109.0,69.0,,Bangkok
4782270874,Skin Nourishment,(ของแท้/พร้อมส่ง) DHC Vitamin C ขนาด 60 วัน / 120 เม็ด หมดอายุ : 01/2026,109.0,5.0,,Bangkok
4781355596,Skin Nourishment,[ส่งฟรี] MENA Collagen มีนา คอลลาเจน 1 ซอง มี 30 แคปซูล โปร 1 แถม 1,200.0,38.0,1.0,Samut Prakan
4781095054,Skin Nourishment,แพ็คคู่ 2 กระปุก Dary VIt Biotin Plus ดารี่ วิต ไบโอติน อาหารเสริม บำรุงเส้นผมและเล็บ 30 แคปซูล,149.0,,1.0,Bangkok
4779931617,Skin Nourishment,แพ็คคู่ 2 กระปุก Dary Vit Astaxanthin ดารี่ วิต อาหารเสริม สารสกัดจากสาหร่ายฮีมาโตค็อกคัส พลูวิเอลิส ขนาด 30 แคปซูล,169.0,7.0,2.0,Bangkok
4778904872,Skin Nourishment,3 ฟรี 1  Bestural x DHC Collagen Gummy คอลลาเจนแบบเคี้ยว (120g 40 Gummies x 3 Free 1),894.0,6.0,,Nonthaburi
4776811860,Skin Nourishment,well u collagen Dipeptide & Tripeptide [2 กล่อง] ดูดซึมไว คอลลาเจนเพื่อ ผิว ผม เล็บ,659.0,,1.0,Pathum Thani
4775795319,Skin Nourishment,วิตามินซีพีุ่จน ตัวดังจากเกาหลียูฮาน 1000mg Yuhan Vitamin Cของแท้เกาหลี,159.0,,,Chiang Mai
4775195100,Skin Nourishment,New แท้💯ส่งฟรี คอลลี่ เวจจี้ คอลลาเจนผัก ยูมิโกะ เกรดพรีเมี่ยม นำเข้าจากญี่ปุ่น Yumiko Colly Veggie Collagen 200 g,390.0,,,Nonthaburi
4773557535,Skin Nourishment,แท้💯% Malinest L-Gluta  มาลิเนส คอลลาเจน แอลกลูต้า กลูต้ามะลิเนสท์,59.0,10.0,,Pathum Thani
4771452977,Skin Nourishment,Bestural X DHC โปรโมชั่นถึงสิ้นเดือน 4 แถม 1 กัมมี่คอลลาเจน วิตามินซี วิตามินบี12 ไบโอติน รสสตรอเบอร์รี่ 40 ชิ้น,999.0,31.0,4.0,Bangkok
4769638680,Skin Nourishment,Akane Lyco Brink อากาเนะ ไลโคบริ้ง มะเขือเทศขงดื่ม ผิวขาวกระจ่างใส ลดสิวรอยสิว ผงมะเขือเทศรสสตอเบอรี่,349.0,10.0,3.0,Bangkok
4769139179,Skin Nourishment,มะเขือเทศ คอลลาเจน โทเมทอล Tomatal น้ำชงมะเขือเทศ3สี ผงชงขาว 🍅,85.0,82.0,4.0,Ubon Ratchathani
4767333830,Skin Nourishment,Malinest L-Gluta Collagen And Birdnest มาลิเนส แอลกลูต้า คอลลาเจน รังนก [15 เม็ด] [1 ซอง] มาลิเนสกลูต้า ผิวกระจ่างใส ลดริ้วรอย คอลลาเจนรังนก Collagen Malinest,75.0,18.0,2.0,Nonthaburi
4766493549,Skin Nourishment,Malinest L-Gluta มาลิเนส แอลกลูต้า (1ซอง บรรจุ 15 แคปซูล),63.0,101.0,17.0,Bangkok
4764774442,Skin Nourishment,เรสเวอราทรอล Toniiq - Ultra High Purity Resveratrol 60 Capsules เรสเวอราทรอล ต้านอนุมูลอิสระ,1190.0,,,Bangkok
4764642222,Skin Nourishment,ซื้อ 1 แถม 1 (Yong-Von) วิตตามินซอฟเจลเกาหลี ยองวอน สูตรเข้มข้น 2 เท่า ((แพคคู่ 2 กระปุก ปริมาณรวม 60 ซอฟเจล)),290.0,,,Samut Prakan
4763380210,Skin Nourishment,Malinest L-Gluta คอลลาเจนมะลิเนส มาลิเนส กลูต้า ( 1 อง 15 แคปซูล ),75.0,24.0,2.0,Bangkok
1173374471,Skin Nourishment,Kumiko Collagen คูมิโกะ คอลลาเจน [15 ซอง] คอลลาเจนเข้มข้น บำรุงผิว,184.0,1878.0,182.0,Pathum Thani
4415756496,Skin Nourishment,Rida Coconut Oil ริด้า โคโค่พลัส &lt;&lt; ซื้อ 1 เเถม 1 กระปุก &gt;&gt; น้ำมันมะพร้าวสกัดเย็น ผสมคอลลาเจนจากญี่ปุ่น 60 เเคปซูล,295.0,161.0,28.0,Chiang Mai
2880296263,Skin Nourishment,Yoo Collagen ยู คอลลาเจน [110 กรัม] [1 กระปุก] คอลลาเจน บำรุงผิว กระดูก และข้อต่อ BC คอลลาเจน,267.0,,2240.0,Nonthaburi
3752764402,Skin Nourishment,JOJU Collagen แท้ 100% (1 กระปุก/ 30 เม็ด) โจจู คอลลาเจน ช่วยแก้ปัญหา สิว ผิวหมองคล้ำ จุดด่างดำ,172.0,826.0,83.0,Bangkok
2157876478,Skin Nourishment,Joju Collagen [1 กระปุก] [30 เม็ด/กระปุก] โจจูคอลลาเจน Jojuคอลลาเจน สิว ผิวหมองคล้ำ จุดด่างดำ BC คอลลาเจน,179.0,,3805.0,Nonthaburi
2128016835,Skin Nourishment,"วิตามินบี 5 Jarrow Formulas, Pantothenic Acid B5, 500 mg, 100 Veggie Caps",685.0,283.0,38.0,Chiang Mai
1047204766,Skin Nourishment,วิตามินซีเกาหลี Korea Eundan Vitamin C [5 ซอง] [60 แคปซูล/ซอง] [ไม่มีกล่อง] วิตามินซีของเกาหลี BellaColla Thailand,599.0,895.0,157.0,Nonthaburi
4747646479,Skin Nourishment,Malinest L-Gluta มาลิเนส คอลลาเจน แอลกลูต้า 1 ซอง 15 เม็ด,59.0,1233.0,97.0,Bangkok
3681027628,Skin Nourishment,กลูต้า วิตามิน Oาโมนิ,125.0,613.0,106.0,Bangkok
2604970870,Skin Nourishment,2 ซอง Mie collagen tripeptide (ขนาด100กรัม),175.0,4495.0,1218.0,Bangkok
552672216,Skin Nourishment,Onny Collagen By Plateroon ออนนี่ คอลลาเจน สารสกัดเกรดพรีเมี่ยม 60 แคปซูล,220.0,14.0,1.0,Bangkok
4447472140,Skin Nourishment,1 แถม 1 กระปุก เซตคู่จิ้น คอลลาเจน + กลูต้า ซี NAKATA Collagen Gluta C+ สูตรบำรุงผิวขาวเร่งด่วน คอลาเจน,345.0,503.0,141.0,Udon Thani
4617144531,Skin Nourishment,[แบบใหม่] ชิดะ SHIDA COLLAGEN โฉมใหม่ คอลลาเจนเบิ้ลปทุมราช คอลลาเจนในตำนาน ผิวขาวใส ออร่า,153.0,23.0,4.0,Bangkok
4483740609,Skin Nourishment,"{ของแท้จากบริษัท โปร 1 แถม 1} นันโนะคอลลาเจนเพียว 100,000 mg คอลลาเจนจากปลาน้ำจืด แพ้อาหารทะเลทานได้ ไม่ผสมแป้งและน้ำตาล",290.0,285.0,72.0,Suphan Buri
4151926712,Skin Nourishment,‼️ใหม่‼️ริด้า โคโค่พลัส น้ำมันมะพร้าวสกัดเย็น ผสม คอลลาเจน (1กระปุก/60เม็ด)RIDA COCONUT OIL,150.0,1731.0,315.0,Nonthaburi
350444875,Skin Nourishment,Lemona Collagen เลโมนา คอลลาเจน / Lemona Gyeol Fish Collagen 1200 Mg คอลลาเจนเกาหลี LEMONA Gyeol by BellaColla Thailand,369.0,,2095.0,Nonthaburi
4361232021,Skin Nourishment,[ของแท้💯 ส่งฟรี] Rida Coconut Oil ริด้า น้ำมันมะพร้าวสกัดเย็นผสมคอลลาเจนและวิตามิน,155.0,948.0,218.0,Chiang Mai
4527160033,Skin Nourishment,Tomatal น้ำชงมะเขือเทศ บำรุงผิว,70.0,104.0,6.0,Bangkok
4447516923,Skin Nourishment,(ล็อตใหม่พร้อมส่ง) แท้ 100% ROSEGOLD SAKANA COLLAGEN x 10 โรสโกลด์ ซาคานะ คอลลาเจน,640.0,178.0,6.0,Samut Prakan
4455088662,Skin Nourishment,พิเศษ 2 ซอง VENUS  Collagen  tripeptide pure 100% 100 G,165.0,233.0,82.0,Bangkok
2369823175,Skin Nourishment,(ไซโกโนะ) SAIKONO collagen Aorraa+  ไซโกโนะ คอลลาเจน เอโอร่า พลัส1กล่อง(10ซอง),158.0,,1498.0,Bangkok
2157992537,Skin Nourishment,Joju Collagen [2 กระปุก] [30 เม็ด/กระปุก] โจจูคอลลาเจน Jojuคอลลาเจน ปัญหาสิว ผิวหมองคล้ำ จุดด่างดำ Joju Collagenของแท้ BC คอลลาเจน,359.0,2395.0,311.0,Nonthaburi
1114812305,Skin Nourishment,[2 กล่อง] Kumiko Collagen คูมิโกะ คอลลาเจน - คอลลาเจนเข้มข้น,366.0,1516.0,314.0,Pathum Thani
1867428158,Skin Nourishment,Nubolic Royal Jelly 40 แคปซูล รอยัลเจลลี่เข้มข้น 1650 mg,159.0,,2697.0,Bangkok
4055997946,Skin Nourishment,"[ยกกล่อง 6 ซอง] Posh Lychee Snow Plus  ลิ้นจี่สโนว์ พลัส คอลลาเจน ลิ้นจี่หิมะ 10,000 มก.",159.0,1340.0,208.0,Uthai Thani
4246922347,Skin Nourishment,Yuhan Vitamin CD ยูฮาน วิตามิน CD [120 เม็ด] [1 กล่อง],239.0,391.0,93.0,Nonthaburi
4553899119,Skin Nourishment,((เซ็ตคู่)) เม็ดเคี้ยวปุยนุ่น ขนมผิว มี๊ขนม แฟนครูเต้ย Puiinun Maemi & Manami ปุยนุ่นมาเอมิ +ปุยนุ่นมานามิ เคี้ยวง่ายอร่อย **1กะปุก30เม็ด**,340.0,88.0,8.0,Bangkok
4291437240,Skin Nourishment,Yuhan Vitamin C ยูฮาน วิตามินซี [100 เม็ด/กล่อง] [2 กล่อง] วิตามินซีพี่จุน ยูฮานพี่จุน vitamin c,289.0,414.0,90.0,Nonthaburi
2882590580,Skin Nourishment,VC Vit C Vitamin C 200% Pure Power Shot 1กล่อง บรรจุ 14 ซอง วิตซีเพียว,173.63,140.0,23.0,Samut Sakhon
4402206479,Skin Nourishment,NIKO GLUTA  1 แถม 2 นิโกะ กลูต้า   (3 กระปุก) ผลิตภัณฑ์เสริมอาหารตัวดัง  1 กระปุก 30 แคปซูล,270.0,752.0,138.0,Bangkok
1895418558,Skin Nourishment,MATELL Collagen Dipeptide 100% คอลลาเจน ไดเปปไทด์ 100g ผสม Rice Ceramide Ceravite  ขนาดโมเลกุลเล็กที่สุดในโลก,299.0,,4028.0,Khon Kaen
3900976458,Skin Nourishment,"พิเศษ 10 กล่อง วิตามินซี C Vit C 100,000 mg.",555.0,36.0,6.0,Bangkok
4767030254,Skin Nourishment,Korea Eundan Vitamin  C and Collagen 1100mg. อึนดันวิตามินซีผสมคลอลลาเจน วิตามินเกาหลี,169.0,9.0,3.0,Bangkok
4738066518,Bone & Joint Support,[1 กล่อง][30 แคปซูล] Collagen คอลลาเจน แคลเซียม บำรุงกระดูก + คอลลาเจน สูตรคุณหมอ แคลเซี่ยมกระดูก คอลลาเจนกระดูก คอลดี Coll D รักษาอาการปวดเข่า,139.0,6.0,2.0,Bangkok
4552496722,Bone & Joint Support,BUN vitta บุญวิตต้า (3กระปุก) น้ำมันงาสกัด100%,450.0,27.0,2.0,Bangkok
2513737689,Bone & Joint Support,Life Extension Boron 3 mg / 100 vegetarian capsules,300.0,117.0,11.0,Nakhon Pathom
4688009889,Bone & Joint Support,⚡️Exp:12/24⚡️สุภาพโอสถ Black Sesame Oil+Rice Bran Oil น้ำมันงาดำรำข้าว สกัดเย็น เกรดพรีเมี่ยม,189.0,163.0,30.0,Bangkok
2644934197,Bone & Joint Support,COLLA-MAX PLUS+ เพียวคอลลาเจนญี่ปุ่นแท้ 100% ปริมาณ 50 กรัม TYPE ll DIPETIDE คอลลาเจนไทพ์ทู ไดเปปไทด์ เกรดพรีเมี่ยมจากญี่ปุ่น,99.0,8998.0,1547.0,Bangkok
4671943037,Bone & Joint Support,แคลเซียมชนิดผง 1500 mg แพ็ค 2 กล่อง,589.0,82.0,20.0,Chaiyaphum
4630505420,Bone & Joint Support,**ของแท้ พร้อมส่ง** ไอโกะ แคลเซียมเพิ่มสูง 2-7 ซม. Aiko บำรุงกระดูก (50 แคปซูล),450.0,137.0,39.0,Chiang Mai
4483599307,Bone & Joint Support,ISO cur ma ข้อเข่า บำรุงเข่า,690.0,80.0,21.0,Bangkok
4239216065,Bone & Joint Support,Abalone Collagen Advance อาบาโลน คอลลาเจน แอดวานซ์ กระปุก 100กรัม,289.0,54.0,7.0,Bangkok
4743602332,Bone & Joint Support,"""กระปุก60เม็ด""สุภาพโอสถ BLACK SESAME OIL+RICE BRAN OIL  น้ำมันงาดำรำข้าว สกัดเย็นเกรดพรีเมี่ยม",289.0,59.0,13.0,Bangkok
4106567805,Bone & Joint Support,LYNAE DR.LEE&DR.ALBERT VITACARE (60 CAPSULES) EXP 020/24 ไลเน่ ไวต้่ แคร์ พลัส 60 แคปซูล,624.0,,,Bangkok
2817381587,Bone & Joint Support,แคลซ่า calza1500 แคลเซี่ยมชนิดดูดซึมดี แบบซองชงน้ำ 1กล่อง 30ซอง ทานง่าย ไม่ทำให้ท้องผูก,328.0,400.0,44.0,Sa Kaeo
3637567155,Bone & Joint Support,RUXIUM รูเซี่ยม UC-II อาหารเสริมกระดูก แคลเซียมกระดูก อาหารเสริมเข่า สำหรับผู้ที่ปวดเข่า ปวดข้อ ปวดหลัง ปวดคอ เรื่องกระดูก ไขข้อ 1 กล่อง,390.0,1059.0,188.0,Bangkok
4200258083,Bone & Joint Support,ดีบูนของแท้ ส่งฟรี (ชนิดผง) D-BOON ดีบูนเน่ #ของแท้100%1 กล่อง ตัดหรือเปลี่ยนคิวอาร์โค้ด มีของแถมให้สำหรับคนที่กดติดตามร้านฟรี,770.0,71.0,12.0,Buri Ram
4232740412,Bone & Joint Support,Hadano collagen ฮาดาโนะ คอลลาเจนนำเข้าจากญี่ปุ่น พร้อมส่งฟรี ของแท้💯 คอลลาเจนแท้💯,390.0,327.0,90.0,Udon Thani
2414108386,Bone & Joint Support,Mega We Care Calcium-D [90 แคปซูล] กระดูกและฟัน,285.0,42.0,7.0,Bangkok
1633880598,Bone & Joint Support,ส่งฟรี!! กิฟฟารีน คอลลาสติน สารสกัดจากเยื่อหุ้มเปลือกไข่ อาการปวดข้อ ปวดเข่า เพิ่มน้ำหล่อเลี้ยงข้อ ลดการเสื่อมสลายของกระดูกอ่อน,740.0,20.0,6.0,Bangkok
4736757041,Bone & Joint Support,[1 กล่อง][30 แคปซูล] บำรุงกระดูก + คอลลาเจน Collagen แคลเซี่ยมกระดูก คอลลาเจน แคลเซียม สูตรคุณหมอ คอลลาเจนกระดูก คอลดี Coll D รักษาอาการปวดเข่า,139.0,70.0,15.0,Bangkok
4180665357,Bone & Joint Support,น้ำมันงาดำสกัดเย็น Sesame Oil 60 แคปซูล 500 มิลลิกรัม  อาหารเสริม เซซามิน ออยล์,119.0,839.0,89.0,Pathum Thani
4579971472,Bone & Joint Support,✨ส่งฟรี Aiko Calcium ไอโกะ วิตามินแคลเซียมเพิ่มความสูง บำรุงกระดูก จากประเทศญี่ปุ่น ขนาด50แคปซูน (ของแท้+ส่งฟรี),290.0,1059.0,199.0,Lampang
3414019600,Bone & Joint Support,‼️ขายดี‼️น้ำมันงาดำสกัดเย็น จากธรรมชาติ100% 30 แคปซูล  โปรแกนิค มีเซซามินสูง,98.0,9572.0,1122.0,Bangkok
2404062,Bone & Joint Support,Mega We Care Calcium เมก้า วีแคร์ แคลเซียม [60 แคปซูล] กระดูกและฟัน,195.0,4113.0,838.0,Pathum Thani
1571936624,Bone & Joint Support,#ส่งฟรี #แคลเซียม กิฟฟารีน ผสมวิตามินดี เพิ่มสูง กระดูกแข็งแรง แคลเซียม 600 มก อาหารเสริมกิฟฟารีน แคล-ดี-แมก 600 Cal-D-Mag 600 Giffarine,420.0,,,Bangkok
117167804,Bone & Joint Support,เซซามิน ตรา บี เอ็น เฮิร์บส์ Pack 4 กระปุก,1200.0,306.0,77.0,Chiang Mai
2310932289,Bone & Joint Support,AROKA CAL-TYPE 2 Collagen คอลลาเจน ไทพ์ทู calcium collagen type 2,295.0,155.0,25.0,Bangkok
2645056433,Bone & Joint Support,COLLA-MAX PLUS+ เพียวคอลลาเจนแท้ 100% ไทพ์ทู ไดเปปไทด์ วัตถุดิบเกรดพรีเมี่ยมจากญี่ปุ่น ปริมาณ 50 กรัม,99.0,2738.0,495.0,Bangkok
4277227546,Bone & Joint Support,Calcium HI D Plus แคลเซียม ไฮดี พลัส [20 แคปซูล],94.05,1970.0,246.0,Bangkok
2295083516,Bone & Joint Support,สินค้าขายดี มิตรพลัสน้ำมันงาดำสกัดเย็นเกรดพรีเมี่ยม รีวิวจากผู้ใช้จริง ปวดข้อ ปวดเข่า ปวดกระดูกนอนไม่หลับให้เราดูแลคุณ ขนาด 30-90 เม็ด,96.0,,3473.0,Bangkok
3463555522,Bone & Joint Support,"TopLux Nutrition, Magnesium Glycinate Complex 525 mg. 90 แคปซูล125% DV การดูดซึมสูง ให้นอนหลับสนิท ส่งเสริมสุขภาพหัวใจและหลอดเลือด(สินค้าขายดี USA)",750.0,563.0,35.0,Nonthaburi
1591308112,Bone & Joint Support,แคลเซียม CALHOF PLUS 120 เม็ด แคลฮอฟ พลัส  สินค้าใหม่อายุยาว ควรบริโภคก่อน 05/2024 บำรุง กระดูก,269.0,123.0,18.0,Bangkok
4526613475,Bone & Joint Support,Condoquin อาหารเสริม บำรุงไขข้อและกระดูก สำหรับสุนัขและแมว (ขนาดบรรจุ 30 เม็ด),139.0,65.0,9.0,Bangkok
2878104755,Bone & Joint Support,Maxxlife Magnesium Plus แม็กซ์ไลฟ์ แมกนีเซียม พลัส 60 เม็ด(Tablets) ผลิตภัณฑ์เสริมอาหาร,342.0,55.0,6.0,Bangkok
4232596727,Bone & Joint Support,Hadano collagen ฮาดาโนะ คอลลาเจน ซื้อ 1 แถม 1 เพียง 390฿ ส่งฟรี,390.0,70.0,23.0,Udon Thani
4436981553,Bone & Joint Support,✅ ส่งฟรี!!! ✅ Movita ผลิตภัณฑ์เสริมอาหาร กระดูก 1 กล่องมี 15 แคปซูน,882.0,744.0,185.0,Bangkok
1145076351,Bone & Joint Support,"Doctor's Best, Vitamin D3, 125 mcg (5000 IU) x 180 Softgels แคลเซียม และ กระดูก",319.0,4080.0,760.0,Nakhon Sawan
4318480869,Bone & Joint Support,ส่งฟรี เม็ดเคี้ยวแคลเซียมสูง นมเม็ดเด็ก แคลเซียม แคลเซียมตัวสูง แคลเซียมเพิ่มความสูง เม็ดเคี้ยวสูง กิฟฟารีน Calcium chewable tablets for children,290.0,30.0,6.0,Samut Prakan
1786438838,Bone & Joint Support,"Nature's Bounty, Calcium Magnesium Zinc with Vitamin D3, 100 Coated Caplets",395.0,629.0,97.0,Nonthaburi
350708854,Bone & Joint Support,Blackmores Bio Calcium + D3 แบลคมอร์ส ไบโอ แคลเซี่ยม [60 เม็ด] มีวิตามินดี เพื่อช่วยในการดูดซึมแคลเซียม,253.0,5232.0,1123.0,Pathum Thani
4007125888,Bone & Joint Support,💥Lotใหม่💥Amsel Calcium L-Threonate+Collagen Type II แอมเซล แคลเซียม แอล-ทริโอเนต พลัส คอลลาเจนไทพ์ ทู (60 แคปซูล),297.0,32.0,3.0,Phatthalung
2145408124,Bone & Joint Support,"น้ำมันงาดำสกัดเย็น 1,000 มก. 60 แคปซูล (อิมมอร์)",590.0,1307.0,222.0,Samut Prakan
4803563214,Bone & Joint Support,(สูตรใหม่) Ensure Gold เอนชัวร์ โกลด์ สูตรโปรตีนจากธัญพืช 3 ชนิด 850g 1 กระป๋อง,799.0,,,Buri Ram
4799808434,Bone & Joint Support,Amado Gold Collagen - อมาโด้ โกลด์ คอลลาเจน 3 ซอง (300กรัม/ซอง),2290.0,,,Bangkok
4799756605,Bone & Joint Support,Amado Gold Collagen - อมาโด้ โกลด์ คอลลาเจน 1 ซอง (300กรัม/กระป๋อง),799.0,,,Bangkok
4791382586,Bone & Joint Support,แคลเซียม แคนเซียม    ( 400 มิลลิกรัม ) CAL-D-MAG 400 mg clacium  ทานได้ทุกวัย,186.0,11.0,1.0,Bangkok
4787822795,Bone & Joint Support,[ของแท้💯%]ชุดฟื้นฟูหมอนรองกระดูกทับเส้นประสาท ข้อเข่าเสื่อม แพคคู่ UNI-OIL/ U-PROFEX มี 30 แคปซูล ทานก่อนนอน 1 เม็ด,2499.0,,1.0,Samut Prakan
4787125031,Bone & Joint Support,แอนลีน โททอล 10 กลิ่นวานิลลา Anlene Total 10 800g,675.0,,1.0,Chonburi
4786029999,Bone & Joint Support,seres  Cal-type2บำรุงกระดูกและข้อ รักษาข้อเสื่อม Seres Cal-type2 เซเรส แคล-ไทป์2 (Calcium L threonate+ UC II ) ของแท้100,195.0,,2.0,Bueng Kan
4785084345,Bone & Joint Support,นิภา คอลลาเจน,249.0,,,Nakhon Ratchasima
4784970957,Bone & Joint Support,Aiko Calcium ไอโกะ วิตามินแคลเซียมเพิ่มความสูง บำรุงกระดูก จากประเทศญี่ปุ่น ขนาด50แคปซูล (ของแท้100เปอร์เซ็น),235.0,,1.0,Chiang Mai
4783372631,Bone & Joint Support,คอลลาเจนผัก  Yumiko Colly Veggie Collagen  คอลลาเจนไตรเปปไทด์  20000mg.1 กระปุก ลดปวด ผิวสวย,390.0,,,Nonthaburi
4783355469,Bone & Joint Support,โปร 5 แถม 5 ทานได้ทั้งครอบครัว  Yumiko collagen Puls ลุกก็โอย นั่งก็โอย ปวดข้อ ปวดเข่า ปวดหลัง ฝ้า ชะลอวัย,2190.0,,,Nonthaburi
4781128379,Bone & Joint Support,Calcium -D Mega We Care 20 Capsules Exp11/24,120.0,,,Nonthaburi
4780669829,Bone & Joint Support,โปรคุ้ม 4 แถม 1 Protriva Black Seeds โปรทิว่า แบล็คซีดส์ น้ำมันงาดำสกัดเย็นแท้ 100,1290.0,,,Bangkok
4780464371,Bone & Joint Support,🔥ส่งฟรี🔥 งาดำ สารสกัดเซซามิน เกรดพรีเมี่ยม เข้มข้นบรรจุ 60 แคปซูล พกพาสะดวก ทานง่าย ปวดข้อ ปวดเข่า 🔥สินค้าแท้ 100%🔥,540.0,,2.0,Lamphun
4778812040,Bone & Joint Support,ชุดฟื้นฟูหมอนรองกระดูกทับเส้นประสาท ข้อเข่าเสื่อม แพคคู่ UNI-OIL/ U-PROFEX มี 30 แคปซูล ทานก่อนนอน 1 เม็ด,2429.0,,,Samut Prakan
4777999703,Bone & Joint Support,"""2 กล่อง"" CC Calcium & Collagen Plus Type ll ซีซี แคลเซียม และ คอลลาเจน พลัส",687.4,,2.0,Samut Prakan
4777609110,Bone & Joint Support,🎈ของแท้💯%🎈ชุดฟื้นฟูหมอนรองกระดูกทับเส้นประสาท ข้อเข่าเสื่อม แพคคู่ UNI-OIL/ U-PROFEX มี 30 แคปซูล ทานก่อนนอน 1 เม็ด,2334.22,12.0,5.0,Samut Prakan
4774907406,Bone & Joint Support,🔥Ovisure Gold โอวิชัวร์ โกลด์.นมธัญพืชสำหรับบำรุงกระดูกและข้อ แท้💯 #มีสินค้าพร้อมส่ง,999.0,93.0,12.0,Chiang Mai
4771800537,Bone & Joint Support,บำรุงผิว ดูแลกระดูกให้แข็งแรง เดอเอ้คอลลาเจน พลัส 50000ml.,149.0,,,Chiang Mai
4770508648,Bone & Joint Support,แคลเซียม  แคนเซียม  ( 600 มิลลิกรัม ) Calcium,309.0,,,Bangkok
4769150978,Bone & Joint Support,Vistra Bon Activ Bio Calcium วิสทร้า ไบโอ แคลเซียม [30 แคปซูล],384.0,,,Pathum Thani
4769148617,Bone & Joint Support,Eggshell X Collagen Dipeptide (เอ็กเชลล์-เอ็กซ์-คอลลาเจน-ไดเปปไทด์) 10 ซอง/กล่อง,490.0,,,Nonthaburi
4768973457,Bone & Joint Support,"Mason Natural, Vitamin K2 Plus Vitamin D3, 100 Tablets",449.0,,,Nonthaburi
4767490224,Bone & Joint Support,( นิภา 5 ) 2 แถม 3 นิภาคอลลาเจนรังนก วิตามินบำรุงผิว สลาย ฝ้า กระ บำรุงร่างกาย นวัตกรรม telosirt ผงรังนกผสมคอลลาเจนและวิตามินอีกหลากหลายชนิด,1000.0,11.0,4.0,Nonthaburi
4767377276,Bone & Joint Support,!! ซื้อ 2 แถม 1 !! Auswelllife AWL Calcium Plus D3 แคลเซียมเพิ่มความสูง แคลเซียมสำหรับเด็ก ดูดซึมง่าย บำรุงกระดูกและฟัน,390.0,,3.0,Bangkok
4767321397,Bone & Joint Support,( นิภา 2 ) 1 แถม 1 นิภาคอลลาเจนรังนก วิตามินบำรุงผิว สลาย ฝ้า กระ บำรุงร่างกาย นวัตกรรม telosirt ผงรังนกผสมคอลลาเจนและวิตามินอีกหลากหลายชนิด,499.0,,,Nonthaburi
4767261395,Bone & Joint Support,( นาริโกะ 3+3 )&gt;&gt;&gt; NARIKO COLLAGEN Tripeptide + vitamin C  นาริโกะ คอลลาเจน ผสม วิตามินซี นาริโก๊ะคอลลาเจน คอลลาเจนแอนสิเรียม,999.0,,,Nonthaburi
4766390871,Bone & Joint Support,ORIHIRO Glucosamine 1500mg 900เม็ด,1089.0,,,Chonburi
4765941151,Bone & Joint Support,📌 ของแท้ 📌 U-Profex + Uni oil ยูโปรเฟ็ก ยูนิออย ชุดฟื้นฟู หมอนรองกระดูกทับเส้นประสาท ข้อเข่าเสื่อม,2439.0,16.0,1.0,Bangkok
4765882465,Bone & Joint Support,📌 ของแท้ 📌 U-Profex + Uni oil ยูโปรเฟ็ก ยูนิออย ( 1 เดือน ) ชุดฟื้นฟูหมอนรอง กระดูกทับเส้นประสาท ข้อเข่าเสื่อม,2439.0,15.0,5.0,Bangkok
4764524973,Bone & Joint Support,"Deal Supplement - Vitamin D3 K2 Softgel, 180 Counts, 2-1 Complex, Vitamin D3 5000 IU & Vitamin K2 MK7",1250.0,38.0,4.0,Bangkok
4760429526,Bone & Joint Support,COD🚗ส่งไว [3 ขวด] [เพิ่มความสูง] เม็ดแคลเซียมโปรไบโอติกนมอูฐเยอรมัน,88.0,,,Samut Prakan
4759818114,Bone & Joint Support,ยูมิโกะ คอลลาเจน ผัก-คอลลาเจน พลัส ลดปวด บำรุงกระดูกข้อ เข่า,590.0,,1.0,Samut Prakan
4759622999,Bone & Joint Support,"โดนัทท์ คอลลาเจนไดเปปไทด์ พลัส โพรไบโอติกส์ 120g. (มีคอลลาเจน 120,000mg/กระป๋อง) Donutt Collagen Dipeptide Probiotic",225.0,,,Bangkok
4759508054,Bone & Joint Support,(ส่งฟรี) แคลเซียม กิฟฟารีน CAL-D-MAG 400 mg GIFFARINE กระดูกแข็งแรง,186.0,,,Chanthaburi
4759442348,Bone & Joint Support,(ส่งฟรี)แคลเซียม น้ำมันปลา กิฟฟารีน Giffarine Cal-D-Mag 400 mg / Fish Oil 500 mg,150.0,,2.0,Chanthaburi
4759342879,Bone & Joint Support,(ส่งฟรี) แคลเซียม กิฟฟารีน น้ำมันปลา กิฟฟารีน กระดูก และข้อ น้ำมันตับปลา กิฟฟารีน calcium fish oil GIFFARINE,150.0,,1.0,Chanthaburi
4759334195,Bone & Joint Support,แคลเซียม กิฟฟารีน  600 มิลลิกรัม  Calcium GIFFARINE ทานได้ทุกวัย,315.0,,,Chiang Rai
4759327545,Bone & Joint Support,(ส่งฟรี) ยูซีทู กิฟฟารีน ยูซี-ทู โกลด์ UC-II GIFFARINE คอลลาเจนไทป์ทู คลอลาเจนกระดูก (อันดีเนเจอร์ คอลลาเจน ไทพ์ทู) ผสม ไฮโดรไลซ์ คอลลาเจน,510.0,,,Chanthaburi
4759324945,Bone & Joint Support,โดนัทท์ คอลลาเจนไดเปปไทด์ พลัส โพรไบโอติกส์ 120g. Donutt Collagen Dipeptide Probiotic,225.0,14.0,3.0,Nonthaburi
4784975960,Bone & Joint Support,Aiko Calcium ไอโกะ วิตามินแคลเซียมเพิ่มความสูง บำรุงกระดูก จากประเทศญี่ปุ่น ขนาด50แคปซูล (ของแท้100เปอร์เซ็น),235.0,,,Chiang Mai
4783153929,Bone & Joint Support,Schiff Move Free Advanced Plus MSM with Glucosamine + Chondroitin Joint Supplements 120 Coated Tablets,799.0,,,Bangkok
4780405736,Bone & Joint Support,🔥ส่งฟรี🔥 แคลเซียม( 600 มิลลิกรัม ) กระดูกแข็งแรง ปวดข้อ ปวดเข่า ปวดกระดูก บรรจุ 60 เม็ด 🔥สินค้าแท้ 100%🔥,279.0,,2.0,Lamphun
4780402742,Bone & Joint Support,🔥ส่งฟรี🔥 แคลเซียม  CAL-D-MAG 400 mg เพิ่มความสูง บำรุงข้อเข่า เสริมสร้างกระดูกให้แข็งแรง  บรรจุ 60 เม็ด 🔥สินค้าแท้ 100%🔥,186.0,,1.0,Lamphun
4774686451,Bone & Joint Support,[Pack3] Magicus Bond อาหารเสริม เหมาะสำหรับผู้สูงอายุที่มีอาการปวดเข่า ปวดข้อ,2070.0,,,Phra Nakhon Si Ayutthaya
4770097598,Bone & Joint Support,แคลเซียม กิฟฟารีน ขนาด 400 และ 600 มิลลิกรัม calcium Giffarine,186.0,,,Bangkok
4768873461,Bone & Joint Support,[2 กระปุก] Vistra Bio Calcium L-Threonate Plus วิสทร้า ไบโอ แคลเซียม แอล ทรีโอเนต พลัส [30 แคปซูล],760.0,,1.0,Pathum Thani
4767377276,Bone & Joint Support,!! ซื้อ 2 แถม 1 !! Auswelllife AWL Calcium Plus D3 แคลเซียมเพิ่มความสูง แคลเซียมสำหรับเด็ก ดูดซึมง่าย บำรุงกระดูกและฟัน,690.0,,3.0,Bangkok
4765942001,Bone & Joint Support,2 กระปุกถูกกว่า งาดำสะกัดเย็น (ไร่ไทย),292.0,,2.0,Samut Prakan
4760953639,Bone & Joint Support,Flexigen & เวียร์เฟล็ก Mega we care อาหารเสริมบำรุงกระดูกและข้อ,620.0,16.0,5.0,Khon Kaen
4760953639,Bone & Joint Support,Flexigen & เวียร์เฟล็ก Mega we care อาหารเสริมบำรุงกระดูกและข้อ,450.0,16.0,5.0,Khon Kaen
4630505420,Bone & Joint Support,**ของแท้ พร้อมส่ง** ไอโกะ แคลเซียมเพิ่มสูง 2-7 ซม. Aiko บำรุงกระดูก (50 แคปซูล),230.0,137.0,39.0,Chiang Mai
2295083516,Bone & Joint Support,สินค้าขายดี มิตรพลัสน้ำมันงาดำสกัดเย็นเกรดพรีเมี่ยม รีวิวจากผู้ใช้จริง ปวดข้อ ปวดเข่า ปวดกระดูกนอนไม่หลับให้เราดูแลคุณ ขนาด 30-90 เม็ด,275.0,,3473.0,Bangkok
4220806141,Bone & Joint Support,น้ำมันงาดำสกัดเย็น ตรา ไฟโตซามีน มีสารเซซามินสูง 15 เท่า (โปร 2 แถม1),309.0,10.0,4.0,Nonthaburi
4598788977,Multivitamins,พร้อมส่ง/ของแท้/ 3 Miracles ทรี มิราเคิลส์ อาหารเสริมจากถั่งเช่า เห็ดหลินจือ โสม / 1 กล่อง 30 แคปซูล,165.0,11.0,4.0,Bangkok
3947278854,Multivitamins,mamarine Pure Colla 100 g. มามารีน คอลลาเจนบริสุทธิ์,200.0,445.0,47.0,Samut Prakan
4610863896,Multivitamins,เซเรส อิโนซิทอล Seres Inositol  30 แคปซูล (วันหมดอายุ 10/3/25),99.0,71.0,12.0,Bangkok
4053395055,Multivitamins,ขาวละออ ห้ารากสกัดชนิดเม็ด 60 เม็ด/ขวด,125.0,575.0,85.0,Bangkok
1569816841,Multivitamins,Bode B COMPLEX Multi 8 โบเด้ วิตามิน บี รวม 100 เม็ด,189.0,147.0,28.0,Uthai Thani
4108632794,Multivitamins,✅หมดอายุ 01/2024✅ขายถูก Boom Vitamin C Complex 1 กระปุก x 30 Capsules ผลิตภัณฑ์เสริมอาหารวิตามินซีธรรมชาติ,85.0,31.0,4.0,Chanthaburi
4483596439,Multivitamins,TOMAZING PLUS2 โทเมซิง พลัส2 ไลโคปีน ต่อม ลูกหมาก 30แคปซูล,640.0,249.0,53.0,Bangkok
2752197817,Multivitamins,🔥 พร้อมส่ง! 🔥 VB-Complex วีบีคอมเพล็กซ์ วิตามินบีรวม คลายเครียด บำรุงสมองและระบบประสาท ลดอาการมือชา เท้าชา (1 แถม 1 120 แคปซูล),275.0,1107.0,297.0,Saraburi
4676657447,Multivitamins,Handy Herb Gummy Ener-G แฮนดี้เฮิร์บ กัมมี่ ชนิดเคี้ยว อร่อยเพลิน กลิ่นเลมอน [1กล่อง/6ซอง],177.0,18.0,4.0,Pathum Thani
1357922808,Multivitamins,Multi Vitamins Plus Mineral วิตามินรวมและแร่ธาตุ เม็ดฟู่ บริษัท Sunlife จากประเทศ เยอรมัน,145.0,567.0,107.0,Udon Thani
2790119232,Multivitamins,"เปล้าตะวันขับลมตราเพชรแดง ตำรับยาจากสมุนไพรออร์แกนิค 4 ชนิด 

บรรจุ60แคปซูล",225.0,815.0,160.0,Bangkok
4108730406,Multivitamins,✅หมดอายุ 01/2024✅Boom Dnax บูม ดีแนกซ์ แท้💯,165.0,2055.0,196.0,Chanthaburi
1321890371,Multivitamins,วิตามินบีรวม เม็ดฟู่ เหนื่อยล้าจาการทำงาน Sunlife Twist จากประเทศเยอรมัน,145.0,363.0,75.0,Udon Thani
4327651253,Multivitamins,1 ขวด เฟิร์นเฮิร์บเจนแซท เจริญอาหาร เพิ่มน้ำหนัก ปรับธาตุ ช่วยระบบขับถ่าย,129.0,459.0,93.0,Khon Kaen
339986068,Multivitamins,นูทริ โฟลิค NUTRI FOLIC GIFFARINE #เลือดจาง #โลหิตจาง #ธาลัสซีเมีย #บำรุงร่างกาย #อ่อนเพลีย #โฟลิค #คนท้อง #ตั้งท้อง #ตั้งครรภ์ #อาหารเสริม,180.0,9.0,3.0,Bangkok
304438121,Multivitamins,วิตามินซี รูปและรสผลไม้ เยลลี่ Hi C fruit Chewies Vitamin C ขนาดบรรจุ 200 กรัม 100 เม็ด,199.0,425.0,82.0,Nonthaburi
4396988209,Multivitamins,โคลีนบี กิฟฟารีน วิตามินบีรวม วิตามินบี Choline - B GIFFARINE โคลีน โคลีนบีกิฟฟารีน,205.8,266.0,38.0,Bangkok
4604581826,Multivitamins,[[**ขวด 150 ml**]]  เบนไซรัป น้ำมันปลา Bain Syrup DHA 70% Omega 3 150 ml  Nutrimaster  (วันหมดอายุ 18/7/24),145.0,194.0,31.0,Bangkok
2752335025,Multivitamins,🔥 ส่งฟรี! ส่งไว 🔥 VB-Complex วีบีคอมเพล็กซ์ วิตามินบีรวม (1 แถม 1 ** 120 แคปซูล),275.0,108.0,23.0,Saraburi
4785729406,Multivitamins,เบื่ออาหาร วิตามินเพิ่มน้ำหนัก ช่วยได้,79.0,,,Maha Sarakham
2752320100,Multivitamins,🔥 พร้อมส่ง! 🔥 VB-Complex วีบีคอมเพล็กซ์ วิตามินบีรวม คลายเครียด บำรุงสมองและระบบประสาท ลดอาการมือชา เท้าชา (1 กระปุก 60 แคปซูล),179.0,942.0,264.0,Saraburi
4610455449,Multivitamins,น้ำมันปลา1200mg.+วิตามิน Seres Fish oil  Hi- DHA EPA omega3 30 เม็ด(วันหมดอายุ 18/4/25),99.0,130.0,33.0,Bangkok
4374468443,Multivitamins,Chela zinc15mg 10 เม็ด แถมฟรี Sodamint 1000เม็ด exp.24/11/2026,185.0,202.0,54.0,Bangkok
4594088785,Multivitamins,11X Verena 11x เวอรีน่า   hair vitamins บำรุงผม วิตามิน อาหารเสริม  กระปุกละ 21 เม็ด,168.0,280.0,73.0,Samut Prakan
2205796282,Multivitamins,( ส่งฟรี ) โฟลิค กิฟฟารีน NUTRI FOLIC GIFFARINE สร้างเม็ดเลือด เสริมธาตุเหล็ก บำรุงเลือด,180.0,2354.0,487.0,Bangkok
4716089803,Multivitamins,โฟลิค กิฟฟารีน โฟลิก เลือดจาง โฟลิค เตรียมตั้งครรภ์ NUTRI FOLIC GIFFARINE,135.0,69.0,3.0,Pathum Thani
4438267707,Multivitamins,ส่งฟรี โคลิน-บี กิฟฟารีน นิ้วล็อค ชา มือ  วิตามินบีรวม  อาหารเสริม giffarine วิตามินรวม #vitamin วิตามินบี  กิฟฟารีน ของแท้ อย13-1-03440-1-0070,210.0,88.0,13.0,Chanthaburi
2529920954,Multivitamins,ส่งฟรี กิฟฟารีน นูทริ โฟลิค บำรุงเลือด บำรุงกำลัง วิตามินซี บี1-6-12 กรดโฟลิค บำรุงโลหิต บำรุงร่างกาย บรรจุ 60 แคปซูล,180.0,234.0,48.0,Lopburi
2592907627,Multivitamins,ACTIVE C วิตามินซี ซื้อ 1 แถม 1  (แอคทีฟซี) วิตามินซีในรูปแบบแคปซูล สินค้าแพคคู่ของแถม -2 กระปุก- ปริมาณรวม 60 แคปซูล ทานได้ 2 เดือน,159.0,356.0,78.0,Bangkok
4236511942,Multivitamins,BIO C MIX Plus Vitamin Alpha+Zinc ไบโอ ซี มิกซ์ พลัส วิตามิน ขนาด 30 เม็ด,110.0,125.0,29.0,Pathum Thani
2741954883,Multivitamins,Clover Plus 19 Multivit & Mineral อาหารเสริม วิตามินรวม แร่ธาตุกว่า 19 ชนิด วิตามินอี วิตามินเอ วิตามินบี2 วิตามินบี6 วิตามินบี1 วิตามินบี12 1 ขวด 30 แคปซูล,149.0,1407.0,308.0,Bangkok
77736,Multivitamins,VISTRA Zinc 15mg ( 45 caps) -  วิสทร้า ซิงก์ 15 มก. ( 45 เม็ด),204.0,,7216.0,Chachoengsao
3738110812,Multivitamins,วิตามินเด็ก อาหารเสริมเด็ก ชนิดเม็ดเคี้ยวผักและผลไม้ ไฟโตคิตส์ กิฟฟารีน อุดมไปด้วยผักและผลไม้มากกว่า 10 ชนิด กากใยและไฟเบอร์ สูง,180.0,11.0,4.0,Nakhon Pathom
4133292227,Multivitamins,"Centrum Dietary Supplement เซนทรัม 30,90 เม็ด (1 กล่อง สูตรใหม่) วิตามินและเกลือแร่รวมที่จำเป็น 22 ชนิด",238.0,182.0,56.0,Bangkok
2752316159,Multivitamins,🔥 ส่งฟรี! ส่งไว 🔥 VB-Complex วีบีคอมเพล็กซ์ วิตามินบีรวม บรรจุ 60 แคปซูล (1 แถม 1 # 120 แคปซูล),275.0,259.0,87.0,Saraburi
2168618213,Multivitamins,SOMIN  vita โซมิน วิตต้า 1 กระปุก บรรจุ 30 เม็ด  วิตซีเกาหลี 100%,210.0,2806.0,322.0,Bangkok
4216301606,Multivitamins,Himalaya Liv 52 100 tablets,70.0,1813.0,218.0,Bangkok
1439932864,Multivitamins,ส่งฟรี!!! วิตามินบีรวม โคลีนบี complex มือชา ปลายประสาท เหน็บชา เท้าชา นิ้วล็อค อาหารเสริม จำนวน 2 กล่อง 60 แคปซูล ทานได้ 1 เดือน,560.0,340.0,93.0,Bangkok
2808434127,Multivitamins,NBL coconut oil Nubolic น้ำมันมะพร้าวสกัดเย็น 60 ซอฟเจล น้ำมันมะพร้าวออสเตรเลีย 1000mg จำนวน 2 ขวด,238.0,1140.0,238.0,Bangkok
4804294219,Multivitamins,*พร้อมส่ง/ของแท้‼️* Advil Liqui PM มีหลายขนาด,450.0,,,Nonthaburi
4801816808,Multivitamins,Gracku เกร๊กคู 2 กล่อง กล่อง 6 แคปซูล มีของ พร้อมส่งทันที,750.0,6.0,,Songkhla
4801811806,Multivitamins,Grakcu เกร็กคู แบบ 3 กล่อง กล่องละ 6 แคปซูล ราคาสุดคุ้ม พร้อมส่ง ของแท้ 100%,1120.0,6.0,,Songkhla
4801402136,Multivitamins,VISTRA Acerola Cherry 1000 mg. 45 เม็ด,270.0,,1.0,Bangkok
4798309331,Multivitamins,วิตามินเจริญอาหาร วิตามินเพิ่มน้ำหนักคลีนิค สูตรเดิม,250.0,6.0,,Nakhon Ratchasima
4798141311,Multivitamins,Seattle Gummy Mocca Shots : กัมมี่ อาหารเสริมให้พลังงาน เพิ่มความดีด สำหรับนักกีฬา นักวิ่ง หรือผู้ที่ต้องการคาเฟอีนทดแทนการดื่มกาแฟ,140.0,,2.0,Pathum Thani
4794846277,Multivitamins,Coatex Dogs Cats Help Skin & Coat 240caps อาหารเสริม บำรุงเส้นขนและผิวหนัง แบบเม็ด สุนัข แมว บรรจุ 1 กล่องใหญ่ 240 เม็ด,2890.0,,,Samut Sakhon
4794537548,Multivitamins,โอบา วิตต้าซี ส้มสีเลือด,185.0,,,Nakhon Pathom
4794244458,Multivitamins,นมผึ้ง royal jelly ของแท้ นมผึ้งEX NBL Royal Jelly EX รอยัลเจลลี่ เกรดพรีเมี่ยม นมผึ้งโดสสูง 2545 mg (30 Capsules) มีฮาลาล,650.0,32.0,11.0,Chachoengsao
4792656112,Multivitamins,แบลคมอร์ส วิตามินบี Mega Complex B 75 Tablets B Vitamins Energy Support,565.0,,,Samut Prakan
4791232799,Multivitamins,VENAX5 วีน่าX5 (1 กล่อง 10 แคปซูล),169.0,,1.0,Khon Kaen
4791151107,Multivitamins,โฟลิคโฟลิก โฟลิก โฟลิค เสริมธาตุเหล็ก NUTRI FOLIC,135.0,26.0,3.0,Bangkok
4790158105,Multivitamins,วิตามินบี12 สำหรับ มึน ชา ตามปลายมือ ปลายเท้า เบา หวานทานได้ 30 เม็ด/กล่อง Methycobal 500 MCG Tablet is a man-made form of Vitamin B12,149.0,,,Nakhon Phanom
4790045207,Multivitamins,วิตามินเพิ่มน้ำหนักคลินิก,249.0,,,Buri Ram
4788531485,Multivitamins,วิตามินเพิ่มน้ำหนัก สำหรับคนผอม อยากอ้วนหุ่นปัง ผิวใส,100.0,,2.0,Maha Sarakham
4785049659,Multivitamins,วิตามินเพิ่มน้ำหนักคลินิค,50.0,,,Bangkok
4784515027,Multivitamins,DHC​ Natto นัตโตะ (30 วัน) รูปแบบแคปซูล รับประทานง่าย ไม่มีกลิ่น,395.0,,,Pathum Thani
4783299301,Multivitamins,โปร 1แถม1 !!! DDC ACTIV H&N MAX GUMMY กัมมี่ บำรุงผมและเล็บ,1690.0,9.0,2.0,Lamphun
4782649057,Multivitamins,Vitamin Supplements - บรรเทาอาการเครียด ปรับคลื่นสมอง ผ่อนคลาย เสริมสร้างภูมิคุ้มกัน,219.0,31.0,9.0,Bangkok
4781619881,Multivitamins,House Wellness Nerunoda มีส่วนผสมgaba100mg ช่วยการผักผ่อน 10 days,199.0,,,Nonthaburi
4780774498,Multivitamins,Vitamin B-Mix Persistent Type DHC ดีเอชซี วิตามินบีรวม (( 60 วัน)),195.0,,,Pathum Thani
4780719158,Multivitamins,Kirkland Signature Aid 96 Tablets * 2 bottle,699.0,6.0,1.0,Yala
4780161363,Multivitamins,DHC Multi Vitamin วิตามินรวม 60 วัน ช่วยบำรุงสุขภาพ ผิวพรรณให้สดใส Supplement マルチビタミン サプリメント,178.0,7.0,3.0,Bangkok
4777494585,Multivitamins,DHC Vitamin B mix ดีเอชซี วิตามินบีรวม ละลายช้า Persistent Time release ชนิดเม็ด ビタミンBミックス サプリメント,158.0,14.0,3.0,Bangkok
4777344536,Multivitamins,Trivit-B วิตามินหลอด,350.0,,,Songkhla
4775836566,Multivitamins,Puritan’s pride 3mg.120 tablets exp2025,480.0,38.0,4.0,Bangkok
4775709094,Multivitamins,ALGYCON 200 MG 12 TABLETS ชนิดแผง อัลไกคอน 200 มก . (1 แผง 12 เม็ด ) กรดไหลย้อน เม็ดเคี้ยว,172.0,18.0,,Bangkok
4775297080,Multivitamins,วิตามินบี12 vitamin B12 ชามือ ชาเท้า วิตามินบี 12 มือชา เท้าชา ชาปลายมือ ปลายเท้า,320.0,,2.0,Nakhon Si Thammarat
4775292133,Multivitamins,วิตามินบี6 vitamin B6 วิตามินบี 6,315.0,,1.0,Nakhon Si Thammarat
4770284289,Multivitamins,Pharma Nord Bio-C Vitamin  สินค้าใหม่ ส่งด่วน รับประกัน ของแท้,349.0,5.0,,Bangkok
4769792048,Multivitamins,"Amino VITAL Amino Acid 2,500 mg Gel Shot Energy gel เจลพลังงานพร้อมทาน 45 กรัม สูตรญี่ปุ่น (Z14)",110.0,,,Bangkok
4767598665,Multivitamins,( นิภา 11 ) 4 แถม 7 นิภาคอลลาเจนรังนก วิตามินบำรุงผิว สลาย ฝ้า กระ บำรุงร่างกาย นวัตกรรม telosirt ผงรังนกผสมคอลลาเจนและวิตามินอีกหลากหลายชนิด,1950.0,,,Nonthaburi
4767215390,Multivitamins,Eundan Vitamin C Jelly อึนดัน วิตามินซี เจลลี่ [30 กรัม] [1 ซอง] เยลลี่รสส้ม วิตามินซีอึนดัน เจลลี่วิตามินซี,49.0,24.0,21.0,Nonthaburi
4765755459,Multivitamins,Yuhan Vitamin C&D วิตามินซียูฮันเกาหลี เกาหลีแท้ วิตามินซี วิตามินดี Vitamin C 500mg + Vitamin D 500iu,250.0,,1.0,Bangkok
4765489980,Multivitamins,LE Ubiquinol CoQ10 บำรุงภายใน ของแท้,890.0,,,Bangkok
4763814684,Multivitamins,￼✅พร้อมส่ง ถูกที่สุด ของแท้ เม็ดฟู่วิตามินซีเกาหลี Everteen EverVITA วิตามินซี เม็ดฟู่วิตามินซี รสเลม่อน รสส้ม,95.0,6.0,2.0,Bangkok
4763496064,Multivitamins,Himalaya Speman วิตามินบำรุง,75.0,135.0,1.0,Bangkok
4763397420,Multivitamins,บีเฟอร์ วิตามินรวม,89.0,,,Nong Khai
4762085815,Multivitamins,DEMOSANA เม็ดฟู่บำรุงร่างกาย จากเยอรมัน 1 หลอด บรรจุ 20 เม็ด,119.0,,,Bangkok
4216301606,Multivitamins,Himalaya Liv 52 100 tablets,70.0,1813.0,219.0,Bangkok
4765755459,Multivitamins,Yuhan Vitamin C&D วิตามินซียูฮันเกาหลี เกาหลีแท้ วิตามินซี วิตามินดี Vitamin C 500mg + Vitamin D 500iu,490.0,,1.0,Bangkok
4804294219,Multivitamins,*พร้อมส่ง/ของแท้‼️* Advil Liqui PM มีหลายขนาด,490.0,,,Nonthaburi
4800202058,Digestive Care,Detox kokando จากญี่ปุ่น🇯🇵แบบกล่องมี8แผง400เม็ด(หมดอายุ2026),369.0,,1.0,Phatthalung
4799983994,Digestive Care,เซตคละ3กระปุก! วิโนน่าโพรไบโอ Winona Probio (สูตร1+สูตร2+สูตร3) โพรไบโอติกส์ สายพันธุ์ไทย🇨🇷ดูแลร่างกายครบแบบองค์รวม,3839.0,,1.0,Bangkok
4799371551,Digestive Care,เกร็กคู gracku 1 กล่อง 6 แคปซูล,379.0,9.0,1.0,Songkhla
4799368146,Digestive Care,สินค้าใหม่ [ไฟเบอร์3รส] มานาไฟเบอร์ Mana Prolean fiber ลีนไขมัน พุงยุบ ดีท็อกซ์ลำไส้ ไฟเบอร์สูงเทียบเท่าผักสลัด 51 จาน!!,249.0,,,Bangkok
4799330389,Digestive Care,คละได้ทุกรส [6แถม8] มานาไฟเบอร์ Mana Prolean fiber ลีนไขมัน พุงยุบ ดีท็อกซ์ลำไส้ ไฟเบอร์สูงเทียบเท่าผักสลัด 51 จาน!!,1800.0,,,Bangkok
4795691275,Digestive Care,Per Jelly Fiber เพอร์เจลลี่ไฟเบอร์ มะขาม/ส้ม/มะม่วง,490.0,,,Pathum Thani
4794272259,Digestive Care,โพรไบโอติกส์ วิโนน่า โพรไบโอ (สูตร3) Winona Probio TA ดูแลระบบขับถ่าย ไขมันในเลือด ผิวพรรณ,1599.0,,,Bangkok
4794101488,Digestive Care,วิโนน่าโพรไบโอ#สูตร3 Winona Probio TA โพรไบโอติกส์สายพันธุ์ไทย ดูแลสมดุลย์ลำไส้ ไขมันในเลือด ช่วยชะลอวัย,1599.0,,,Bangkok
4793867050,Digestive Care,วิโนน่าโพรไบโอ#สูตร3 Winona Probio TA โพรไบโอติกสายพันธุ์ไทย ดูแลสมดุลย์ลำไส้ ไขมันในเลือด ช่วยชะลอวัย,3839.0,5.0,2.0,Bangkok
4793859128,Digestive Care,probilac set 3กล่อง 90ซอง,1350.0,,1.0,Bangkok
4793795050,Digestive Care,1 แถม 1 Jessina เม็ดเคี้ยวไฟเบอร์ ลดบวม แขนขาเรียว ขับถ่ายง่าย พุงยุบ ขับโซเดียม เอวเล็ก หน้าเรียว,230.0,,,Bangkok
4793673098,Digestive Care,ไฟเบอร์ ดีท็อกซ์ ล้างลำไส้ ลดพุง ล้างตับ ลดกลิ่นตัว ควบคุมน้ำหนัก Fruity Mix Fiberry Detox ตรา บลูเบิร์ด ขนาด 600 มิลลิกรัม 60 แคปซูล // HiMyHealth,159.0,,1.0,Nakhon Ratchasima
4793365815,Digestive Care,Slim plus Dtox เม็ดสีเหลือง (6แถม1) ขั้นต่ำ3ซอง ดีท๊อกลดพุง วิตมินสลายไขมัน พร้อมส่ง,25.0,,,Nakhon Si Thammarat
4792186390,Digestive Care,พร้อมส่งโพลFLO สัปรด-มะนาว บรรจุ 1 กล่อง 10 ซอง,970.0,,,Phuket
4791628728,Digestive Care,พร้อมส่ง [เปิดตัวสินค้าใหม่] MANA Prolean Fiber มานา โปรลีน ไฟเบอร์ ลีนไขมัน พุงยุบ ดีท๊อกซ์ลำไส้ ลดสะสมไขมัน เพิ่มการดูดซึมอาหาร มี 3 รส Enchant Beauty,350.0,53.0,,Bangkok
4791581714,Digestive Care,HIKARI WHEAT GRASS POWDER ฮิคาริ วีทกราส พาวเดอร์ ดีท็อก ดีท็อกซ์ Detox ลำไส้ ช่วยขับถ่าย แก้ท้องผูก ล้างสารพิษลำไส้ พุงยุบ 1 แถม 1 กระปุก,350.0,,,Bangkok
4791573960,Digestive Care,LACTOFIT GOLD PROBIOTIC แบบ BOX SET 70 ซอง,399.0,,,Bangkok
4791067780,Digestive Care,โพรไบโอติก ไบโอติก มีจุลินทรีย์โพรไบโอติกถึง 10 สายพันธุ์ ขับถ่าย,592.5,13.0,3.0,Bangkok
4790436287,Digestive Care,Winona Probio MSMC  (สูตร1) 2 กระปุก + Winona Probio TA (สูตร3) 1 กระปุก (คละสูตร),3839.0,,,Nonthaburi
4790389303,Digestive Care,Winona Probio MSMC 1 กระปุก + Winona Probio TA 2 กระปุก (คละสูตร),3839.0,,,Nonthaburi
4790385461,Digestive Care,Winona Probio MSMC (สูตร1) + Winona Probio TA (สูตร 3) (คละสูตร),2598.0,,,Nonthaburi
4790380611,Digestive Care,Winona Probio MSMCTA  (สูตร2) 2 กระปุก + Winona Probio TA (สูตร3) 1 กระปุก (คละสูตร),3839.0,,1.0,Nonthaburi
4790370578,Digestive Care,Winona Probio MSMC 1 กระปุก + Winona Probio MSMCTA 1 กระปุก + Winona Probio TA 1 กระปุก (คละสูตร),3839.0,,,Nonthaburi
4790368684,Digestive Care,Winona Probio MSMCTA (สูตร2) 1 กระปุก + Winona Probio TA (สูตร3) 2 กระปุก  (คละสูตร),3839.0,,,Nonthaburi
4790368523,Digestive Care,Winona Probio TA (สูตร 3) สายพันธุ์ไทย เสริมภูมิคุ้มกัน ปรับสมดุลลำไส้ ชะลอวัย ลดไขมัน 30 แคปซูล,1599.0,9.0,2.0,Nonthaburi
4790362643,Digestive Care,Winona Probio MSMCTA (สูตร2) + Winona Probio TA (สูตร 3) (คละสูตร),2598.0,,,Nonthaburi
4790285514,Digestive Care,Detox ญี่ปุ่น Health Dietary Japan Quality [ แบบกล่อง ],359.0,29.0,4.0,Phatthalung
4790210372,Digestive Care,Detox ญี่ปุ่น Health Dietary Japan Quality [ แบบกล่อง ],359.0,,,Phatthalung
4788850823,Digestive Care,S Fiber เอส ไฟเบอร์ (ดีท็อกผัก สารสกัดพรีเมียม ช่วยปรับระบบขับถ่าย),95.0,,,Sukhothai
4788825852,Digestive Care,Dr.Ss รส บวมน้ำ ขับน้ำ,85.0,,,Bangkok
4788733452,Digestive Care,อากาเนะ ไลโค บริ้ง ของเแท้100% (1 ห่อ 30 ซอง),390.0,,,Chachoengsao
4787008247,Digestive Care,Posh Medica Fiber พอช ไฟเบอร์ ซี เสาวรส 6 ซอง [1 กล่อง] สีม่วง,178.0,,,Bangkok
4786984050,Digestive Care,🎌 DHC Forslean โฟสลีน เผาผลาญไขมันสะสม ช่วยระบบขับถ่าย ของแท้จากญี่ปุ่น フォースコリー,899.0,,,Bangkok
4786199064,Digestive Care,กัมมี่ไฟเบอร์ HandyHerb Fiber Flow แฮนดี้เฮิร์บ ไฟเบอร์ โฟลว์ [2 ซอง] กลิ่นแอปเปิ้ลเขียว เยลลี่ไฟเบอร์,56.0,,,Pathum Thani
4786100544,Digestive Care,กัมมี่ไฟเบอร์ HandyHerb Fiber Flow แฮนดี้เฮิร์บ ไฟเบอร์ โฟลว์ [4 ชิ้น] กลิ่นแอปเปิ้ลเขียว เยลลี่ไฟเบอร์,29.0,,,Pathum Thani
4786014098,Digestive Care,HandyHerb Fiber Flow แฮนดี้เฮิร์บ ไฟเบอร์ โฟลว์ [4 ชิ้น] กลิ่นแอปเปิ้ลเขียว เยลลี่ไฟเบอร์,30.0,6.0,2.0,Pathum Thani
4786006243,Digestive Care,[6 ซอง] HandyHerb Fiber Flow แฮนดี้เฮิร์บ ไฟเบอร์ โฟลว์ [4 ชิ้น] กลิ่นแอปเปิ้ลเขียว เยลลี่ไฟเบอร์,168.0,42.0,1.0,Pathum Thani
4785345256,Digestive Care,Detox ญี้ปุ่น Health Dietary  Japan Quality,450.0,,1.0,Phuket
4785189007,Digestive Care,Detox ญี่ปุ่น Health Dietary เม็ดชมพู 1กล่อง400เม็ด,450.0,6.0,,Phuket
4785127511,Digestive Care,ของแท้ พร้อมส่ง เซตทดลอง  MMC วิตามินบรรเทาริดสีดวง  (30 แคปซูล/กระปุก) ใช้บรรเทาริดสีดวง ออร์แกนิก ผู้ใหญ,97.0,,,Nonthaburi
4615562025,Digestive Care,Mc Plus Manow แม็คพลัส ไฟเบอร์มะนาว (6 ซอง) x 1 กล่อง,144.0,6.0,2.0,Bangkok
4368395482,Digestive Care,ไฟเบอร์ ใยอาหาร Fiber Fiberine ไฟเบอร์รีน 100เม็ด อาหารเสริม กากใยอาหาร ใยอาหารชนิดเม็ด เซลลูโลส เส้นใยอาหาร ขับถ่ายง่าย ของแท้,178.0,7.0,3.0,Nakhon Ratchasima
4673611304,Digestive Care,Handy Herb Fiber flow Gummy ไฟเบอร์ กัมมี่ เหมาะสำหรับคนขับถ่ายยาก (1 กล่อง/6ซอง) กัมมี่ไฟเบอร์,177.0,232.0,33.0,Pathum Thani
4715708872,Digestive Care,ส่งฟรี กิฟฟารีน โพรไบโอติก 10 พลัส มีจุลินทรีย์โพรไบโอติกถึง 10 สายพันธุ์ เหนื่อยง่าย การขับถ่าย ช่วยดูแลลำใส้,660.0,,1.0,Bangkok
2423011418,Digestive Care,"โปรไบโอติกส์ 10 สายพันธุ์ Ultra Strength Probiotic 10, 20 Billion 30 Capsules (Nature's Bounty®)",1098.0,87.0,21.0,Chiang Mai
4703574082,Digestive Care,ส่งฟรี โพรไบโอติก 10 พลัส ผสมอินนูลิน การขับถ่าย ช่วยดูแลลำใส้ เหนื่อยง่าย มีจุลินทรีย์ไบโอกิหถึง 10 สายพันธ์,212.8,11.0,5.0,Bangkok
2119042603,Digestive Care,LUK PAD DETOX ลูกปัด ดีท็อกซ์ สมุนไพรซุปเปอร์คลีน เพื่อการดีท้อก [20เม็ด] 1 ซอง,23.0,,1185.0,Pattani
4375097376,Digestive Care,CLราคาพิเศษ พิมรี่ ไฟเบอร์ พลัส อิ่มนาน ดูดซึม มีกากใย Pimry 3รส รสองุ่น รสเเอปเปิ้ล รสฟรุตพั้นซ์ 4ซอง/กล่อง ผลิตภัณฑ์เสริมอาหาร,179.0,85.0,7.0,Pathum Thani
4606009002,Digestive Care,[ TaVe ] ทาวี่ไฟเบอร์ - ( 2กล่อง )[1กล่อง4ซอง] ตัวช่วยให้ถ่ายคล่อง สินค้าจากบริษัท,194.0,670.0,149.0,Phuket
4368717355,Digestive Care,ส่งฟรี  #ไฟเบอร์  ใยอาหาร ผักผลไม้อัดเม็ด ระบบขับถ่าย  ไฟเบอรีนกิฟฟารีนของแท้ 100 เม็ด,240.0,,1.0,Chonburi
1314588158,Digestive Care,ยันฮี เวจจี้ ไฟเบอร์ ไดเอ็ท 100 แคปซูล Yanhee Veggy Fiber Diet [ Exp.2025 ] พรีไบโอติก Prebiotic ใยอาหาร ผักบด,105.0,3050.0,537.0,Bangkok
4119653795,Digestive Care,ไฟเบอร์แอปเปิ้ล วาเลนต้า พร้อมส่ง Valenta Fiber Apple 1ถุงมี 12 ซอง พร้อมส่ง,185.0,20.0,7.0,Lopburi
2175276710,Digestive Care,LukPad by Clean Herb ลูกปัด ลูกปัดดีท็อกซ์ (5 ซอง),160.0,279.0,43.0,Bangkok
220051034,Digestive Care,เมล็ดแฟลกซ์ สีน้ำตาล บดผง 150 กรัม ออร์แกนิค มีเลข อย. Organic Brown Grinded Flaxseeds แฟล็กซีด เมล็ดแฟลกซ์ซีด Slim Healthy,150.0,1383.0,246.0,Bangkok
4782729213,Digestive Care,1แถม1 นิโกะเอส Niko S ผงบุกนิโกะ เอส รสลิ้นจี่ ขับถ่ายง่าย ไม่ปวดบิด บรรจุ 5 ซอง 200.-บาท,250.0,121.0,1.0,Bangkok
328184868,Digestive Care,🔥 PREROTIC  PLUS by Medileen พรีโรติก เมดิลีน ฟรีเทสเตอร์ +สะสมคะแนนแลกของรางวัล,998.0,534.0,109.0,Bangkok
4614318620,Digestive Care,(1ปุก) ไบโอ ไฟเบอร์ สัปปะรดน้ำผึ้ง Bio Pineapple Honey Fiber,159.0,61.0,10.0,Bangkok
4708403326,Digestive Care,Adalin Fiberry PLUS+ อดาลิน ไฟเบอรี่ พลัส ไฟเบอร์ ไฟเบอร์ขับถ่าย ไฟเบอร์ช่วยขับถ่าย ดีท็อก ดีท็อกซ์ Detox ไฟเบอร์ดีท็อกซ์ ลดน้ำหนัก ลดพุง 1 แถม 1,290.0,80.0,12.0,Bangkok
4690868592,Digestive Care,ชุดอาหารเสริม ระบบขับถ่าย ริดสีดวง สารสกัดจากใบบัวบก และ ไฟเบอร์ GOTURA C-E & FIBERINE,180.0,,,Chanthaburi
4204386807,Digestive Care,ไฟเบอร์ ไฟเบอลีน  วิตามินผัก กิฟฟารีน,180.0,7.0,3.0,Bangkok
3302774780,Digestive Care,Fara S #ฟาร่าเอส #ดีท็อกซ์ (1 กล่อง 10 ซอง) รสพั้นซ์ อร่อยทานง่าย ไม่ปวดบิด,142.0,753.0,95.0,Bangkok
3922285762,Digestive Care,"Natural Factors, Lactase Enzyme, 9,000 FCC ALU, 60 Capsules",650.0,278.0,27.0,Bangkok
4319052802,Digestive Care,ไฟเบอร์ ไฟเบอรีน กิฟฟารีน Giffarine Fiberine,192.0,,3.0,Chumphon
4108853014,Digestive Care,✅หมดอายุ 03/2024✅📍1 กล่อง x 14 ซอง📍พร้อมส่ง Room Fiberry ของแท้ 100%,225.0,141.0,12.0,Chanthaburi
674830094,Digestive Care,*1แถม1* ไอเม่ ดาวน์โหลด อาหารเสริมดีท็อกซ์ รสมิกซ์เบอร์รี่ 5 ซอง (2 กล่อง),258.0,313.0,51.0,Bangkok
4680741216,Digestive Care,Lukpad Detox Clean Detox(แพค10ซอง)คลีนดีท็อกซ์ สมุนไพรล้างลำไส้ดูแลรูปร่าง ลูกปัด ดีท็อกซ์,220.0,,,Pattani
4361869223,Digestive Care,ไฟเบอร์ ไฟเบอรีน กิฟฟารีน Giffarine Fiberine ผลิตภัณฑ์เสริมอาหารใยอาหารชนิดเม็ด ขับถ่าย ควบคุมน้ำหนัก,180.0,,1.0,Bangkok
4664291298,Digestive Care,ส่งฟรี OVO DTX  โอโว่ ดีทีเอ็กซ์ Slim  คู่หูสบายพุง  เซตทดลอง  แถมแก้วเชค  ของแท้ ฟิตหุ่นปังอวดหุ่นสวย อาหารเสริม ใยอาหารสูง  ovo dtx ไฟเบอร์ ช่วยระบบขับถ่าย ท้องผูก ดีท๊อกลำไส้  ไฟเบอร์ขับถ่าย ถูกชัวร์,200.0,,,Nonthaburi
4141352452,Digestive Care,fara s detox ฟาร่าเอส ดีท็อกซ์ ฟรีของแถม ส่งทุกวัน 1 กล่อง 10 ซอง,155.0,107.0,20.0,Pattani
3994133915,Digestive Care,ผลิตภัณฑ์เสริมอาหาร (PRE BIO พรีไบโอ วีมิน) ไบโอ WEMIN BIO (ตราวิษามิน) ขนาด 1 ห่อใหญ่ (ปริมาณ 60 ซอง ×5 กรัม) รวม 300 กรัม,159.0,114.0,29.0,Bangkok
4144259912,Digestive Care,The Na Proterest วิตามินลดกรดเม็ดฟ้า 1 กล่อง 10 แคปซูล แก้กรดไหลย้อน ลดแสบร้อนกลางอก แน่นท้อง ช่วยย่อยอาหาร ดูดโซเดียม ลดการบวม ขับถ่ายง่าย,490.0,,,Chiang Mai
3011728237,Digestive Care,FOS Fiber by pam ไฟเบอร์ ไฟเบอร์แก้ท้องผูก ไฟเบอร์ช่วยขับถ่าย พรีไบโอติก Prebiotic อาหารเสริมแก้ท้องผูก อาหารเสริมช่วยการขับถ่าย สำหรับเด็ก 1,250.0,768.0,151.0,Bangkok
4659282667,Digestive Care,"ผลิตภัณฑ์อาหารเสริม ฮันนี่ คิว สลิม HONEY Q Slim (10 แคปซูล/กล่อง) , ฮันนี่ คิว ไฟเบอร์ HONEY Q Fiber (7 ซอง/กล่อง)",229.0,118.0,16.0,Bangkok
4660316362,Digestive Care,ของแท้!! Deproud Bio Fiber Pineapple Honey Flavour ดีพราว ไบโอ ไฟเบอร์ สัปปะรดผสมกลูต้า (บรรจุ 250 กรัม),158.0,214.0,68.0,Chaiyaphum
2596980140,Digestive Care,💥ส่งฟรี! ส่งไว รับสินค้า 1-2 วัน💥 ขมิ้นชันชนิดแคปซูล บรรเทาอาการ ปวด จุก เสียด แน่นท้อง ท้องอืด ท้องเฟ้อ (60 แคปซูล),179.0,33.0,11.0,Saraburi
1903538670,Digestive Care,FUMINO ฟูมิโน่ ดีท็อกซ์ ถ่ายแข็ง ฟูมิโนช่วยได้ ของแท้!!!  บรรจุ กล่องละ 10 ซอง,91.0,,5624.0,Bangkok
4715757382,Digestive Care,ส่งฟรี ผลิตภัณฑ์เสริมอาหาร ใยอาหาร (อินนูลิน) ผสมผักผลไม้รวม และวิตามินซี ชนิดผง  อัดแน่นด้วย อินนูลินจากชิคอรี จากประเทศเนเธอร์แลนด์,270.0,,,Bangkok
2388585519,Digestive Care,Aloe Vera Gel Forever น้ำว่านหางจระเข้ ฟอร์เอเวอร์ อะโรเวร่า ขนาด 1000 ml. ของแท้ 100%,560.0,1270.0,118.0,Songkhla
2392644852,Digestive Care,💥1Free1 💥 ime' Download Mixed Berries Flavor ดีท็อกซ์ ช่วยให้การขับถ่ายสะดวกขึ้น  กล่องละ 5 ซอง,258.0,362.0,60.0,Bangkok
2827011404,Digestive Care,โฉมใหม่ปี2023ซื้อ 3 แถม3 !!! Venista Detox เวนิสต้า (ขนาด 30 เม็ด) ดีท็อกซ์,270.0,427.0,63.0,Pathum Thani
4715708872,Digestive Care,ส่งฟรี กิฟฟารีน โพรไบโอติก 10 พลัส มีจุลินทรีย์โพรไบโอติกถึง 10 สายพันธุ์ เหนื่อยง่าย การขับถ่าย ช่วยดูแลลำใส้,220.0,,1.0,Bangkok
4782729213,Digestive Care,1แถม1 นิโกะเอส Niko S ผงบุกนิโกะ เอส รสลิ้นจี่ ขับถ่ายง่าย ไม่ปวดบิด บรรจุ 5 ซอง 200.-บาท,400.0,121.0,1.0,Bangkok
4796485819,Digestive Care,Orange Jelly Fiber ส้ม เจลลี่ ไฟเบอร์ ปนันชิตา เจลลี่ไฟเบอร์ส้ม [7 ซอง/กล่อง] [1 กล่อง],298.0,,,Pathum Thani
4789625390,Digestive Care,เซท 3 กล่อง ปรับระบบขับถ่าย ด้วย สูตรใหม่ PER BIOTIC เพอไบโอติก ลดกรด ช่วยย่อย ปรับสมดุลลำไส้,1459.0,,,Phayao
4789216989,Digestive Care,สูตรใหม! Lishou Fiber Plusไฟเบอร์ แอปเปิ้ล🍏 อาหารเสริม คุมน้ำหนัก ขับถ่ายง่าย บรรจุ10ซอง✨,98.0,,,Nakhon Phanom
4786600934,Digestive Care,🍧 พร้อมส่ง 🍧Lacto Fit Prebiotic Probiotic Detox แลคโตฟิต ปรับสมดุลลำไส้,429.0,,,Samut Prakan
4786048097,Digestive Care,[3 ซอง] HandyHerb Fiber Flow แฮนดี้เฮิร์บ ไฟเบอร์ โฟลว์ [4 ชิ้น] กลิ่นแอปเปิ้ลเขียว เยลลี่ไฟเบอร์,87.0,,,Pathum Thani
4784924796,Digestive Care,Nature Dream Live Lactobacillus 19 โพรไบโอติกส์,165.0,,,Bangkok
4788850823,Digestive Care,S Fiber เอส ไฟเบอร์ (ดีท็อกผัก สารสกัดพรีเมียม ช่วยปรับระบบขับถ่าย),180.0,,,Sukhothai
4784661030,Digestive Care,ดีท็อกซ์ ของแท้ พร้อมส่ง,69.0,,,Phuket
4784518851,Digestive Care,(ราคาต่อซอง) โซเอ้ แอปเปิ้ลไซเดอร์ เวนิก้า ZOE FIBER APPLE CIDER VINEGAR 50g.,119.0,,,Bangkok
1903538670,Digestive Care,FUMINO ฟูมิโน่ ดีท็อกซ์ ถ่ายแข็ง ฟูมิโนช่วยได้ ของแท้!!!  บรรจุ กล่องละ 10 ซอง,91.0,,5625.0,Bangkok
4804020019,Whitening,NOW FOODS   50 mg 100 mg 200 mg 5 HTP ครบทุกแบบ ช่วยให้หลับสบาย ของแท้ พร้อมส่ง,819.0,,,Nonthaburi
4803054083,Whitening,BELL LERINE กลูต้าเบลล์ เลอรีน วิตซีสูตรคุณหมอ กลูต้านางฟ้า 1 แถม1 (มีขายแยก 1 กระปุก) 🍅 แท้100%,80.0,,,Ubon Ratchathani
4800133319,Whitening,[ อย่างละ 1 ห่อ]Brink College ซี บริ้งค์ คอลลาเจน กับ Akane lyco blinkอากาเนะ ไลโคบริ้ง✨,690.0,,1.0,Bangkok
4800069824,Whitening,[ อย่างละ 1 ห่อ ]C Brink College ซี บริ้งค์ คอลลาเจน ผิวกระจ่างใสมีออร่า กับ อากาเนะ ไลโคบริ๊ง 🍓 Akane lyco Brink 🍅,690.0,,,Bangkok
4800058765,Whitening,[ 1 ห่อ ]C Brink College ซี บริ้งค์ คอลลาเจน ผิวกระจ่างใสมีออร่า,390.0,,1.0,Bangkok
4798977104,Whitening,⚡️พร้อมส่งจ้า⚡️C-Brink Collagen ซีบริ้งคอลลาเจน 🍓🍊,390.0,,1.0,Bangkok
4798855380,Whitening,ผิวกระจ่างใส ออร่า  อากาเนะ ไลโคบริ้ง,350.0,,,Phetchaburi
4798228005,Whitening,อากาเนะ ไลโคบริ้ง Akane lyco Brink 🍅 มีแบ่งขาย 10 ซอง ผงชงกลูต้ามะเขือเทศ ของแท้100%,130.0,,,Ubon Ratchathani
4798117326,Whitening,อากาเนะ ไลโคบริ้ง Akane lyco Brink 🍅 มีแบ่งขาย 10 ซอง ผงชงกลูต้ามะเขือเทศ ของแท้100%,130.0,,,Ubon Ratchathani
4795306641,Whitening,โปรพิเศษ 1แถม1 Serine gluta grape seed กลูต้า เกรปซี้ด ผิวใส ลด ฝ้ากระ จุดด่างดำ,290.0,,1.0,Samut Prakan
4794350656,Whitening,โซคิวกลูต้าของแท้ 100% 3ชิ้นถูกกว่า!,250.0,,1.0,Bangkok
4793710740,Whitening,Gluta Complex 1000 (กลูต้า พลัส สารสกัดส้มสีแดง),790.0,,,Nong Khai
4792298458,Whitening,"[PAYDAY] Bloss Jeli Booster แพ็คคู่ กล่องใหญ่+กล่องเล็ก ราคาเพียง 1,289 บาท เท่านั้น!!",2340.0,,,Bangkok
4790901438,Whitening,COMEX L- GIutathione Plus Gluta plus  กลูต้า พลัส แอล-กลูตาไธโอน กลูต้าผิวขาว ผิวใส แอล-ซิสเทอีน ไกลซีน 30 Capsules.,99.0,,,Chaiyaphum
4790837837,Whitening,CW brand ผิวขาว พี่ฝน ฝนดอกไม้,360.0,,,Bangkok
4790489262,Whitening,Akane lyco Brink อากาเนะ ไลโคบริ้ง ของแท้100% ส่งไว😍30ซองผงชงกลูต้ามะเขือเทศรสสตอเบอรี่ตัวดัง,385.0,,,Pathum Thani
4789896713,Whitening,"**แท้100%**Vita Plus Collagen Peptide & Vit C 13,050 mg วีต้าพลัส ผิวใส ไร้สิว(ตัวดังพิมรี่พาย) รูขุมขนเล็กลงอย่างเห็นได้ชัด ผิวเนียนนุ่มสุขภาพดีรีวิวเยอะมาก",199.0,,,Bangkok
4789551997,Whitening,วิตามินลดฝ้า จุดด่างดำ ลดฝ้าหน้าใส M4 แบรนด์ My Pharma [1 แถม 4] จัดส่งฟรี,1690.0,,,Chonburi
4787625184,Whitening,"MAX GLUTA-L (แม็กซ์ กลูต้า-แอล) 1,000 mg สูตรเข้มข้น กลูต้า เร่งผิวสว่างใสขึ้น 2 เท่า บำรุงสุขภาพดีขึ้น ปริมาณ 30 แคปซูล/กระปุก",550.0,,,Samut Prakan
4787506613,Whitening,กลูต้าไธโอน Glutathione กลูต้า บำรุงผิว ผิวขาว สูตรเข้มข้น2000mg 1ขวด 60แคปซูล,560.0,,,Samut Prakan
4787039314,Whitening,🎌 DHC Platinum Nano บำรุงผิวข่วกระจ่างใส ป้องกันUV ของแท้จากญี่ปุ่น 白金ナノコロイド,299.0,,1.0,Bangkok
4786777699,Whitening,🎌 DHC Collagen คอลลาเจน บำรุงผิว เล็บ รากผม ของแท้จากญี่ปุ่น コラーゲン,399.0,,,Bangkok
4786461730,Whitening,DW Collarose Cherry Collagen คอลลาโรส คอลลาเจน ดีดับบลิว 1 กระปุกมี 60 แคปซูล ของแท้100%,790.0,,,Pathum Thani
4785948725,Whitening,กลูต้าวีวี่ วีวี่ โซล กลูต้าผิวขาว VEVY ZOL GLUTA MAX,189.0,,,Bangkok
4785187230,Whitening,Vaiva Pichbe by Pichlook วิตามินสูตรเกาหลี ไวว่า พิชลุค พิชบี Vaiva วิตามินผิว วิตามินคุมหิว,595.0,20.0,1.0,Samut Prakan
4785143423,Whitening,อากาเนะ ไลโค บริ้ง Akane Lyco Brink เสกผิวใส ลดสิว ผิวขาวภายใน 7 วัน,350.0,,,Bangkok
4784948106,Whitening,กลูต้า PER GLUTA PLUS,1290.0,,,Ratchaburi
4784617490,Whitening,Reejunna รีจูนน่า กลูต้าเม็ดเคี้ยว รีจูน่าปรับผิวขาว กระจ่างใส ลดสิว ผิวชุ่มชื่น อาหารเสริม ลดรอยดำ ผิวขาว,69.0,,,Pathum Thani
4784241645,Whitening,[ X6 ขวด  ] พิ้งค์ กลูต้า คอลลาเจน (ขนาด 100 มล.),120.0,,,Bangkok
4783721236,Whitening,อากาเนะ ไลโคบริ้ง,390.0,,,Phetchaburi
4783564882,Whitening,[🌷ส่งฟรี] นิโกะกลูต้า กลูต้า นิโกะ ✨1 แถม1 NIKO Gluta กลูต้าผิวขาว,290.0,,,Nonthaburi
4782524737,Whitening,อากาเนะ ไลโค บริ้ง Akane Lyco Brink เสกผิวใส ลดสิว ผิวขาวภายใน 7 วัน,350.0,,,Bangkok
4782046455,Whitening,Gluta Collagen Acerola Cherry 30caps วิตามินซีสูง ผิวสว่าง กระจ่างใส,299.0,,,Nonthaburi
4781841814,Whitening,(1แถม2) NIKO Gluta นิโกะ กลูต้า คลอลาเจน ลดสิว ฝ้ากระ ผิวกระจ่างใส ปริมาณ 30 แคปซูล,265.0,,,Bangkok
4781268263,Whitening,แพ็คคู่ 2 กระปุก Dary vit Gluta One + Dary Vit Vitamin C Complex อาหารเสริม สารสกัดจากแอล กลูตาไธโอนและวิตามินซี 30 แคปซูล/กระปุก,159.0,,1.0,Bangkok
4781257371,Whitening,Yoo Glow Shot Vitamin,20.0,,,Bangkok
4781189652,Whitening,Yoo Glow Shot Vitamin,20.0,,,Bangkok
4781175622,Whitening,Yoo Glow Shot Vitamin,20.0,,,Bangkok
4780890732,Whitening,แพ็คคู่ 2 กระปุก Dary vit Gluta One ดารี่ วิต กลูต้า วัน อาหารเสริมบำรุงผิวพรรณ สารสกัด แอล กลูตาไธโอน 30 แคปซูล/กระปุก,169.0,,,Bangkok
4780533103,Whitening,คอลลาเจน ชงขาวมะเขือเทศ โทเมทอล Tomatal มะเขือเทศ3สี ผงชงขาว 🍅,86.0,,,Ubon Ratchathani
4804020019,Whitening,NOW FOODS   50 mg 100 mg 200 mg 5 HTP ครบทุกแบบ ช่วยให้หลับสบาย ของแท้ พร้อมส่ง,279.0,,,Nonthaburi
4792363668,Whitening,ผลิตภัณฑ์เสริมอาหาร กลูต้า กลูต้าแมกซ์ กลูตาอโมนิ L Gluta  ขาวใส อย่างเป็น ธรรมชาติ,825.0,,,Bangkok
4786777699,Whitening,🎌 DHC Collagen คอลลาเจน บำรุงผิว เล็บ รากผม ของแท้จากญี่ปุ่น コラーゲン,199.0,,,Bangkok
1153182538,Whitening,คูมิโกะ คอลลาเจน Rose Placenta Extract เป็นส่วนผสมสำคัญอีกหนึ่งตัวที่น่าสนใจของ KUMIKO Collagen Premium,185.0,748.0,72.0,Pathum Thani
4439329639,Whitening,TOMATAL ชงขาวมะเขือเทศ น้ำชงมะเขือเทศ 3 สี  ผงชงมะเขือเทศเข้มข้น(1กป ),82.0,5149.0,628.0,Bangkok
2434527535,Whitening,Somin Vita Collagen โซมิน ไวต้า วิตามินผิว 1 กระปุก มี 30 เม็ด / ของแท้,199.0,1007.0,156.0,Pathum Thani
4584952721,Whitening,(1แถม1) กลูต้า เบลล์ เลอรีน Bell Lerine,165.0,75.0,22.0,Bangkok
4605049897,Whitening,(1แถม1) กลูต้า เบลล์ เลอรีน Bell Lerine,155.0,1284.0,265.0,Bangkok
3825738694,Whitening,[ส่งฟรี! พร้อมส่ง] GP Gluta Plus กลูต้าพลัส  สารสกัดจากส้มแดง  1 แถม 1 (120 แคปซูล),309.0,489.0,136.0,Saraburi
4246905497,Whitening,โฉมใหม่🔥 1แถม1🔥(จำนวน 2 กระปุก รวม 60 เม็ด ) กลูต้า บึทีโอ  BTO Gluta อาหารผิว,179.0,2342.0,416.0,Nonthaburi
4613957642,Whitening,BTO กลูต้า 1 กระปุก30 เม็ด กลูต้าBTO,99.0,868.0,105.0,Pathum Thani
4748627070,Whitening,[2 กระปุก] BTO L Glutathione บีทีโอ แอล กลูต้าไธโอน [30 แคปซูล] กลูต้า บำรุงผิว เข้มข้น,158.0,32.0,6.0,Pathum Thani
4369291863,Whitening,ซื้อ 1 แถม 1 BTO กลูต้า 1 กระปุก 30 เม็ด กลูต้าBTO Vitamin C คอลลาเจน ของแท้,179.0,7709.0,1447.0,Samut Prakan
3796469552,Whitening,ไมย่าMiyaสูตรใหม่‼️เอมิย่ากลูต้าAmiya gluta วิตามินบำรุงผิวกระจ่างใส อาหารเสริมคอลลาเจนบำรุงผิว,145.0,90.0,9.0,Nakhon Sawan
4585197217,Whitening,กลูต้าเบลล์ เลอรีน Bell lerine ( 1 แถม  1 ),165.0,2748.0,604.0,Bangkok
4708486917,Whitening,กลูต้าชาร์มา.ซื้อ1 แถม1 โล้ะสต้อค gluta chamar ลดสิวผิวใส (2กป),124.0,210.0,50.0,Bangkok
2132986598,Whitening,ไซโกโน๊ะ คอลลาเจน Saikono Collagen ไซโกโนะ คอลลาเจน,199.0,9492.0,991.0,Pathum Thani
4650947081,Whitening,Boom Gluta Shots บูม กลูต้าช๊อตส์ 1 กล่อง,195.0,16.0,3.0,Samut Prakan
4586400137,Whitening,Boom Gluta Shots บูม กลูต้าชอต ( 1 กล่อว 15 ซอง )( หมดอายุ 3/2024 ขึ้นไป ),189.0,152.0,14.0,Samut Prakan
3121974075,Whitening,NBL Gluta Marine Collagen Lycopene Complex 30 Capsules ส่งฟรี!!!!,250.0,54.0,21.0,Bangkok
4581966991,Whitening,1แถม1‼️เบลล์เลอรีน กลูต้าเบลเลอรีน Bell lerine 🍅 เบลเลอรีน กลูต้าเบลล์ วิตามินสูตรคุณหมอ 1 แคปซูล=มะเขือเทศ 30ลูก,169.0,,1.0,Bangkok
3587027227,Whitening,คอลลาเจน ผัก Veggie Collagen Powder คอลลาเจนผัก ผิวสวย คุมหิว อิ่มนาน บรรจุ 200 กรัม,148.0,7060.0,962.0,Bangkok
1944984810,Whitening,วิตามินเร่งขาวเทาทองตัวแรงคลีนิก  500mg.  15เม็ด,250.0,85.0,7.0,Suphan Buri
2774369494,Whitening,แท้ สูตรใหม่🍅 กลูต้าอาโมนิ 30 เม็ด กระปุกแดง พร้อมส่ง🍅🍅,119.0,875.0,90.0,Bangkok
4336069234,Whitening,Puiinun Maemi Gluta ปุยนุ่น มาเอมิ กลูต้า [30 เม็ด] กลูต้าเม็ดเคี้ยว,159.0,222.0,37.0,Pathum Thani
4660093442,Whitening,ของแท้ อารยาคอลลาเจน ARAYA COLLAGEN คอลลาเจนราสเบอรี่ คอลลาเจน 1กล่อง10 ซอง,159.0,74.0,25.0,Pattani
4593349540,Whitening,"1  กระปุก AliGen Collagen อลิเจน คอลลาเจนเพียว ไตรเปปไทด์ ชนิดเม็ด 60,000mg. 60 เม็ด",99.0,132.0,23.0,Bangkok
4024016949,Whitening,Somin Vita โซมิน ไวต้า อาหารเสริมบำรุงผิว 30 เม็ด.,195.0,115.0,9.0,Bangkok
297428115,Whitening,แพคคู่ Amoni C Rosehip Plus อาโมนิ ซี โรสฮิป พลัส (30 เม็ด x 1 กระปุก) + L Gluta Armoni แอล กลูต้า อาโมนิ (30 เม็ด x 1 กระปุก) อาหารเสริม,249.0,,3069.0,Pathum Thani
1702504398,Whitening,"(แบบกระปุก) Asahi Dear Natura Vitamin C 1000mg 120 เม็ด พร้อม B2, B6 ช่วยบำรุงผิว",185.0,164.0,21.0,Bangkok
4747526318,Whitening,พร้อมส่ง กลูต้า BTO ของแท้ ราคาต่อกระปุก,79.0,15.0,1.0,Pathum Thani
2872723186,Whitening,🔥 ส่งฟรี! ส่งไว 🔥 GP Gluta Plus กลูต้า สารสกัดจากส้มแดง  1 แถม 1 (120 แคปซูล),309.0,2039.0,550.0,Saraburi
4607056904,Whitening,(1แถม1) กลูต้า เบลล์ เลอรีน Bell Lerine,155.0,227.0,33.0,Bangkok
4415021021,Whitening,กลูต้าไอริน่า วิตามินผิวขาวใส แบบเร่งด่วน เห็นผลไว Gluta irina,700.0,20.0,6.0,Samut Prakan
2735688076,Whitening,Vistra Gluta Complex 800 Plus Rice Extract วิสทร้า กลูต้า คอมเพลกซ์ 800 พลัส ไรส์ เอ็กแทร็ค [30 เม็ด] [1 กระปุก],419.0,24.0,2.0,Nonthaburi
4698521331,Whitening,((1 แถม 1)) TOMATAL + กลูต้าเบลเลอรีน น้ำชงมะเขือเทศ 3 สี ผงชงขาว ผงชงขาวมะเขือเทศ 50 g + BELL LERINE GLUTA กลูต้าเบล กลูต้าเบลล์เลอรีน เบลล์ ซันนี่ วิตามินสูตรคุณหมอ ชะลอวัย ดูดซึมไว,199.0,,,Nong Bua Lamphu
3073978763,Whitening,Somin Vita Collagen โซมิน ไวต้า ( 1 กระปุก มี 30 เม็ด / ของแท้),195.0,782.0,71.0,Bangkok
4663771651,Whitening,Reejunna รีจูนน่า กลูต้าเม็ดเคี้ยว กลูต้าอุ้ม 20เม็ด ได้ 2 กระปุก ซื้อ 1 แถม 1,149.0,,,Pathum Thani
300138094,Whitening,Collagen plus Gold Princess (คอลลาเจน พลัส บรรจุ 40 เม็ด),139.0,,10746.0,Samut Prakan
2017012525,Whitening,แอลกลูต้าarmoni อาโมนิ Shining [1 กระปุก/30 เม็ด] อาหารเสริมเพื่อผิวสวย L-Gluta แอลกลูต้าไธโอน,129.0,2050.0,301.0,Nonthaburi
2151188155,Whitening,((1000mg)) Vistra Gluta Complex กลูต้า บำรุงผิว ผิวขาว,467.0,910.0,144.0,Pathum Thani
4729922370,Whitening,Malinest gluta มารีเนสกลูต้ารังนก  ( 1 ซอง),68.73,1100.0,146.0,Bangkok
2700311074,Whitening,JOJU Collagen โจจูคอลลาเจน,170.0,14.0,,Bangkok
4415021021,Whitening,กลูต้าไอริน่า วิตามินผิวขาวใส แบบเร่งด่วน เห็นผลไว Gluta irina,250.0,20.0,6.0,Samut Prakan
4802871437,Herbs & Traditional Medicine,^_^ 30 ผลิตภัณฑ์สมุนไฟรขายทั่วไป ยาหอมฤาษีทรงม้า กล่องใหญ่พิเศษ ขนาดใหญ่ 30 G,53.0,,,Ang Thong
4802496906,Herbs & Traditional Medicine,ยาน้ำ ขับลม ตราคีมเหล็ก ขวดใหญ่ 450cc,85.0,,,Nonthaburi
4802330976,Herbs & Traditional Medicine,ยาเม็ดลี้บ้วนซัว ตราตกเบ็ด,35.0,,,Bangkok
4801393394,Herbs & Traditional Medicine,ဝုန်းဝမ်း မဟာဖြေဆေး - Myanmar Medicine,22.0,,,Bangkok
4800267248,Herbs & Traditional Medicine,บูการิน,175.0,,,Songkhla
4799154814,Herbs & Traditional Medicine,สมุนไพรพื้นบ้านจินดามณี ซองสีขาว,42.0,36.0,,Loei
4799054982,Herbs & Traditional Medicine,กษัยเส้น ตราเด็กในพานทอง กษัยเส้น กษัยลม ของแท้ ส่งไว,35.0,,,Surat Thani
4798030855,Herbs & Traditional Medicine,SN9 เอสเอ็น9 ของแท้ ส่งฟรี!! ปวดเข่า ปวดขา ปวดเมื่อย สมุนไพรคลายเส้น Sn9 1 กระปุก บรรจุ 30 เม็ด ทานวันล่ะ 1-2 เม็ด,390.0,,,Si Sa Ket
4797665058,Herbs & Traditional Medicine,[1 กล่อง][10 ซอง] Minherb มินเฮิร์บ ใบย่านางแดง สมุนไพรแก้กรดไหลย้อน สมุนไพรกรดไหลย้อน สมุนไพรบรรเทากรดไหลย้อน รักษากรดไหลย้อน จุกแน่นเฟ้อ,89.0,,,Bangkok
4797375269,Herbs & Traditional Medicine,[1 กล่อง][10 ซอง] สมุนไพรแก้กรดไหลย้อน สมุนไพรกรดไหลย้อน Minherb มินเฮิร์บ ใบย่านางแดง สมุนไพรบรรเทากรดไหลย้อน รักษากรดไหลย้อน จุกแน่นเฟ้อ,89.0,,,Bangkok
4797067716,Herbs & Traditional Medicine,ตรีผลา 100 แคปซูล กรุงเทพทิพโอสถ ล้างพิษ ปรับสมดุล ช่วยย่อย,200.0,,,Bangkok
4797023826,Herbs & Traditional Medicine,แก้ปวดเมื่อย แคปซูล กรุงเทพทิพโอสถ,650.0,,,Bangkok
4796627025,Herbs & Traditional Medicine,เถาวัลย์เปรียงแคปซูล สมุนไพรแก้ปวดข้อ ปวดเข่า ปวดหลัง ปวดเอว ปวดเมื่อย ข้ออักเสบ เข่าเสื่อม เก้าท์ เส้นยึด เส้นตึง 60 แคปซูล 2 กระปุก,380.0,,,Bangkok
4796373383,Herbs & Traditional Medicine,สมุนไพรคาวตองยศสุนทร🍀สูตรหมักออแกนิคเข้มข้น,1200.0,,,Pathum Thani
4795710484,Herbs & Traditional Medicine,ธาตุน้ำขาว ตรากระต่ายบิน (ยาสามัญประจำบ้าน),25.0,,,Bangkok
4795228021,Herbs & Traditional Medicine,ยินตัน เม็ดสีเงิน 1 ซอง (150 เม็ด),18.0,6.0,1.0,Bangkok
4793761390,Herbs & Traditional Medicine,ยาอมสมุนไพรอ้วยอันโอสถ ตรามังกรทอง,11.0,10.0,3.0,Bangkok
4793743517,Herbs & Traditional Medicine,ยินตัน เม็ดสีเงิน 150 เม็ด,18.0,32.0,1.0,Bangkok
4793691423,Herbs & Traditional Medicine,สมุนไพรพื้นบ้านจินดามณี,43.0,,,Loei
4793505474,Herbs & Traditional Medicine,อ้วยอันเถาเอ็นอ่อน 100 แคปซูล,160.0,,,Samut Prakan
4793243235,Herbs & Traditional Medicine,FITNE Herbal Tea ฟิตเน่ ชาชงสมุนไพร กลิ่นดั้งเดิม (10ซอง/20ซอง/40ซอง) ผลิตภัณฑ์จำหน่ายทั่วไป 1ถุง,47.0,,,Bangkok
4791262754,Herbs & Traditional Medicine,ยาอุทัยทิพย์หมอมี สูตร 2 (ปริมาณ60มล.),39.0,39.0,4.0,Pathum Thani
4791127060,Herbs & Traditional Medicine,เวาะกานิง สมุนไพร กระชับ ขับคาวปลาออก ภายในผู้หญิง (50เม็ด),200.0,,,Pattani
4790987360,Herbs & Traditional Medicine,จินดามณี 10ซอง 419บาท,409.0,,,Loei
4790205939,Herbs & Traditional Medicine,ของแท้ พร้อมส่ง เซตทดลอง  MMC วิตามินบรรเทาริดสีดวง  (30 แคปซูล/กระปุก)  ออร์แกนิก ผู้ใหญ,97.0,,,Nonthaburi
4790030829,Herbs & Traditional Medicine,ของแท้ พร้อมส่ง เซตทดลอง  MMC วิตามินบรรเทาริดสีดวง  (30 แคปซูล/กระปุก) ใช้บรรเทาริดสีดวง ออร์แกนิก ผู้ใหญ,97.0,,1.0,Nonthaburi
4787656302,Herbs & Traditional Medicine,Montalin มอนตาลิน สมุนไพร (ของแท้💯%) แดงล้วน นำเข้าเองขายเอง ไม่แท้ยินดีคืนเงิน,199.0,12.0,,Bangkok
4786154909,Herbs & Traditional Medicine,จินดามณี 10ซอง 409บาท,409.0,,1.0,Loei
4785864260,Herbs & Traditional Medicine,[ยกแพ็ค 6 ขวด] ยาธาตุน้ำแดง ยาธาตุ 4 ตรากิเลน 180 มล. [ยาสามัญประจำบ้าน],210.0,,,Chumphon
4785248109,Herbs & Traditional Medicine,สมุนไพรพื้นบ้านจินดามณี (ซองสีขาว),40.0,10.0,1.0,Loei
4785119453,Herbs & Traditional Medicine,สมุนไพรพื้นบ้าน จินดามณี (ซองสีขาว),43.0,35.0,4.0,Loei
4784979346,Herbs & Traditional Medicine,จิ่วเจิ้งปู่เซินเจียวหนัง 6 Capsules ยาสามัญประจำบ้าน,249.0,,,Khon Kaen
4784922443,Herbs & Traditional Medicine,สมุนไพรพื้นบ้านจินดามณี (ซองสีเหลือง),43.0,59.0,1.0,Loei
4784814261,Herbs & Traditional Medicine,สมุนไพรจินดามณี(ซองขาว),42.0,75.0,5.0,Loei
4784811172,Herbs & Traditional Medicine,สมุนไพนสูตรโบราณจินดามณี(ซองขาว),42.0,15.0,,Loei
4784802175,Herbs & Traditional Medicine,สมุนไพรสูตรโบราณจินดามณี(ซองเหลือง),42.0,5.0,,Loei
4784778381,Herbs & Traditional Medicine,สมุนไพรจินดามณี(ซองเหลือง),42.0,18.0,,Loei
4784760673,Herbs & Traditional Medicine,สมุนไพรสูตรโบราณจินดามณี(ซองขาว),42.0,83.0,7.0,Loei
4784751608,Herbs & Traditional Medicine,สมุนไพรจินดามณี(ซองขาว),42.0,25.0,,Loei
4784714753,Herbs & Traditional Medicine,สมุนไพรจินดามณี(ซองเหลือง),42.0,59.0,7.0,Loei
4315079261,Herbs & Traditional Medicine,ยาอมแก้ไอผสมมะขามป้อม ยาสามัญประจำบ้าน (40 เม็ด/ซอง) มี2สูตร,9.9,1745.0,84.0,Bangkok
4630132940,Herbs & Traditional Medicine,PATANJALI PACHAK AJWAIN (WITH ALOE VERA),80.0,,,Bangkok
3405405975,Herbs & Traditional Medicine,💦ส่งฟรี ยาดมกิฟฟารีน ยาดมสมุนไพร ยาแผนโบราณ ยาสามัญประจำบ้าน ไพรธรรมชาติ บรรเทาอาการวิงเวียนศีรษะ,42.0,68.0,15.0,Samut Prakan
4401695314,Herbs & Traditional Medicine,(ไผ่เงิน)ธาตุบรรจบ เเก้ท้องอืด ท้องเฟ้อ ธาตุไม่ปกติ ขนาด100เเคปซูล,189.0,105.0,25.0,Bangkok
4304813510,Herbs & Traditional Medicine,แคปซูลขมิ้นชัน อภัยภูเบศร 60 แคปซูล (ยาสามัญประจำบ้าน),80.0,82.0,16.0,Bangkok
2246414095,Herbs & Traditional Medicine,อภัยภูเบศร แคปซูลขมิ้นชัน (60 แคปซูล),69.0,2567.0,390.0,Bangkok
2486233645,Herbs & Traditional Medicine,ขมิ้นชัน 60แคปซูล,58.0,5171.0,544.0,Udon Thani
2937292452,Herbs & Traditional Medicine,สมุนไพรไทยเฮิร์บ ไทยเฮิร์บ ชาสมุนไพรไทยเฮิร์บ ชาไทยเฮิร์บ,70.0,2011.0,76.0,Chanthaburi
3451499993,Herbs & Traditional Medicine,สเปรย์ ตราตะขาบ 5ตัว,90.0,763.0,132.0,Udon Thani
2667609024,Herbs & Traditional Medicine,กล้วยดิบ ลูกกลอน (ปฐมอโศก) 190 เม็ดๆละ 400 มก.,69.0,236.0,33.0,Bangkok
4539221763,Herbs & Traditional Medicine,(ของแท้) (กล่องเล็ก 120 เม็ด) สมุนไพรกษัยเส้น ตรา สมเจตน์ บรรเทาอาการปวดเมื่อย เหน็บชา,200.0,80.0,10.0,Bangkok
2518315465,Herbs & Traditional Medicine,อภัยภูเบศร อภัย-บี กลีบบัวแดง ชนิดแคปซูล ผลิตภัณฑ์สมุนไพรจำหน่ายได้ทั่วไป  (1กล่อง/70 แคปซูล),178.0,1454.0,231.0,Bangkok
2937267417,Herbs & Traditional Medicine,สมุนไพรนิต้าเฮิร์บ (Nita Herb),80.0,72.0,4.0,Chanthaburi
4746063212,Herbs & Traditional Medicine,ยาผงสีเหลืองตราดอกสะแล่ง,100.0,23.0,4.0,Lamphun
4757177571,Herbs & Traditional Medicine,สมุนไพรสูตรโบราณจินดามณี (ซองขาว),41.0,404.0,14.0,Loei
4715661980,Herbs & Traditional Medicine,ยาน้ำตรีผลา ตราทีเอฟดี,65.0,88.0,4.0,Nonthaburi
2718407003,Herbs & Traditional Medicine,ยาประสะเจตพังคี ขนาดบรรจุ 100 แคปซูล 500 มิลลิกรัม/แคปซูล,250.0,374.0,73.0,Bangkok
3903148656,Herbs & Traditional Medicine,มะระขี้นกแคปซูล 100 แคปซูล ผลิตภัณฑ์เสริมอาหาร ตรา นาคญา,63.0,,3065.0,Nonthaburi
2718664453,Herbs & Traditional Medicine,ยาหอมหมอลูกอินทร์ ( ชนิดผง ),120.0,41.0,6.0,Bangkok
3903173853,Herbs & Traditional Medicine,กล้วยดิบแคปซูล 100 แคปซูล ตรา นาคญา 69 บาท,63.0,2223.0,401.0,Nonthaburi
3145107459,Herbs & Traditional Medicine,ปู๋เซิน6เม็ด 1กล่องบรรจุ6เม็ดจากโรงงานของแท้100%,192.0,8536.0,900.0,Bangkok
2425604501,Herbs & Traditional Medicine,ฟ้าทะลายโจร ตราอภัยภูเบศร (60 แคปซูล/กระปุก),69.0,8462.0,850.0,Bangkok
2594845435,Herbs & Traditional Medicine,ขมิ้น ขมิ้นชันแคปซูล 50 แคปซูล ขมิ้นชันแท้  (แพ็ค 2 กล่อง)  ต้อง ขมิ้นชัน กิฟฟารีน ยาสามัญประจำบ้าน giffarine,150.0,11.0,1.0,Nonthaburi
4667174926,Herbs & Traditional Medicine,ยาประสะเจตพังคี อุทัยประสิทธิ์ 100เเคปซูล ของเเท้,249.0,65.0,10.0,Bangkok
4209662535,Herbs & Traditional Medicine,อภัยภูเบศร ขมิ้นชัน 400mg 60แคปซูล,58.0,1275.0,139.0,Udon Thani
4762811234,Herbs & Traditional Medicine,ล้มเบาหวาน มะระสกัดเย็น ไร่ไทย,147.0,108.0,21.0,Samut Prakan
2842352676,Herbs & Traditional Medicine,ฟ้าทะลายโจร อภัยภูเบศร 60แคปซูล มีแอนโดรกราโฟไลท์ 10mg ของแท้,57.0,6029.0,539.0,Udon Thani
4704026126,Herbs & Traditional Medicine,สมุนไพ ร เหลืองขวดแบนสิงห์คำ,85.0,33.0,5.0,Phrae
3148535151,Herbs & Traditional Medicine,กระชายขาวพลัส ตราไตรทิพย๋บรรจุ 60 แคปซูลพร้อมส่ง(มีเรทส่งยกลัง)กระชายขาว ตราไพรทิพย์ กระชายขาวสกัด PRAITHIP WHITE GALING,30.0,32.0,6.0,Bangkok
4397098284,Herbs & Traditional Medicine,มะระขี้นก ปานนะโอสถ 100 แคปซูล (ระวังของเลียนแบบ),120.0,165.0,25.0,Chonburi
4230916628,Herbs & Traditional Medicine,เพชรสังฆาต ตราอภัยภูเบศร (10 แคปซูล /แผง),24.0,993.0,71.0,Bangkok
4761302310,Herbs & Traditional Medicine,สมุนไพรพื้นบ้านจินดามณี (ซองสีเหลือง),43.0,344.0,11.0,Loei
4150742193,Herbs & Traditional Medicine,ยาดมหอมสดชื่น ยาดมแพกคู่ 2 อัน ยาแผงโบราณ ยาดมสมุนไฟร หอมชื่นใจ กิฟฟารีนของแท้ ยาดมกิฟฟารีน แบบมีน้ำด้วย,42.0,69.0,13.0,Bangkok
4201614306,Herbs & Traditional Medicine,"Astragalus (แอสทรากาลัส) สมุนไพรอึ่งคี้/ปักคี้ เสริมคอลลาเจน ดูแลผิวถึงโครโมโซม 1,500mg ขนาด 30 และ 60 แคปซูล",229.0,295.0,79.0,Ubon Ratchathani
4108063500,Herbs & Traditional Medicine,ยาแคปซูลฟ้าทะลายโจร ตราอภัยภูเบศ (ขนาด60 แคปซูล),70.0,414.0,15.0,Pathum Thani
4369766282,Herbs & Traditional Medicine,ฟ้าทะลายโจรสกัด แคปซูลบรรจุ 30 แคปซูล จำนวน 1 ขวด,145.0,73.0,13.0,Samut Sakhon
4201875391,Herbs & Traditional Medicine,Himalaya Abana ความดันสูง ไขมันสูง,75.0,1566.0,326.0,Bangkok
4365432147,Herbs & Traditional Medicine,ของแท้ จากบริษัท สมุนไพรริชชี่พิมพ์พญา โปร1แถม1 สำหรับผู้มีอาการ ริดสีดวง ทุกระยะ,390.0,220.0,59.0,Chiang Mai
3271299547,Herbs & Traditional Medicine,ฟ้าทะลายโจรแคปซูล (คงคา) บรรจุ 100 แคปซูล,80.0,101.0,17.0,Bangkok
4558939406,Herbs & Traditional Medicine,(ของแท้) (กล่องใหญ่ 200 เม็ด) สมุนไพรกษัยเส้น ตรา สมเจตน์ บรรเทาอาการปวดเมื่อย เหน็บชา,300.0,123.0,24.0,Bangkok
4790030829,Herbs & Traditional Medicine,ของแท้ พร้อมส่ง เซตทดลอง  MMC วิตามินบรรเทาริดสีดวง  (30 แคปซูล/กระปุก) ใช้บรรเทาริดสีดวง ออร์แกนิก ผู้ใหญ,287.0,,1.0,Nonthaburi
4787648253,Herbs & Traditional Medicine,Montalin มอนตาลิน สมุนไพร (ของแท้💯%) แดงล้วน นำเข้าเองขายเอง ไม่แท้ยินดีคืนเงิน,195.0,,1.0,Bangkok
4803862748,Nutritional Foods & Drinks,พร้อมส่ง✅ มิลค์ ออฟ แมกนีเซีย Milk of magnesia ยาระบาย ชนิดน้ำ,60.0,,,Sing Buri
4802013062,Nutritional Foods & Drinks,เครื่องดื่มโปรตีนถั่วลันเตาผสมโกโก้เฮเซลนัท (บรรจุ 5 ซอง) Plant Base Protein ไม่มีน้ำตาล Keto Friendly ซองเดอร์ Xongdur,129.0,,,Chanthaburi
4801944494,Nutritional Foods & Drinks,เครื่องดื่มโปรตีนถั่วลันเตา ผสมงาดำแปะก๊วย (บรรจุ 5 ซอง) Plant Based Protein ไม่มีน้ำตาล Keto Friendly ซองเดอร์ Xongdur,129.0,,,Chanthaburi
4800585011,Nutritional Foods & Drinks,🔥โปร 3+1 🔥Ovisure Gold นมวีแกนธัญพืช กระปุกละ 400กรัม,3490.0,,,Bangkok
4799343582,Nutritional Foods & Drinks,Anlene แอนลีน [ โททอล 10 ] ขนาด 800 กรัม **แพ๊ค 2 แถม 1** แถมขนาด 400 กรัม,1420.0,,,Nakhon Pathom
4797914093,Nutritional Foods & Drinks,กลูเซอนา เอสอาร์ขนาด 850 กรัม,1010.0,,,Surat Thani
4797908159,Nutritional Foods & Drinks,Nutri Diabet Gold นมเบาหวาน นมลดเบาหวาน นมสำหรับผู้ป่วยเบาหวาน นมสำหรับคนเป็นเบาหวาน คุมเบาหวาน ลดเบาหวาน คุมน้ำตาล ลดน้ำตาล 400g 3 แถม 1 กระป๋อง,2590.0,,,Bangkok
4797902728,Nutritional Foods & Drinks,Tomatal มะเขือเทศน้ำชงขาว 🍅,99.0,,,Songkhla
4797728637,Nutritional Foods & Drinks,Nutri Diabet Gold นมเบาหวาน นมลดเบาหวาน นมสำหรับผู้ป่วยเบาหวาน นมสำหรับคนเป็นเบาหวาน คุมเบาหวาน ลดเบาหวาน คุมน้ำตาล ลดน้ำตาล 400g 1 กระป๋อง,920.0,,,Bangkok
4797675854,Nutritional Foods & Drinks,Anlene Total 10 แอนลีน โททอล 10 เครื่องดื่มนม กลิ่นวานิลลา 400กรัม / 800 กรัม,415.0,,,Samut Prakan
4797644924,Nutritional Foods & Drinks,Nutri Diabet Gold นมเบาหวาน นมลดเบาหวาน นมสำหรับผู้ป่วยเบาหวาน นมสำหรับคนเป็นเบาหวาน คุมเบาหวาน ลดเบาหวาน คุมน้ำตาล ลดน้ำตาล 400g 2 กระป๋อง,1600.0,,,Bangkok
4796798809,Nutritional Foods & Drinks,กลูเซอน่าเอสอาร์ทริปเปิลแคร์ กลิ่น วนิลา และกลูเซอน่า พลัสกลิ่นธัญพืช แพคคู่ราคาประหยัด แถมฟรีกระบอกเช็คมูลค่า 120 บาท,900.0,,,Nakhon Ratchasima
4796739250,Nutritional Foods & Drinks,(ขายดี) Ensure Gold เอนชัวร์ อาหารสูตรครบถ้วน กลิ่นวานิลลา 850 กรัม 1 กระป๋อง ถูกและดีที่สุด,820.0,,,Bangkok
4795749105,Nutritional Foods & Drinks,กาแฟโสมซูเลียน​ 84 ซอง คอฟฟี่พลัส ของแท้ 100% กาแฟซูเลียน กาแฟโสม coffee plus,895.0,,,Bangkok
4795480547,Nutritional Foods & Drinks,Anlene Gold 5X (45+ years old)  นมผง แอนลีน โกลด์ (แบบผง) นมผงไขมันต่ำ แคลเซียมสูง นมคนสูงอายุ บำรุงกระดูก ขนาด 250g -1 kg,111.0,,,Songkhla
4795156448,Nutritional Foods & Drinks,HICEE SWEETLETS 100mg. 200’S/BTL,160.0,,,Samut Prakan
4795155003,Nutritional Foods & Drinks,Nepro เนบโปร เอชพี ชนิดผง วานิลลา 400 กรัม 1 กระป๋อง Nepro HP Powder Vanilla 400g 1 Tin สำหรับผู้ป่วยล้างไต,465.0,,1.0,Nonthaburi
4793657665,Nutritional Foods & Drinks,Anlene Gold 5 แอนลีน โกลด์ 5 นมผงไขมันต่ำ แบบชง รสจืด กระป๋อง 400 กรัม,260.0,,,Phitsanulok
4793500205,Nutritional Foods & Drinks,"""มีของแถม"" Nestle Boost Optimum, Care, Fiber & Collagen 400-800 g. บูสท์ อาหารทางการแพทย์สูตรครบถ้วน เวย์โปรตีน ผู้สูงอายุ (1 กระป๋อง)",425.0,,,Nong Bua Lamphu
4793157163,Nutritional Foods & Drinks,กาแฟบาลานซ์ คอฟฟี่ Balans Koffie ( 2 กล่อง ) สำหรับบำุกระดูกและข้อ บำรุงสุขภาพ ร่างกาย 1 กล่อง มี 15 ซอง,780.0,,,Bangkok
4793077687,Nutritional Foods & Drinks,เอนชัวร์ ช็อกโกแลต 850 กรัม (โฉมใหม่) Ensure Chocolate 850g. อาหารสูตรครบถ้วน  [หมดอายุ 25/03/2024],790.0,,,Udon Thani
4792729067,Nutritional Foods & Drinks,GREENY WAY Kale Veggies Powder เคล เวจจี พาวเด้อ & Rainbow Veggies Powder เรนโบว์ เวจจี พาวเด้อ ผงผักรวมจากผัก 7 ชนิด 150 g.,1290.0,,,Chiang Mai
4792603561,Nutritional Foods & Drinks,เอนชัวร์ แพ็คคู่ กลิ่นธัญพืช และกลิ่น กาแฟ 400 กรัม แถมฟรีกระบอกเช็คมูลค่า 120 บาท,820.0,,,Nakhon Ratchasima
4792536762,Nutritional Foods & Drinks,เอนชัวร์โกลด์ 3 กระป๋อง ราคาประหยัด กลิ่นวานิลลา ธัญพืช กาแฟ ขนาด400 กรัม แถมฟรีกระบอกเช็คมูลค่า 120 บาท,1250.0,,,Nakhon Ratchasima
4791536309,Nutritional Foods & Drinks,Nestle Boost Fiber ขนาด 800 กรัม,860.0,,,Lamphun
4791494467,Nutritional Foods & Drinks,Nestlt Boost Care ขนาด 800 กรัม,860.0,,,Lamphun
4791368966,Nutritional Foods & Drinks,ALEENA COFFEE อะลีน่า คอฟฟี่ กาแฟอะลีน่า กาแฟบำรุงสายตา กาแฟบำรุงกระดูก กาแฟบำรุงข้อ กาแฟแก้ปวดเมื่อย เสริมภูมิคุ้มกัน 1 แถม 1 กระปุก,590.0,,,Bangkok
4790814116,Nutritional Foods & Drinks,เครื่องดื่มไข่ขาวผงกลิ่นวานิลลา ฮีโมมิน เบลนด์ ขนาด 400 กรัม อาหารเสริมสำหรับผู้ใหญ่ อาหารเสริมสำหรับมื้ออาหาร,410.0,6.0,,Pathum Thani
4789718386,Nutritional Foods & Drinks,เอนชัวร์โกลด์ Ensure Gold สูตร HMB กลิ่นธัญพืช ชนิดกระป๋อง ขนาด 850 กรัม,779.0,,,Nakhon Pathom
4789598053,Nutritional Foods & Drinks,Nutri Diabet Gold นมเบาหวาน นมลดเบาหวาน นมสำหรับผู้ป่วยเบาหวาน นมสำหรับคนเป็นเบาหวาน คุมเบาหวาน ลดเบาหวาน คุมน้ำตาล ลดน้ำตาล 400g 3 แถม 1 กระป๋อง,2590.0,,,Bangkok
4789590086,Nutritional Foods & Drinks,Nutri Diabet Gold นมเบาหวาน นมลดเบาหวาน นมสำหรับผู้ป่วยเบาหวาน นมสำหรับคนเป็นเบาหวาน คุมเบาหวาน ลดเบาหวาน คุมน้ำตาล ลดน้ำตาล 400g 4 แถม 2 กระป๋อง,3490.0,,1.0,Bangkok
4789459602,Nutritional Foods & Drinks,Nutri Diabet Gold นมเบาหวาน นมลดเบาหวาน นมสำหรับผู้ป่วยเบาหวาน นมสำหรับคนเป็นเบาหวาน คุมเบาหวาน ลดเบาหวาน คุมน้ำตาล ลดน้ำตาล 400g 2 กระป๋อง,1600.0,5.0,,Bangkok
4789419637,Nutritional Foods & Drinks,Nutri Diabet Gold นมเบาหวาน นมลดเบาหวาน นมสำหรับผู้ป่วยเบาหวาน นมสำหรับคนเป็นเบาหวาน คุมเบาหวาน ลดเบาหวาน คุมน้ำตาล ลดน้ำตาล 400g 1 กระป๋อง,920.0,,,Bangkok
4788809138,Nutritional Foods & Drinks,Nestle Boost Care บูสท์ แคร์ ดัชนีน้ำตาล = 28 กลิ่นวานิลลา 800 กรัม [Exp.26/01/2025],899.0,11.0,7.0,Lamphun
4788776377,Nutritional Foods & Drinks,Nestle Boost Fiber บูสท์ ไฟเบอร์ ผสม 5 ใยอาหาร อาหารทางการแพทย์ กลิ่นวานิลลา มีใยอาหารสูง 800 กรัม [Exp.30/10/2024],890.0,,2.0,Lamphun
4788714438,Nutritional Foods & Drinks,Nestle Boost Optimum บูสท์ ออปติมัม อาหารสูตรครบถ้วน กลิ่นวานิลลา 800 กรัม [Exp.07/09/2024],890.0,,,Lamphun
4787035231,Nutritional Foods & Drinks,🎌 DHC Mixed Vegetable Premium ผักรวม 32ชนิด สำหรับผู้ที่ไม่ชอบทานผัก ของแท้จากญี่ปุ่น 野菜 プレミアム,249.0,,1.0,Bangkok
4786580579,Nutritional Foods & Drinks,นครินทร์ AS Jel เจลให้ความชุ่มชื้นในช่องปาก 60 กรัม เยลลี่กลิ่นน้ำผึ้งเลมอน ผู้สูงวัย ปากแห้ง น้ำลายน้อย น้ำลายเทียม ลดอาการแสบร้อนในปาก,75.0,,2.0,Bangkok
4786006707,Nutritional Foods & Drinks,กลูเซอร์น่า เอสอาร์ 400 กรัม สำหรับผู้ป่วยเบาหวาน โปรตีนผู้ป่วยเบาหวาน นมผู้ป่วยเบาหวานอาหารทางการแพทย์,523.0,,,Phitsanulok
4785063672,Nutritional Foods & Drinks,Glucerna SR Triple care (400g.) กลูเซอนา เอสอาร์ ทริปเปิ้ลแคร์ ถุงเติม,449.0,9.0,1.0,Samut Prakan
4803862748,Nutritional Foods & Drinks,พร้อมส่ง✅ มิลค์ ออฟ แมกนีเซีย Milk of magnesia ยาระบาย ชนิดน้ำ,45.0,,,Sing Buri
4625929311,Nutritional Foods & Drinks,กาแฟวินเวย์(winwaycoffee),225.0,27.0,7.0,Bangkok
3333704868,Nutritional Foods & Drinks,ส่งฟรี!! กาแฟดำ อเมริกาโน่ กาแฟดำกิฟฟารีน กาแฟอาราบิก้าผสมโรบัสต้า เข้มข้น หอมอร่อย ไม่มีน้ำตาล ไม่มีไขมัน กิฟฟารีน Giffarine Royal Crown Americano,170.0,1395.0,319.0,Bangkok
4718599376,Nutritional Foods & Drinks,BLAZO COFFEE กาแฟ เพื่อสุขภาพ (29 IN 1) ตรา เบลโซ่ คอฟฟี่(1 ห่อบรรจุ 20 ซอง) ของแท้ 100%,195.0,174.0,44.0,Nakhon Nayok
4649105577,Nutritional Foods & Drinks,มา-บีดี (MA-BEEDEE) 2000 กรัม มาบีดี MABEEDEE Blenderized Diet,615.0,104.0,30.0,Bangkok
3674248670,Nutritional Foods & Drinks,💪ขนมโปรตีนสูง👍ลาบาลานซ์ LaBalance Protein Snack [ขนมเกาหลี โปรตีนพืช ลดน้ำหนัก ขนมคลีน ขนมเพื่อสุขภาพ โปรตีนแสน็ค Plant-Based],99.0,117.0,15.0,Pathum Thani
3814312439,Nutritional Foods & Drinks,ดีแคร์ D-CARE 2 กก.อาหารทางการแพทย์สูตรครบถ้วนผู้เป็นเบาหวาน #ของใหม่ #พร้อมส่ง #ไม่ค้างสต็อก,919.0,89.0,13.0,Pathum Thani
4553408675,Nutritional Foods & Drinks,(Exp 14/12/24) [ยกกล่อง 12 ซอง] ONE GERD วัน เกิร์ด บรรจุ 12 ซอง/ซอง 10 มล.,215.0,40.0,7.0,Bangkok
4757723423,Nutritional Foods & Drinks,เบรนเดอร่า-เอ็มเอฟ,765.0,5.0,,Bangkok
4140652978,Nutritional Foods & Drinks,{ พร้อมส่ง } น้ำหมักผลไม้ น้ำผลไม้หมัก WHERY FRUIT INFUSE SODIUM KILLER KOMBI คอมบุชา ชาหมักลี คอมบิชาหมักลีน,350.0,805.0,106.0,Bangkok
4705008455,Nutritional Foods & Drinks,(ถุงเติม) Ensure Gold Vanilla 400g. เอนชัวร์โกลด์ วานิลลา,349.0,119.0,20.0,Bangkok
4702466160,Nutritional Foods & Drinks,Oligocarb maltodextrin de 10โอลิโกคาร์บ มอลโตเด็กซ์ตริน ขนาด 1กิโลกรัม,135.0,14.0,4.0,Bangkok
4348250192,Nutritional Foods & Drinks,💠ศูนย์ไทย💠ถูก💠เรทส่ง💠 Vegi Vera เวกิเวร่า ซูเลียน เวกิ เวร่า เครื่องดื่มต้นอ่อนข้าวสาลี 1 กล่อง (30ซอง),759.0,300.0,27.0,Pathum Thani
3102292949,Nutritional Foods & Drinks,Zhulian Royalmix รอยัลมิกซ์ เครื่องดื่มถั่วเหลืองชนิดผงพร้อมดื่ม ( 1 กล่อง/30 ซอง ),719.0,332.0,55.0,Bangkok
2495078095,Nutritional Foods & Drinks,กิฟฟารีน เครื่องดื่ม ชาเขียว ลดน้ำหนัก ควบคุมน้ำหนัก มัทฉะลาเต้ Giffarine ชาเขียวมัทฉะ ชาสำเร็จรูป,220.0,110.0,23.0,Khon Kaen
4736952330,Nutritional Foods & Drinks,"Oral Impact powder ออรัล อิมแพค. อาหารสูตรครบถ้วนที่มีโปรตีนสูง ประกอบด้วย อาร์จีนิน, นิวคลีโอไทด์ และโอเมก้า 3",879.0,10.0,,Bangkok
4095135243,Nutritional Foods & Drinks,ICHI Coffee 3 in 1 อิชิ คอฟฟี่ กาแฟปรุงสำเร็จรูป ทรีอินวัน กาแฟสมุนไพร (10ซอง),300.0,6.0,1.0,Samut Prakan
2284261866,Nutritional Foods & Drinks,ส่งฟรี!! วีต้า ไวต้า กิฟฟารีน สูตรไม่เติมน้ำตาล Giffarine Vita เครื่องดื่มธัญญาหาญสำเร็จรูป กลิ่นข้าวโพด ร้านAom&AimShop,132.0,5.0,2.0,Bangkok
2842549398,Nutritional Foods & Drinks,FESTA Instant Ginger Powder เฟสต้า น้ำขิงเข้มข้น ผสมโสมและวิตามิน 1 ถุง บรรจุ 10 ซอง,47.0,244.0,21.0,Bangkok
4747279832,Nutritional Foods & Drinks,Ensure  เอนชัวร์ สูตรครบถ้วน กลิ่นวานิลลาของแท้ สูตรเดียวกับแบบกระป๋อง ชนิดรีฟิวถุงเติม ขนาด400กรัมx2 ถุง หมดอายุปี2025,850.0,83.0,33.0,Saraburi
628288642,Nutritional Foods & Drinks,ถั่ว 5 สีขนิดผง แม่อุษา 352 กรัม (บรรจุ16 ซองเล็ก),100.0,6106.0,854.0,Bangkok
4494873465,Nutritional Foods & Drinks,WaterHerb น้ำกระเทียมโทนผสมขิงสกัด สูตรเข้มข้น (ขนาด 300 ml.),265.0,212.0,57.0,Bangkok
3895980993,Nutritional Foods & Drinks,Brand’s แบรนด์ ซุปไก่สกัด สูตรต้นตำรับ 70 มล.x15 ขวด รุ่นบริโภคก่อน 04/2026,689.0,62.0,13.0,Bangkok
4274357156,Nutritional Foods & Drinks,✅หมดอายุ 01/2024✅📍1 หลอด x 20 เม็ดฟู่📍ของแท้ 💯 เม็ดฟู่ Boom D-nax บูม ดีแนกซ์,165.0,168.0,17.0,Chanthaburi
3867883569,Nutritional Foods & Drinks,Nepro HP เนบโปร เอชพี ชนิดน้ำ อาหารสูตรครบถ้วนสำหรับผู้ป่วยล้างไต 237 มล. [12 กระป๋อง],1429.0,293.0,41.0,Pathum Thani
2034914581,Nutritional Foods & Drinks,Nutripack นูทริแพค (1 ลัง หรือ 20 ถุง) สูตรทูน่า สูตรไก่ อาหารผู้ป่วยสำเร็จรูป ผู้สูงอายุ อาหารเหลวทางสายยาง,1270.0,885.0,219.0,Nonthaburi
4547648718,Nutritional Foods & Drinks,"""Peptamen"" เปปทาเมน  อาหารสูตรครบถ้วนสำหรับผู้ป่วยที่มีปัญหาเกี่ยวกับระบบการย่อยอาหารและการดูดซึม เป็นอาหารทางการแพทย์สูตรเปปไทด์ที่ร่างกายดูดซึมได้ง่าย เนื่องจากมีโปรตีนเวย์ในรูปแบบเป็ปไทด์ และประกอบด้วย มีเดียมเชนไตรกลีเซอไรด์ (MCT) #peptamen400",799.0,497.0,12.0,Bangkok
4347672564,Nutritional Foods & Drinks,ส่งไว ไออุ่น เครื่องดื่มหัวปลีกระตุ้นและเพิ่มน้ำนม ชนิดผง สูตรหัวปลี ขิง ใบเตย,125.0,540.0,71.0,Bangkok
2691981258,Nutritional Foods & Drinks,กาแฟ สูตร ลดน้ำตาล 30% 30ซอง กาแฟปรุงสำเร็จ กิฟฟารีน Giffarine รอยัล คราวน์ รีดิวซ์ ชูการ์ ชนิดผง ลดปริมาณน้ำตาล30% 3in1,158.0,211.0,37.0,Ratchaburi
4378446022,Nutritional Foods & Drinks,[1 กระปุก] CoCoa Hi D โกโก้ชงสูง ไฮดี โกโก้แคลเซียม [200 g.],150.0,539.0,98.0,Samut Prakan
4141537138,Nutritional Foods & Drinks,Ensure Gold เอนชัวร์ โกล์ด850gรสวนิลา,825.0,1825.0,366.0,Surat Thani
233361400,Nutritional Foods & Drinks,หมอเส็ง - กาแฟสมุนไพร สูตร1 [25 ซอง] ของแท้100%,640.0,279.0,36.0,Samut Prakan
4659716724,Nutritional Foods & Drinks,(ซื้อ2แถม1) ANLENE GOLD 5X แอนลีน โกลด์ 5 นมผงไขมันต่ำ รสจืด แพ๊ค 2 กระป๋องใหญ่ + 1 กระป๋องเล็ก,935.0,190.0,56.0,Bangkok
427190524,Nutritional Foods & Drinks,"เบลนเดอร่า เอ็มเอฟ (BLENDERA MF) ขนาด 2,500 กรัม",829.0,1686.0,281.0,Bangkok
4333036790,Nutritional Foods & Drinks,"Ensure Gold เอนชัวร์ โกลด์ อาหารเสริมสูตรครบถัวน กลิ่น วานิลลา,ธัญพืช,ชอค กาแฟ ขนาด 850 กรัม 1 กระป๋อง",805.0,4635.0,857.0,Bangkok
2941362904,Nutritional Foods & Drinks,น้ำมันถั่วดาวอินคา สกัดเย็น  (แบบหยด)​,320.0,546.0,78.0,Nakhon Pathom
1764618772,Nutritional Foods & Drinks,Sugar De Monk ชูการ์เดอมั้ง [250 g.]  น้ำตาลคีโต จากหล่อฮังก๊วย/ 0 Cal,269.0,115.0,19.0,Pathum Thani
3791994301,Nutritional Foods & Drinks,กาแฟ Zhulian Coffee Plus กาแฟซูเลียน คอฟฟี่ พลัส  **ตัดโค้ด,489.0,2041.0,357.0,Pathum Thani
4021538780,Nutritional Foods & Drinks,ไวต้า กิฟฟารีน ธัญพืช สูตรไม่เติมน้ำตาล ลดน้ำตาล 50% Vita GIFFARINE เครื่องดื่มธัญญาหารสำเร็จรูป กลิ่นข้าวโพด,132.0,123.0,13.0,Chiang Mai
1065034581,Nutritional Foods & Drinks,[ 3 กล่อง ] กาแฟ ผสม ถั่งเช่า และ สารสกัดเห็ดหลินจือ ตรา ลีฟเนส  Livnest Coffee ใช้สารให้ความหวานแทนน้ำตาล กาแฟถั่งเช่า,265.0,698.0,139.0,Bangkok
4333036790,Nutritional Foods & Drinks,"Ensure Gold เอนชัวร์ โกลด์ อาหารเสริมสูตรครบถัวน กลิ่น วานิลลา,ธัญพืช,ชอค กาแฟ ขนาด 850 กรัม 1 กระป๋อง",808.0,4635.0,857.0,Bangkok
4803918851,Brain & Memory,"Mega We Care Lecithin 1200 mg. 100 Capsules เมก้า วี แคร์ เลซิติน 1200 มก. 30,100 เม็ด เสริมสร้างความจำ บำรุงตับ ไขมันคลอเลสเตอรอล",89.0,,,Bangkok
4799925152,Brain & Memory,"น้ำมันปลา 1,000mg 90 แคปซูล  Fish Oil  สำหรับเด็กและผู้ใหญ่ #ดีเอชเอ #DHA #EPA #OMEGA3 #โอเมก้า3 #สมอง #ความจำ #อัลไซเมอร์",540.0,,,Songkhla
4797922541,Brain & Memory,วิตามินเม็ดฟู่ เครียดนอนไม่หลับ,134.0,,,Bangkok
4796035062,Brain & Memory,🍄 แคปซูลเห็ดหัวลิง Lion's Mane Mushroom Capsules 🏷️ Value Pack of 3 Lion's Mane Bottles 💊 Select 60 or 120 Capsule Bottles,1595.0,,,Phuket
4795763765,Brain & Memory,🍄 แคปซูลเห็ดหัวลิง Lion's Mane Mushroom Capsules 🏷️ Value Pack of 6 Lion's Mane Bottles 💊 Select 60 or 120 Capsule Bottles,2995.0,,,Phuket
4795342171,Brain & Memory,Blackmores Omega 3 150 แคปซูล Triple Concentrated Fish Oil,980.0,,1.0,Songkhla
4795339208,Brain & Memory,Wagner Fish oil Omega3 เข้มข้น 3 เท่า 150 แคปซูล จากนิวซีแลนด์ ปราศจากสารตะกั่ว,550.0,,,Songkhla
4795306152,Brain & Memory,[Clearance Deal] DHA Omega-3 ดีเอชเอจากน้ำมันปลาแซลม่อน (30 แคปซูล),105.0,,1.0,Samut Prakan
4795168151,Brain & Memory,น้ำมันปลา ( 1000 มก. 90 แคปซูล ) น้ำมันมันปลา Fish Oil GIFFARINE น้ำมันตับปลา,405.0,,1.0,Bangkok
4795158154,Brain & Memory,น้ำมันปลา  ( 1000 มิลลิกรัม 50 แคปซูล ) Fish oil น้ำมันตับปลา ทานได้ทุกวัย,256.8,,,Bangkok
4795130457,Brain & Memory,น้ำมันปลา  ( 1000 มิลลิกรัม 50 แคปซูล ) Fish oil น้ำมันตับปลา ทานได้ทุกวัย,262.5,,1.0,Bangkok
4795115307,Brain & Memory,น้ำมันปลา  ( 500 มก. 50 แคปซูล ) Fish oil  น้ำมันตับปลา,150.0,23.0,2.0,Bangkok
4795072638,Brain & Memory,น้ำมันปลา ( 500 มิลลิกรัม 90 แคปซูล ) Fish oil GIFFARINE น้ำมันตับปลา  ทานได้ทุกวัย,240.0,,1.0,Bangkok
4795047788,Brain & Memory,น้ำมันปลา ( 1000 มก. 90 แคปซูล ) น้ำมันมันปลา Fish Oil GIFFARINE น้ำมันตับปลา,396.9,,1.0,Bangkok
4795030732,Brain & Memory,Ginkgo Biloba Extract Plus สารสกัดจากใบแปะก๊วย พลัส ตรา บลูเบิร์ด ขนาด 600 มิลลิกรัม 60 แคปซูล // HiMyHealth,219.0,,,Nakhon Ratchasima
4795026883,Brain & Memory,น้ำมันปลา  ( 500 มก. 50 แคปซูล ) Fish oil  น้ำมันตับปลา,147.0,,,Bangkok
4794945875,Brain & Memory,น้ำมันปลา ( 500 มิลลิกรัม 90 แคปซูล ) Fish oil GIFFARINE น้ำมันตับปลา  ทานได้ทุกวัย,235.2,,1.0,Bangkok
4791491151,Brain & Memory,โคลีนบี  วิตามินบีรวม วิตามินบี  Choline - B GIFFARINE สมอง ความจำ ปลายประสาท,210.0,28.0,9.0,Bangkok
4789868505,Brain & Memory,calcopa แคลโคป้าวิตามินเด็ก อาหารเสริมเด็ก สมาธิ ความจำ สูง สายตา ภูมิคุ้มกัน ของแท้ส่งฟรี,980.0,,,Nonthaburi
4788930387,Brain & Memory,ผลิตภัณฑเสริมอาหารน้ำมันปลา 500 มก น้ำมันปลา 50 แคปซูล น้ำมันปลา น้ำมันตับปลา น้ำมันปลากิฟฟารน,150.0,,0.0,Bangkok
4787932268,Brain & Memory,🚛พร้อมส่ง 🌸DHC Vitmamin B Mix สินค้านำเข้าจากญี่ปุ่น🇯🇵ของแท้💯,105.0,,,Khon Kaen
4787925435,Brain & Memory,🚛พร้อมส่ง 🧠DHC Plasmalogen สมองเหนื่อยล้า นอนไม่หลับ สินค้านำเข้าจากญี่ปุ่น🇯🇵ของแท้💯,1010.0,,,Khon Kaen
4784695120,Brain & Memory,Suphab Osod Fish Oil สุภาพโอสถ น้ำมันปลา จำนวน 2 กระปุก (บรรจุ 200 แคปซูล / กระปุก) By TrueShopping,990.0,,,Samut Prakan
4784573157,Brain & Memory,Vicks ZzzQuil Nighttime Sleep-aid 24 LiquiCaps,750.0,,1.0,Bangkok
4784049284,Brain & Memory,INNERA,790.0,,,Pathum Thani
4783521014,Brain & Memory,Mega We Care Lecithin 1200 mg. (100 แคปซูล) พัฒนาสมองและความจำ บำรุงตับ ลดไขมันโคเลสเตอรอล,249.0,,,Samut Prakan
4783196463,Brain & Memory,"OLLY Goodbye Stress Gummy, GABA, L-Theanine, Lemon Balm, Berry, 42 Ct วิตามินสำหรับคนวัยทำงานหนัก ล้า ต้องมี ทานได้ 42 วัน",1690.0,,,Bangkok
4782350839,Brain & Memory,"Life Extension  Super Omega-3 EPA/DHA Fish Oil, Sesame Lignans & Olive Extract  / 120 Enteric-Coated Softgels",945.0,,1.0,Nakhon Pathom
4782322952,Brain & Memory,Life Extension Cognitex® Basics / 30 Softgels,770.0,,,Nakhon Pathom
4782240165,Brain & Memory,YOUR Immu Omega ยัวร์ อิมมู โอเมก้า ผลิตภัณฑ์เสริมอาหารไซรัปสำหรับเด็ก 120 mL,350.0,,,Si Sa Ket
4780455430,Brain & Memory,🔥ส่งฟรี🔥 น้ำมันปลา Fish oil 500mg บำรุงสมองและระบบประสาท สมาธิ ไขมันดี ทานได้ทุกวัย 90 แคปซูล 🔥สินค้าแท้ 100%🔥,240.0,,1.0,Lamphun
4780446458,Brain & Memory,🔥ส่งฟรี🔥 น้ำมันปลา Fish oil 500mg บำรุงสมองและระบบประสาท สมาธิ ไขมันดี ทานได้ทุกวัย 50 แคปซูล 🔥สินค้าแท้ 100%🔥,139.0,,2.0,Lamphun
4780440547,Brain & Memory,🔥ส่งฟรี🔥 Choline B วิตามินบีรวม ชามือ ชาเท้า นิ้วล็อค ปลายประสาท เหน็บชา สมอง ความจำเสื่อม โลหิตจาง ไขมันตับ อัลไซเมอร 🔥สินค้าแท้ 100%🔥,175.0,5.0,4.0,Lamphun
4780419588,Brain & Memory,🔥ส่งฟรี🔥 น้ำมันปลา Fish oil 100mg บำรุงสมองและระบบประสาท สมาธิ ไขมันดี ทานได้ทุกวัย 90 แคปซูล 🔥สินค้าแท้ 100%🔥,387.0,,1.0,Lamphun
4779960180,Brain & Memory,VISTRA SALMON FISH OIL 1000MG 20 capsules,99.0,,,Pathum Thani
4779933343,Brain & Memory,แพ็คคู่ Dary Vit Gingko Plus ดารี่ วิต อาหารเสริม สารสกัด จาก ใบแปะก๊วย โสม ขนาด 30 แคปซูล 2 กระปุก,149.0,7.0,1.0,Bangkok
4779932378,Brain & Memory,BUMINMAX💪🏻🧠🔥 สร้างกล้ามเนื้อ บำรุงสมอง เผาผลาญไขมัน ต้านอนุมูลอิสระ (1 กระปุก),549.0,6.0,,Bangkok
4779851415,Brain & Memory,VISTRA Salmon Fish Oil Oderless Capsules,190.0,,,Pathum Thani
4779804923,Brain & Memory,BUMINMAX💪🏻🧠🔥 สร้างกล้ามเนื้อ บำรุงสมอง เผาผลาญไขมัน ต้านอนุมูลอิสระ (1 กระปุก),549.0,,,Bangkok
4778836074,Brain & Memory,RIFOLD Fish Oil Omega-3 - 30 Capsules น้ำมันปลารีโฟล์ 30 เม็ด บำรุงสมอง,69.0,17.0,6.0,Bangkok
2493893541,Brain & Memory,"[Exp010/2024] สำหรับระบบประสาท Doctor's Best Fully Active B12 1,500 mcg 60 Veggie Caps",390.0,88.0,13.0,Nonthaburi
2605841554,Brain & Memory,กลีบบัวแดง อภัยบี 70แคปซูล ABHAI-B,178.0,2159.0,435.0,Udon Thani
1600768540,Brain & Memory,💦 ส่งฟรี อาหารเสริมน้ำมันปลากิฟฟารีน อาหารเสริมสำหรับนักเรียนฉลาด อาหารเสริมสำหรับเด็กและการจดจำ น้ำมันตับปลา การจดจำสมธิเจริญอาห,200.0,27.0,1.0,Samut Prakan
3893531481,Brain & Memory,Cerebrite 30 tab เซเรไบร์ท 30 เม็ด ใบแป๊ะก๊วยสกัด+โสมสกัด+น้ำมันปลา+เลซิติน  {9505},288.0,58.0,5.0,Phitsanulok
3826049902,Brain & Memory,PM Bacopa Monnieri Extract สารสกัดจากต้นพรมมิ 1 แถม 1 (120 แคปซูล),339.0,482.0,106.0,Saraburi
633838528,Brain & Memory,(12 ขวด) Ener-G Speedy เอนเนอร์-จี สปีดี้ รสเลมอน น้ำตาลน้อย สะดวก ดื่มง่าย สูตรเพิ่มสารสกัด!! Handy Herb,190.0,61.0,8.0,Pathum Thani
4284644430,Brain & Memory,Mega We Care Lecithin 1200 mg. 100 capsules เมก้า วีแคร์ เลซิติน 1200 มก. 100 แคปซูล,255.0,101.0,33.0,Bangkok
4142107539,Brain & Memory,กิฟฟารีน อาหารเสริมเด็ก วิตามินเด็ก เบรนนี่ สายตา สมอง เพิ่มสมาธิ คิดเร็ว เรียนรู้ไว Brainie Giffarine บรรจุ 100 เม็ด,130.0,,,Phichit
3473033062,Brain & Memory,HandyHerb EnerG เอนเนอร์จี้ช็อต วิตามินช่วยให้ตื่น รสเลมอน อร่อย สดชื่น ตัวช่วยจำ สำหรับช่วงสอบ,108.0,2560.0,382.0,Nonthaburi
3227322555,Brain & Memory,ผ่อนคลาย เพิ่มสมาธิ พักผ่อน แอล-ธีอะนีน Puritan's Pride L-Theanine 200mg 60 capsules,390.0,36.0,4.0,Samut Prakan
2716369273,Brain & Memory,🔥 ส่งฟรี! ส่งไว 🔥 MS Magnesium Plus แมกนีเซียม และวิตามิน B1 B6 B12 ป้องกันไมเกรน บำรุงระบบประสาท 1 กระปุก [60 แคปซูล],127.0,1793.0,462.0,Saraburi
2724552736,Brain & Memory,🔥 พร้อมส่ง! 🔥 GB Ginkgo Plus-B อาหารเสริม ใบแปะก๊วยผสมวิตามินบีรวม สารสกัดใบแปะก๊วย 1 แถม 1 (120 แคปซูล),295.0,2246.0,520.0,Saraburi
610896268,Brain & Memory,Blackmores Ginkgo แบลคมอร์ส ใบแป๊ะก๊วย [30 เม็ด],280.0,878.0,152.0,Pathum Thani
1379050112,Brain & Memory,"Jarrow Formulas, Methyl B-12, Lemon Flavor, 1000 mcg, 100 Lozenges วิตามิน B12 ช่วยบำรุงประสาท",450.0,465.0,76.0,Bangkok
4464998570,Brain & Memory,แคลโคป้า calcopa ของแท้‼️ ส่งฟรีทุกวัน วิตามินรวมวมบำรุงสมอง21ชนิด สมาธิ ความสูง กระดูกและฟัน,950.0,,,Roi Et
4387715848,Brain & Memory,อภัย บี อภัย-บี กลีบบัวแดง ช่วยนอนหลับ เสริมความจำ Abhai-B 70 แคปซูล,187.0,243.0,31.0,Bangkok
3270774608,Brain & Memory,Dary Vit B complex วิตามินบี คอมเพล็กซ์ (30 แคปซูล) ( อาหารเสริม ),85.0,,1900.0,Bangkok
4705866166,Brain & Memory,HandyHerb Ener-G Shot แฮนดี้เฮิร์บ เอนเนอร์-จี ช็อต ขนาด 24 ขวด  [HHTT],375.0,,,Bangkok
726522941,Brain & Memory,Vistra salmon fish oil 1000mg 100 แคปซูล วิสทร้า น้ำมันปลาแซลมอน,213.0,3600.0,799.0,Bangkok
2151082793,Brain & Memory,VISTRA Soy Lecithin เลซิติน,179.0,1251.0,275.0,Pathum Thani
4438297394,Brain & Memory,ส่งฟรี โคลิน-คิดส์ CHOLIN-KIDS GIFFARINE อาหารเสริมเด็ก สมอง เพิ่มความจำ สมาธิสั้น  กลิ่นสตรอเบอร์รี่ ผสมโคลีน ชิดเม็ดเคี้ยว,130.0,11.0,2.0,Chanthaburi
2156144194,Brain & Memory,((Odorless 100เม็ด)) VISTRA วิสตร้า Fish Oil FishOil น้ำมันปลา ฟิชออย Odorless ไม่มีกลิ่นคาว,209.0,1890.0,448.0,Pathum Thani
1354422699,Brain & Memory,🔥ลดพิเศษ ถูกสุดในไทย ส่งฟรี🔥 INT-100™ 5 hours BRAIN energy capsule อาหารเสริมสมอง ออกฤทธิ์ใน 5 นาที สมองดี งานเดิน,159.0,7136.0,954.0,Bangkok
4502572792,Brain & Memory,Exp : 10/25 Mega We Care Lecithin เมก้า วีแคร์ เลซิติน 1200 mg. ขนาด 30 และ 100 แคปซูล,90.0,350.0,88.0,Bangkok
1134270407,Brain & Memory,Blackmores Fish Oil 1000 mg. แบลคมอร์ส ฟิช ออยล์ บรรจุ 80 แคปซูล,315.0,72.0,10.0,Nonthaburi
1690464027,Brain & Memory,Mega We Care Lecithin เมก้า วีแคร์ เลซิติน [100 แคปซูล],249.0,3663.0,830.0,Pathum Thani
4514543011,Brain & Memory,[[**ขวด 150 ml**]] Bain Syrup (หมดอายุ 18/7/24) DHA 70% Omega 3 เบนไซรัป Nutrimaster น้ำมันปลา บรรจุ 150 ml,145.0,81.0,17.0,Bangkok
2549301291,Brain & Memory,Cerebrite 30's เซเรไบร์ท ใบแป๊ะก๊วยผสมโสมสกัด น้ำมันปลาทูน่า (ผลิตภัณฑ์เสริมอาหาร) 1กล่อง/30เม็ด,300.0,16.0,0.0,Bangkok
252596257,Brain & Memory,🔥Nutri Master Bain Syrup 150 ml พัฒนาสมองเด็ก เบน ไซรับ Nutrimaster น้ำมันปลาเข้มข้น,134.0,8320.0,950.0,Nakhon Si Thammarat
1600036354,Brain & Memory,Mega We Care Lecithin เมก้า วีแคร์ เลซิติน 1200 มิลลิกรัม(ผลิตภัณฑ์เสริมอาหาร) เลซิตินจากถั่วเหลือง (30แคปซูล/100แคปซูล/200แคปซูล) 1ขวด,89.0,518.0,113.0,Bangkok
4184058031,Brain & Memory,Flaxseed Oil​ 1000 mg​ Omega-3 น้ำมันเมล็ดแฟลกซ์ โอเมก้า​ 3 6 9 Gamma Oryzanol &​ Black Sesame Extract & Zinc Amino Acid เฟล็กซีดออยล์,230.0,12.0,2.0,Bangkok
1736142128,Brain & Memory,น้ำมันปลา แพ็คเกจใหม่ คลังสินค้าท้องถิ่นในประเทศไทย รับประกันความแท้ Blackmores FISH OIL Odourless 1000 Natural Source Of Omega-2 400 Capsules,658.0,2844.0,699.0,Samut Prakan
2378069682,Brain & Memory,Puritan's Pride GABA (Gamma Aminobutyric Acid) 750 mg / 90 Capsules,395.0,556.0,75.0,Nakhon Pathom
4682982463,Brain & Memory,🔥🔥Exp.09/2024 Focus Factor Nutrition for the Brian 180 เม็ด,939.0,,,Bangkok
3839208742,Brain & Memory,Bewel Salmon Fish Oil 1000 mg Plus vitamin E (30 และ 70 Capsule) น้ำมันปลา 1000 มก สมอง ไขมัน ข้อเข่า ขนาด 70 แคปซูล,69.0,3343.0,650.0,Bangkok
4665215916,Brain & Memory,ฉลากออสเตรเลีย Blackmores Omega 3 150 แคปซูล Triple Concentrated Fish Oil,1100.0,51.0,19.0,Phatthalung
2510763561,Brain & Memory,Life Extension BioActive Complete B-Complex / 60 vegetarian capsules,450.0,332.0,44.0,Nakhon Pathom
1629354968,Brain & Memory,Mood Boost มู้ดบู๊ส อาหารเสริม โรคแพนิค ตื่นตระหนก วิตกกังวล โรคเครียด โรคซึมเศร้า Moodboost Panic ของแท้ 100%,980.0,800.0,128.0,Pathum Thani
4557458961,Brain & Memory,🔥 ส่งฟรี! ส่งไว 🔥 MS Magnesium Plus แมกนีเซียม และวิตามิน B1 B6 B12 ป้องกันไมเกรน บำรุงระบบประสาท 1 แถม 1 [120 แคปซูล],245.0,32.0,13.0,Saraburi
4792823173,Brain & Memory,Mixnineplus (มิกซ์ไนน์ พลัส) Green plus (กรีนพลัส),345.0,,,Si Sa Ket
2326496563,Brain & Memory,Mega We Care Nat Mag เมก้า วีแคร์ แนท แมก [30 เม็ด] แมกนีเซียม,174.0,590.0,120.0,Pathum Thani
4804253656,Slimming Beverages,(ฉลากอังกฤษ) 102 กรัม Herbalife Lemon and Hibiscus Tea Mix เครื่องดื่มชาเขียวผงสกัดกลิ่นมะนาว,728.0,,,Lampang
4800071501,Slimming Beverages,กาแฟ โกโก้ ชัวร์เฮิร์บ ตัวช่วยของคนอยากหุ่นสวย แบ่งขาย 10 ซอง,109.0,,,Songkhla
4800027335,Slimming Beverages,โกโก้ไนท์ cocoa ซื้อ 2 แถม1,250.0,,,Phetchaburi
4799949621,Slimming Beverages,น้ำชงคุมหิวรสแตงโม 2 แถมกาแฟ3ซอง,580.0,,,Ratchaburi
4798903490,Slimming Beverages,(ส่งฟรี) น้ำแตงโมรียา น้ำชงแตงโม คุมหิว ลดพุง,290.0,,,Nakhon Pathom
4797279163,Slimming Beverages,แถมฟรี S-Fiber 1 กระปุก [2 แพค] กาแฟแจ่มใส Jamsai Cordyceps Coffee แจ่มใส คอฟฟี่ [15 ซอง] กาแฟ สำเร็จรูป,208.0,,,Pathum Thani
4797229355,Slimming Beverages,แถมฟรี S-Fiber 2 กระปุก [4 แพค] กาแฟแจ่มใส Jamsai Cordyceps Coffee แจ่มใส คอฟฟี่ [15 ซอง] กาแฟ สำเร็จรูป,409.0,,,Pathum Thani
4795716558,Slimming Beverages,[ส่งฟรี] โกโก้ไนน์ กาแฟไนน์ ชาเขียวไนน์ น้ำผักไนน์ [แบบซอง] [โปร1แถม2] [ของแท้ 100%] ควบคุมน้ำหนัก ขับถ่ายดี NINE COCOA/COFFEE/GREEN TEA,590.0,,,Bangkok
4795404685,Slimming Beverages,1แถม1 รวม 2 ถุง NIKO S นิโกะเอส ผงบุกชง รสลิ้นจี่ ผงบุกชง หุ่น ขับถ่าย ผิว 1 ถุง 5 ซอง,210.0,,,Bangkok
4795186457,Slimming Beverages,[4 แถม 2] Jamsai Cordyceps Coffee แจ่มใส คอฟฟี่ [15 ซอง] กาแฟแจ่มใส ถั่งเช่า กาแฟถังเช่า,410.0,,1.0,Pathum Thani
4795131717,Slimming Beverages,[2 แถม 1] Jamsai Cordyceps Coffee แจ่มใส คอฟฟี่ [15 ซอง] กาแฟแจ่มใส ถั่งเช่า กาแฟถังเช่า,209.0,,1.0,Pathum Thani
4794975540,Slimming Beverages,จินดา Jindar Coffee Jindar Darkcocoa กาแฟจินดา โกโก้จินดา จินดาคอฟฟี่ จินดาดาร์กโกโก้ คุมหิว ลดการกินจุกจิก อิ่มนาน บล็อกแป้ง น้ำตาล 3 แถม 3,1000.0,,,Bangkok
4794523366,Slimming Beverages,แท้ 100 %  น้ำชงแตงโม  น้ำแตงโมรียา ช่วยคุมหิว และเร่งเผาผลาญ,290.0,,1.0,Bangkok
4793465992,Slimming Beverages,พร้อมส่ง กาแฟNB nb Coffee กาแฟเอ็นบี กาแฟครูเบียร์ NB Coffee 1 ห่อม มี 7 ซอง โฉมใหม่,185.0,,,Bangkok
4793396218,Slimming Beverages,[4 กล่อง] กาแฟ Pananchita S Sure Coffee ปนันชิตา เอส ชัวร์​ คอฟฟี่ [10 ซอง] กาแฟเป้ย เป้ย ปานวาด,919.0,,3.0,Pathum Thani
4793287522,Slimming Beverages,[2 กล่อง] กาแฟ Pananchita S Sure Coffee ปนันชิตา เอส ชัวร์​ คอฟฟี่ [10 ซอง] กาแฟเป้ย เป้ย ปานวาด,468.0,,,Pathum Thani
4793205579,Slimming Beverages,Pananchita S Sure Coffee ปนันชิตา เอส ชัวร์​ คอฟฟี่ [3 กล่อง] กาแฟ กาแฟเป้ย เป้ย ปานวาด,690.0,,1.0,Pathum Thani
4793035955,Slimming Beverages,Pananchita S Sure Coffee ปนันชิตา เอส ชัวร์​ คอฟฟี่ [10 ซอง] กาแฟ กาแฟเป้ย เป้ย ปานวาด,240.0,,3.0,Pathum Thani
4792837230,Slimming Beverages,โกโก้ยอดรัก คุมหิว อิ่มนาน น้ำหนักลงไว,550.0,,,Chiang Rai
4792774907,Slimming Beverages,**พร้อมส่ง** ชาผลไม้ ลดบวม ลดโซเดียม TTM Ticha,340.0,,,Nakhon Pathom
4792627942,Slimming Beverages,โกโก้ยอดรัก คุมหิว อิ่มนาน น้ำหนักลงไว,290.0,,,Chiang Rai
4790225362,Slimming Beverages,❗️1แถม1 NIKO S ❗️นิโกะเอส ผงบุกชง - อร่อย ทานง่ายไม่มีน้ำตาล - หมายเลขใบอนุญาต/อย. 7312615850345 #นิโกะเอส #NIKOS #NIKO,200.0,,,Chachoengsao
4789597279,Slimming Beverages,1แถม1 Niko S น้ำชงนิโกะ เอส รสลิ้นจี่ ห่อบรรจุ5ซอง,200.0,,,Songkhla
4789519554,Slimming Beverages,(1 แถม 1) NIKO S ผลิตภัณฑ์เสริมอาหาร นิโกะเอส นิโกะเอสของแท้ ผงบุกชงดื่ม รสลิ้นจี่ คุมหิว อิ่มนาน (1 ห่อมี 5 ซอง),200.0,20.0,1.0,Songkhla
4789202673,Slimming Beverages,biovitt AG+ Honey Americano Coffee Flavor ผลิตภัณฑ์เสริมอาหาร (รสอเมริกาโน่) ทานง่าย หอมอร่อย เข้มข้นถึงกาแฟดำ  แคลเซียมสูง  0% fat,299.0,,,Bangkok
4789169047,Slimming Beverages,จินดา Jindar Coffee Jindar Darkcocoa กาแฟจินดา โกโก้จินดา จินดาคอฟฟี่ จินดาดาร์กโกโก้ คุมหิว ลดการกินจุกจิก อิ่มนาน บล็อกแป้ง น้ำตาล 3 แถม 3,1000.0,,,Bangkok
4788919843,Slimming Beverages,จินดา Jindar Coffee Jindar Darkcocoa กาแฟจินดา โกโก้จินดา จินดาคอฟฟี่ จินดาดาร์กโกโก้ คุมหิว ลดการกินจุกจิก อิ่มนาน บล็อกแป้ง น้ำตาล 1 แถม 1,390.0,,,Bangkok
4787335176,Slimming Beverages,เอสชัวร์กาแฟ กาแฟคุมหิว,330.0,,0.0,Chiang Rai
4787098939,Slimming Beverages,โกโก้คุมหิว,330.0,,,Chiang Rai
4785471230,Slimming Beverages,Per Peach Fiber (7 ซอง),275.0,,,Buri Ram
4785196645,Slimming Beverages,กาแฟแจ่มใส 1 แถม 1 สมุนไพรมากถึง 22 ชนิด คุมหิว อิ่มนาน ไม่มีน้ำตาล ลดทานจุกจิก ท้าให้ลอง !!,199.0,13.0,6.0,Nan
4784831642,Slimming Beverages,Nature Tea เนเจอร์ที,775.0,,,Chiang Rai
4784824594,Slimming Beverages,Nature Tea unicity เนเจอร์ที ยูนิซิตี้,775.0,5.0,2.0,Chiang Rai
4784604056,Slimming Beverages,Niko S Fiber นิโกะ เอส ไฟเบอร์1 ห่อ มี 5ซอง (1แถม1),200.0,,,Nakhon Sawan
4784293924,Slimming Beverages,*พร้อมส่ง* ชาYerba Mate เซ็ตละ10ซอง ชาลดไขมัน หรือดื่มก่อนออกกำลังกายช่วยเผาผลาญมากขึ้น,80.0,,2.0,Uttaradit
4784209348,Slimming Beverages,เอสชัวร์โกโก้ - SSURE COCOA เบิร์นไขมัน ลดพุงหมาน้อย,330.0,,,Ratchaburi
4782941002,Slimming Beverages,JP Whey โปรตีนพืช ลดไขมัน รสช้อคโกแลต ไอโซเลทโปรตีน ออร์แกนิก,820.0,,1.0,Phra Nakhon Si Ayutthaya
4781601248,Slimming Beverages,S Sure coffee กาแฟเป้ย กาแฟแม่เป้ย เอสชัวร์คอฟฟี่ เอสชัวร์โกโก้,269.0,,1.0,Bangkok
4781553613,Slimming Beverages,โปรโมชั่น 5 กล่อง S Sure coffee กาแฟเป้ย กาแฟแม่เป้ย เอสชัวร์คอฟฟี่ เอสชัวร์โกโก้ จำนวน 5 กล่อง,1345.0,,1.0,Bangkok
4794523366,Slimming Beverages,แท้ 100 %  น้ำชงแตงโม  น้ำแตงโมรียา ช่วยคุมหิว และเร่งเผาผลาญ,580.0,,1.0,Bangkok
4787335176,Slimming Beverages,เอสชัวร์กาแฟ กาแฟคุมหิว,890.0,,0.0,Chiang Rai
344858315,Slimming Beverages,Vitaccino coffee เกรดเอ มีสติกเกอร์ LIDA กาแฟลดน้ำหนัก กาแฟดำ ไวแทคชิโน อีริต้า กาแฟ 15 ซอง,118.0,,6777.0,Bangkok
3451145186,Slimming Beverages,BLAZO COFFEE  กาแฟ ตรา เบลโซ่ คอฟฟี่(29 IN 1) 1 ห่อบรรจุ 20 ซอง (น้ำหนักสุทธิ  340 กรัม),189.0,,1103.0,Bangkok
3483869110,Slimming Beverages,โปร 2 แถม 1 กาแฟยายณีสวีเดน ยายณี ยายณีสวีเดน หนูนาสวีเดน Noonasweden (กาแฟ 3 ห่อ ),420.0,2024.0,281.0,Bangkok
2459859448,Slimming Beverages,กาแฟดำลดน้ำหนัก กาแฟดำ กาแฟดำกิฟฟารีน กาแฟบด (1ห่อ 30 ซอง) กิฟฟารีน รอยัล คราวน์ แบลค Royal Crown Black Giffarine กาแฟสำเร็จรูปผสมชนิดเกล็ด,130.0,2516.0,478.0,Bangkok
4616782258,Slimming Beverages,ส่งฟรี! ถูกสุด!! Coffee Cactus กาแฟกระบองเพชร ใบหม่อน ผลิตจากสมุนไพรจากธรรมชาติ ใยอาหาร  20 ซอง,128.0,298.0,58.0,Bangkok
4280687037,Slimming Beverages,กาแฟทรีเมจิก tri magic ถุงใหญ่(เปลี่ยนถุงใหม่คุณภาพเดิม) 1 ถุง,229.0,1109.0,335.0,Bangkok
4631120320,Slimming Beverages,พร้อมส่ง * [ชามาลี] ของแท้100%ชาดีท็อกซ์ ชาสมุนไพรดีท็อกซ์ ชาสมุนไพร DETOX ลดน้ำหนัก เร่งเผาผลาญ ลดไขมัน ลดพุง ขับถ่ายดี,130.0,1265.0,164.0,Bangkok
4184791454,Slimming Beverages,[แพคเกจใหม่ ของแท้ ส่งKerry] ArisS อริสเอส Aris S อลิสเอส น้ำผักชงดื่ม ไฟเบอร์ผัก ดีทอคผัก [1 กล่อง = 10 ซอง],205.0,1324.0,90.0,Samut Prakan
3166019955,Slimming Beverages,สมุนไพรพลอยบุหลันสูตรหญ้าหวาน,129.0,695.0,77.0,Nakhon Ratchasima
2120338357,Slimming Beverages,กาแฟดอกเด่ 1 ห่อ 25 ซอง คุมหิว อิ่มนาน ต้องลอง,148.0,6092.0,951.0,Bangkok
4179329415,Slimming Beverages,กาแฟดอกเด่ ชุด 2 ห่อ💥พร้อมส่ง ค่าส่งถูก  ราคาถูก  ของแท้💯 2ห่อ50 ซอง ของแท้,295.0,432.0,54.0,Bangkok
3522841821,Slimming Beverages,สมุนไพรพลอยบุหลัน สูตรหญ้าหวาน สุดคุ้ม‼️แพค2ห่อ Ploy bulan,259.0,355.0,49.0,Nakhon Ratchasima
4476026204,Slimming Beverages,[ของแท้100%] Jelly Fiber เจลลี่ไฟเบอร์ ลดพุง ลดน้ำหนัก 1กล่อง/5 ซอง,124.0,780.0,86.0,Bangkok
4295250146,Slimming Beverages,⚡️ล็อตใหม่⚡️กาแฟคุมมน้ำหนัก ✔️คอฟฟี่CoffeeLiso กาแฟ 3in1 ⚡️ลิโซ่กาแฟมีแถบมุมแดงของแท้100%‼️,118.0,3414.0,352.0,Sakon Nakhon
2594236345,Slimming Beverages,กาแฟละมุน #Lamooncoffee ขอฃแท้ 100%,139.0,599.0,40.0,Songkhla
3055476888,Slimming Beverages,กาแฟเพิ่มสุข permsuk coffee /1ถุง,179.0,1620.0,172.0,Bangkok
3825719118,Slimming Beverages,รุ่นใหม่! ชามาลีแบบผง ชนิด ชง ชาสมุนไพร ชนิดชงดื่ม (1ซอง ),128.0,6125.0,875.0,Bangkok
2600384025,Slimming Beverages,BLAZO COFFEE กาแฟตราเบลโซ่ กาแฟเพื่อสุขภาพ กาแฟลดน้ำหนัก กาแฟ เบลโซ่ คอฟฟี่ กาแฟBlazo กาแฟเบนโซ บราโซ กาแฟสมุนไพร (1ห่อ : 20ซอง),199.0,1060.0,242.0,Samut Prakan
3327002752,Slimming Beverages,โกโก้นางบี Be easy cocoa บีอีซี่ โกโก้ลดหุ่นดี อิ่มนาน 10 ซอง ( 1 กล่อง),140.0,2345.0,315.0,Bangkok
4026598493,Slimming Beverages,✅คูปองส่งฟรี [🔥ล็อตใหม่ล่าสุด]** 🥭Melis มีลิส / 🥦Aris S อริส เอส (15 แคปซูล/10 ซอง) Mar Brand น้ำผักอริสเอส ไฟเบอร์ผัก ดีท็อกซ์น้ำผัก,239.0,552.0,76.0,Nakhon Ratchasima
4682736885,Slimming Beverages,กาแฟแจ่มใส กาแฟถั่งเช่าทอง Jamsai Cordyceps Coffee 1 ห่อ บรรจุ 15 ซอง ( ซื้อ 2 ห่อ แถม ดีท็อกซ์ 1กระปุก ),350.0,923.0,222.0,Bangkok
4461031845,Slimming Beverages,ชาเขียว ปันนี่ By เจ้ยุ้ย บรรจุ 20 ซอง/ห่อ (3 ห่อ) 60 ซอง,199.0,53.0,15.0,Bangkok
4506624986,Slimming Beverages,พี่หนิงคอฟฟี่ กาแฟพี่หนิง P Ning Coffee (10 ซอง)ชนิดผง แคลต่ำ,138.0,523.0,75.0,Bangkok
4283378457,Slimming Beverages,โกโก้นางบี ซื้อ2 แถม 1 Be easy cocoa บีโกโก้ (3ห่อ),435.0,362.0,54.0,Bangkok
2980786571,Slimming Beverages,กาแฟวัวชน(coffeelikeextra)1กล่อง,198.0,2292.0,407.0,Bangkok
4112790362,Slimming Beverages,ลดราคา 7 วัน ชามาลีแบบผง ชนิดชง ชาสมุนไพร ชนิดชงดื่ม ชาดีท็อกซ์ กลิ่นและรสส้มซิตรัส (ขนาดบรรจุ 150 กรัม),133.0,,1821.0,Bangkok
2511750991,Slimming Beverages,** 1 แถม 1 ** Bean'P Coffee กาแฟบีนพี Bean P คอฟฟี่ อร่อยไร้น้ำตาลเพื่อสุขภาพและรูปร่างที่ดียิ่งขึ้น บรรจุ 10 ซอง / 1 กล่อง,202.0,7600.0,1158.0,Bangkok
2600278778,Slimming Beverages,BLAZO COFFEE กาแฟตราเบลโซ่ กาแฟเพื่อสุขภาพ กาแฟลดน้ำหนัก กาแฟ เบลโซ่ คอฟฟี่ กาแฟBlazo กาแฟเบนโซ บราโซ กาแฟสมุนไพร (2ห่อ : 40ซอง),399.0,1172.0,287.0,Samut Prakan
4277167488,Slimming Beverages,โฉมใหม่✨p ning น้ำชงพี่หนิง cocoaโกโก้พี่หนิง ชงอิ่ม(1 ห่อ ),136.0,503.0,84.0,Bangkok
1149460514,Slimming Beverages,กาแฟ ดีแน่ แพค 30 ซอง,315.0,4982.0,632.0,Bangkok
4225589083,Slimming Beverages,ชาเขียวคุมหิว ชาคุณพราว ลดน้ำหนัก สูตรพุงยุบ ลดไขมัน กลิ่นหอม ทานง่าย,75.0,1802.0,403.0,Bangkok
732786485,Slimming Beverages,Vitaccino coffee กาแฟดำ ไวแทคชิโน อีริต้า กาแฟ 15 ซอง,119.0,,3016.0,Bangkok
3466487044,Slimming Beverages,กาแฟเฉลิมพล/1กล่อง,300.0,225.0,21.0,Bangkok
4193580557,Slimming Beverages,กาแฟ srim shape 1 กล่อง 15 ซอง ส่งฟรี กาแฟสลิมเชฟ,419.0,30.0,7.0,Pathum Thani
2421448182,Slimming Beverages,กาแฟดอกเด่ ชุด 2 ห่อ 50 ซอง,319.0,5786.0,996.0,Bangkok
4430928689,Slimming Beverages,📣📣🇰🇷[พร้อมส่ง]น้ำฟักทองสูตรเฉพาะแบรนgnm,359.0,183.0,23.0,Pathum Thani
4269848253,Slimming Beverages,โกโก้ยายณี Cocoa เอ็นเน่ โกโก้ยายณีสวีเดน ยายณี หนูนาสวีเดน Noonasewden,150.0,152.0,16.0,Bangkok
4393359082,Slimming Beverages,กาแฟม้าขาว(makhaw)แบบ12ซอง1กล่อง,194.0,517.0,114.0,Bangkok
1156242561,Slimming Beverages,Starbucks Coffee Capsule Nespresso แคปซูลกาแฟสตาร์บัค For Nespresso Machine (บรรจุกล่องละ 10 แคปซูล),199.0,8794.0,622.0,Pathum Thani
1324424108,Slimming Beverages,สลิมคอฟฟี่ ( 2 กล่อง) กาแฟ กล่องกระดาษตรามังกร ลดน้ำหนัก บรรจุ 15 ซอง,240.0,,2240.0,Bangkok
4808549166,Protein,Goodies โปรตีนพืชรสช็อคโกแลต 1 กระปุก,1390.0,,,Nakhon Pathom
4803906042,Protein,WINK WHITE XS PROTEIN PINK MILK  WHEY L-CARNITINE PINK MILK โปรตีนนมชมพู,1760.0,,,Lopburi
4803821511,Protein,WINK WHITE XS PROTEIN COOKIE & CREAM โปรตีนคุกกี้แอนด์ครีม,1760.0,,,Lopburi
4802543004,Protein,[ เช็ตใหญ่ ] WINK WHITE XS Protein โปรตีนชงผอม,2580.0,,,Lopburi
4802454094,Protein,[ สินค้าใหม่ ] WINK WHITE XS Protein โปรตีนชงผอม,490.0,,,Lopburi
4802206407,Protein,MATELL Soy Protein Isolate Plant based ถั่วเหลือง ซอย โปรตีน ไอโซเลท (Non Whey เวย์),259.0,,,Maha Sarakham
4801026156,Protein,Pick ‘n Mix: Four Sachets in Mixed Flavours,450.0,,,Samut Sakhon
4799582423,Protein,เวย์โปรตีนแบ่งขาย แบบไม่บวกราคาเพิ่ม เหมาะสำหรับทดลองหรืองบน้อย,319.0,8.0,,Trat
4799172144,Protein,"[Pre-Order 999.-] Merry Plant Protein :  Strawberry Milk Flavor 1 กระปุก 2.3lb. / 1,050g.",999.0,,,Bangkok
4799138415,Protein,"[Pre-Order Buy 4 Get 1] Merry Plant Protein : 4 Flavor 3 กระปุก เเถม 1 [ 2.3lb. / 1,050g. ]",3590.0,,1.0,Bangkok
4799056789,Protein,"[Pre-Order 999.-] Merry Plant Protein :  Mixed Berries Flavor 1 กระปุก 2.3lb. / 1,050g.",999.0,,,Bangkok
4797617787,Protein,Sarms Anavar อนาว่า เสริมสร้างโปรตีน การสร้างและฟื้นฟูกล้ามเนื้อให้แข็งแรง,1250.0,,,Chonburi
4797557916,Protein,BAAM MY WHEY PROTEIN 10 LBS FITWHEY เวย์โปรตีนเพิ่มกล้ามเนื้อ ลดไขมัน รส ชาเขียว Matcha Green Tea,3198.0,,,Samut Prakan
4796947884,Protein,"Merry Plant Protein โปรตีนพืช 5 ชนิด : รส Mixed Berry Flavor 1 กระปุก 2.3lb. / 1,050g. [ 20 Servings ]",1290.0,8.0,2.0,Bangkok
4796929893,Protein,"Merry Plant Protein โปรตีนพืช 5 ชนิด : รส Strawberry Milk Flavor 1 กระปุก 2.3lb. / 1,050g. [ 20 Servings ]",1290.0,8.0,1.0,Bangkok
4796920922,Protein,"Merry Plant Protein โปรตีนพืช 5 ชนิด : รส Thai Tea Flavor 1 กระปุก 2.3lb. / 1,050g. [ 20 Servings ]",1290.0,,1.0,Bangkok
4796895555,Protein,"Merry Plant Protein โปรตีนพืช 5 ชนิด : รส Matcha Green Tea Flavor 1 กระปุก 2.3lb. / 1,050g. [ 20 Servings ]",1290.0,8.0,2.0,Bangkok
4796804576,Protein,POW DAILY พาวเดลี่ โปรตีนเพื่อสุขภาพ เป็นมากกว่าโปรตีน ให้มากกว่าความอิ่ม,1980.0,,,Sakon Nakhon
4795760769,Protein,Wink White XS PROTEIN PINK MILK FLAVOR วิ้งไวท์ เอ็กซ์เอส โปรตีน โปรตีนลดน้ำหนัก โปรตีนคุมหิว ลดความอยากอาหาร เร่งเผาผลาญ รสนมชมพู 1 กระปุก,490.0,,,Bangkok
4795495546,Protein,Wink White XS PROTEIN วิงค์ไวท์ เอ็กซ์เอส โปรตีน โปรตีนพืช Plant-Based โปรตีนคุมหิว โปรตีนลดน้ำหนัก อิ่มนาน ลดการอยากอาหาร เผาผลาญไขมัน 240g. 1 กระปุก,490.0,,,Bangkok
4793212727,Protein,Scoopp Special Set โปรตีนจากพืช รสโกโก้ดัชท์ กลิ่นเฮเซลนัท Plant Protein - Cocoa Dutch Hazelnut Flavor (1Shaker+3Sachets) (300 g),490.0,,,Bangkok
4791722128,Protein,Protein Plant โปรตีนแพลนท์ สูตร 4 (รสคุกกี้ครัมบ์) ขนาด 2 ปอนด์ 2LBS 900 กรัม/กระปุก โปรตีนจากพืช 5 ชนิด ออแกรนิก ปลอด GMO มีโพรไบโอติกส์ 6 สายพันธุ์,590.0,,,Bangkok
4791709193,Protein,Protein Plant โปรตีนแพลนท์ สูตร 4 (รสโกโก้ ช็อกโกแลต) ขนาด 2 ปอนด์ 2LBS 900 กรัม/กระปุก โปรตีนจากพืช 5 ชนิด ออแกรนิก ปลอดGMO มีโพรไบโอติกส์ 6 สายพันธุ์,590.0,,,Bangkok
4791668474,Protein,Protein Plant โปรตีนแพลนท์ สูตร 4 (รสคุกกี้ครัมบ์) ขนาด 5 ปอนด์ ปริมาณ 2.27kg./กระปุก โปรตีนพืช 5 ชนิด ออแกรนิก ปลอด GMO มีโพรไบโอติกส์ 6 สายพันธุ์,1490.0,,,Bangkok
4791644157,Protein,ใหม่! Super You - ซูเปอร์ เคลียร์ โปรตีน (น้ำแดง) โปรตีนใส - Suuper Clear Protein,599.0,,,Bangkok
4791635081,Protein,โปรตีนแพลนท์ PROTEIN PLANT สูตร 4 (รสคุกกี้ครัมบ์) ขนาด 5 ปอนด์ ปริมาณ 2.27kg./กระปุก โปรตีนพืช 5 ชนิด ออแกรนิก ปลอด GMO มีโพรไบโอติกส์ 6 สายพันธุ์,1490.0,,,Bangkok
4791535404,Protein,โปรตีนแพลนท์ PROTEIN PLANT สูตร 4 (รสวานิลลา) ขนาด 2 ปอนด์ 2LBS 900 กรัม/กระปุก โปรตีนจากพืช 5 ชนิด ออแกรนิก ปลอด GMO มีโพรไบโอติกส์ 6 สายพันธุ์,590.0,,,Bangkok
4791527711,Protein,PROTEIN PLANT โปรตีนแพลนท์ สูตร 4 (รสองุ่น) ขนาด 2 ปอนด์ 2LBS 900 กรัม/กระปุก โปรตีนจากพืช 5 ชนิด ออแกรนิก ปลอด GMO มีโพรไบโอติกส์ 6 สายพันธุ์,590.0,,,Bangkok
4791485993,Protein,PROTEIN PLANT โปรตีนแพลนท์ สูตร 4 (รสโกโก้ ช็อกโกแลต) ขนาด 5 ปอนด์ ปริมาณ 2.27kg./กระปุก โปรตีนพืช 5 ชนิด ออแกรนิก ปลอด GMO มีโพรไบโอติกส์ 6 สายพันธุ์,1490.0,,,Bangkok
4791467628,Protein,โปรตีนแพลนท์ PROTEIN PLANT สูตร 4 (รสชานมไต้หวัน) ขนาด 5 ปอนด์ ปริมาณ 2.27kg./กระปุก โปรตีนพืช 5 ชนิด ออแกรนิก ปลอด GMO มีโพรไบโอติกส์ 6 สายพันธุ์,1490.0,,,Bangkok
4791452706,Protein,โปรตีนแพลนท์ PROTEIN PLANT สูตร 4 (รสมิกซ์ เบอร์รี่) ขนาด 2 ปอนด์ 2LBS 900 กรัม/กระปุก โปรตีนจากพืช 5 ชนิด ออแกรนิก ปลอด GMO มีโพรไบโอติกส์ 6 สายพันธุ์,590.0,,,Bangkok
4791181221,Protein,วีแกน มัลติ แพลนท์ โปรตีน   โปรตีน มนถั่วเหลือง ถั่วเหลือง โปรตีนสกัดจากถั่วเหลือง และโปรตีนสกัดจากถั่วลันเตาสีทอง,262.5,22.0,2.0,Bangkok
4790997089,Protein,เวย์โปรตีนรสชาเขียว,1799.0,,,Bangkok
4790944274,Protein,เวย์โปรตีนรสดาร์กช็อคโกแลต,1799.0,,1.0,Bangkok
4790845882,Protein,เวย์โปรตีนรสริสช็อคโกแลต,1799.0,,,Bangkok
4789217915,Protein,BAAM My Whey Protein 1 LB/3LBเวย์โปรตีนสำหรับคนสร้างกล้ามเนื้อ ลีนใขมัน,410.0,,,Bangkok
4787814020,Protein,PROTEIN PLANT สูตร 4 โปรตีนแพลนท์ (รสลิ้นจี่ ซากุระ) ขนาด 2 ปอนด์ 2LBS 900 กรัม/กระปุก โปรตีนจากพืช 5 ชนิด ออแกรนิก ปลอด GMO มีโพรไบโอติกส์ 6 สายพันธุ์,590.0,,1.0,Bangkok
4787798721,Protein,Protein Bar Chocolate Banana🍫🍌,115.0,,,Bangkok
4787769418,Protein,PROTEIN PLANT สูตร 4 โปรตีนแพลนท์ (รสวานิลลา) ขนาด 2 ปอนด์ 2LBS 900 กรัม/กระปุก โปรตีนจากพืช 5 ชนิด ออแกรนิก ปลอด GMO มีโพรไบโอติกส์ 6 สายพันธุ์,590.0,,,Bangkok
4787742307,Protein,PROTEIN PLANT สูตร 4 โปรตีนแพลนท์ (รสชาเขียว มัชฉะ) ขนาด 2 ปอนด์ 2LBS 900 กรัม/กระปุก โปรตีนจากพืช 5 ชนิด ออแกรนิก ปลอด GMO มีโพรไบโอติกส์ 6 สายพันธุ์,590.0,,,Bangkok
4803821511,Protein,WINK WHITE XS PROTEIN COOKIE & CREAM โปรตีนคุกกี้แอนด์ครีม,3700.0,,,Lopburi
4797440984,Protein,MaxTech Isolate Protein รส นม Milk Flavor ลดไขมัน เพิ่มกล้ามเนื้อ V.22,690.0,5.0,,Chiang Mai
4797439926,Protein,เซ็ต3ถุง รส นม X3 โปรตีนสูง 33 กรัม Isolate Milk Flavor เวย์โปรตีน ไอโซเลท ลดไขมัน เพิ่มกล้ามเนื้อ V.21,1535.0,5.0,1.0,Chiang Mai
3903910125,Protein,MATELL Pea Protein Isolate พี โปรตีน ไอโซเลท Plant-based โปรตีนถั่วลันเตา Non Whey,199.0,,2144.0,Khon Kaen
2063306023,Protein,2 ซอง GROW โปรตีนจากพืชผสม ธัญพืช งาดำ ข้าวโอ๊ต ไม่มีน้ำตาล ขนาด 300 กรัม,599.0,103.0,24.0,Pathum Thani
2345028829,Protein,MATELL Soy Protein Isolate Plant Based ถั่วเหลือง ซอย โปรตีน ไอโซเลท (Non Whey เวย์ ),249.0,,26177.0,Khon Kaen
587300035,Protein,MS SOY PROTEIN ISOLATE เวย์โปรตีน ซอยโปรตีน โปรตีนถั่วเหลืองแท้ 100% กล้ามเนื้อ  แพ้เวย์ whey โปรตีนนมทานได้,279.0,,4651.0,Bangkok
2832995512,Protein,The Slimplanet 's Daily Protein Shakeโปรตีนพืช,950.0,17.0,6.0,Bangkok
2719283513,Protein,(1 กระปุก ชาไทย) Biovitt Whey Protein THAI TEA ไบโอวิต เวย์โปรตีน  โปรตีน แน่น 33 กรัม รสเข้ม ชาไทย หอม   ขนาด  2 ปอนด์,999.0,342.0,50.0,Samut Prakan
3351038872,Protein,KoKori NEPHRA WHEY Vanilla Flavour โปรตีนไข่ขาวรสวานิลลา นมไข่ขาวสำหรับผู้ป่วยโรคไต ทานเสริมโปรตีน ทานแทนไข่ขาว 1 ซองมีโปรตีนเท่ากับไข่ขาว 3 ฟอง,509.0,4152.0,461.0,Samut Prakan
3379063999,Protein,KoKori NEPHRA WHEY Coffee Flavour  โปรตีนไข่ขาวรสกาแฟ  นมไข่ขาว นมไข่ขาวสำหรับผู้ป่วยโรคไต ทานเสริมโปรตีน ทานแทนไข่ขาว 1 ซองมีโปรตีนเท่ากับไข่ขาว 3ฟอง,509.0,838.0,186.0,Samut Prakan
343726461,Protein,MATELL Whey Protein Isolate เวย์ โปรตีน ไอโซเลท Non Soy ไม่มีซอย ผสม Collagen,449.0,,11367.0,Khon Kaen
3769830406,Protein,MATELL Plant-Based Protein Isolate แพลนต์เบสด์ ไอโซเลท โปรตีนพืช 7 ชนิด Non Whey เวย์ 908g,449.0,,6282.0,Khon Kaen
1825876336,Protein,MS WHEY PROTEIN 100% เวย์โปรตีนแท้ ขนาด 2 LB โปรตีนนม ลดไขมัน เพิ่มกล้ามเนื้อ ลดหิว คุมน้ำหนัก อร่อย  ธรรมชาติ ไร้สารเติมแต่ง ไม่ใช่soyถั่วเหลือง,569.0,2994.0,572.0,Bangkok
4369979918,Protein,เวย์โปรตีน x3 Max Premium รส ช็อคโกแลต ถุงละ 1 กิโล 3ถุง #V15,1498.0,629.0,215.0,Chiang Mai
3609644174,Protein,MAXWELL Whey protein isolate 100% แมกซ๋เวล เวย์โปรตีน ไอโซเลท แท้ 100% ไม่ผสมถั่วเหลือง ทานง่าย เสริมสร้างกล้ามเนื้อ,989.0,130.0,21.0,Nakhon Ratchasima
870284070,Protein,(1 กระปุก ช็อค )biovitt Whey Protein Isolate เวย์โปรตีน ไอโซเลท 2 ปอนด์ เข้มช็อก โปรตีนสูง สร้างกล้ามเนื้อ ลีนไขมัน,999.0,1202.0,180.0,Samut Prakan
3904486487,Protein,MATELL Pea Protein Isolate พี โปรตีน ไอโซเลท ถั่วลันเตา Non Whey โปรตีนพืช Plantbased แถม แก้วเชค สุ่มสี Shaker 500 ml,239.0,614.0,142.0,Khon Kaen
3930251801,Protein,ชเวนปรัสยี่ห้อดาร์เบอร์ 1กก. แยมมะขามป้อม,299.0,11.0,3.0,Amnat Charoen
4416116366,Protein,มาโปร เวย์โปรตีนไอโซเลท 1000 กรัม,1300.0,23.0,9.0,Suphan Buri
3386869514,Protein,Am pro Natural Protein Supplement ผลิตภัณฑ์เสริมอาหาร แอม โปร,560.0,343.0,25.0,Surin
4376122225,Protein,วีแกน โปรตีนพืช โปรตีนกิฟฟารีน สูตรหวานปกติ สูตร ไม่หวาน วีแกน มัลติ แพลนท์ โปรตีน Vegan Multi Plant Protein Giffarine,880.0,35.0,9.0,Chiang Mai
4228056104,Protein,Vera whey protein ลดน้ำหนัก 3 รสชาติ,1390.0,56.0,12.0,Bangkok
4728297079,Protein,MX Protein,990.0,,,Chaiyaphum
4650913144,Protein,Zip Whey Protein Plus ซิปเวย์ โปรตีน พลัส,235.0,14.0,4.0,Samut Prakan
4736794912,Protein,Maxwell plant more protein isolate แพลนต์ โปรตีน ไอโซเลท จากพืช 7 ชนิด+ 4 prebiotic เวย์ ลีน ลดน้ำหนัก เพิ่มกล้ามเนื้อ,579.0,5.0,3.0,Nakhon Ratchasima
2459444327,Protein,Grow RED โปรตีนถั่วลันเตาสีเหลือง ผสมผงผักสีแดง แบบซองพกพา เสริมสร้างกล้ามเนื้อ คุมน้ำหนัก,590.0,26.0,4.0,Pathum Thani
4507213645,Protein,Bio Plant 9+ โปรตีนพืช ออร์แกนิค 9 ชนิด รสมอลต์ 2 กล่อง (ให้โปรตีนมากถึง 37 กรัม ต่อซอง),900.0,12.0,2.0,Bangkok
2841674124,Protein,MS PEA PROTEIN ISOLATE ORGANIC เวย์โปรตีนพีช โปรตีนถั่วลันเตา ไอโซเลท 2LB เพิ่มกล้ามเนื้อ ลดไขมัน คุมหิว แพ้wheyทานได้ ถูก รสธรรมชาติแท้,215.0,,4768.0,Bangkok
4075730387,Protein,Try Me Set Mix Flavour: เซ็ทคละรสโปรตีนพืช 6 ซอง เลือกคละ 3 รสได้รสละ 2 ซอง,799.0,441.0,70.0,Bangkok
4299776784,Protein,พี พลีส แพลนท์โปรตีนมิกซ์ รสโกโก้ ( ซุปเปอร์ฟู๊ดโปรตีน),1290.0,57.0,22.0,Bangkok
4606313014,Protein,MaxTech Protein Isolate เวย์โปรตีน ไอโซเลท ลดไขมัน เพิ่มกล้ามเนื้อ V19,690.0,147.0,32.0,Chiang Mai
3281824702,Protein,AW-PLANT PROTEIN โปรตีนพืชหลายชนิด เสริมสร้างกล้ามเนื้อ อื่มท้อง โปรตีนสูง คีโต วีแกน เวย์,399.0,2005.0,547.0,Nonthaburi
3516956448,Protein,Soy Protein Isolate 2.2 lbs ซอยโปรตีนไอโซเลท ขนาด 1000 กรัม ลีน ฟิต กล้ามเนื้อ อิ่มท้อง เวย์โปรตีนถั่วเหลือง,199.0,6934.0,1470.0,Nonthaburi
4371085905,Protein,ส่งฟรี โปรตีนน้ำผลไม้ รสแอปเปิ้ล Maxs Pro Green โปรตีนน้ำผลไม้เจ้าแรก ของแท้100%,2350.0,,,Chiang Mai
4703752313,Protein,โปรตีน กิฟฟารีน วีแกน มัลติ แพลนท์ โปรตีน โปรตีนกิฟฟารีน โปรตีนสกัดจากถั่วเหลือง และโปรตีนสกัดจากถั่วลันเตาสีทอง โปรตีนพืช,808.5,22.0,6.0,Bangkok
4111244990,Protein,MAXWELL Pea Protein Isolate เติม prebiotics โปรตีนถั่วลันเตา โปรตีนพืช plantbased แทน whey protein เวย์ คุมน้ำหนัก,369.0,2010.0,372.0,Nakhon Ratchasima
4043948842,Protein,(แพ็ค 2 ปุก)biovitt SOY PROTEIN ISOLATE เวย์ ซอยโปรตีน ถั่วเหลือง เพิ่มกล้ามเนื้อ ลดไขมัน คุมหิว แพ้ WHEY ทานได้ | 907g.,1350.0,75.0,21.0,Bangkok
264230901,Protein,WHEYWWL เวย์โปรตีนไอโซเลท ลดไขมัน/เพิ่มกล้ามเนื้อ - ขนาด 1 ปอนด์ รสช็อคโกแลต (แถมฟรี! แก้วเชคเกอร์),900.0,574.0,115.0,Nonthaburi
4266879437,Protein,[ส่งฟรี] โปรตีนพืช โปรตีนกิฟฟารีน วีแกน มัลติ แพลนท์ โปรตีน กิฟฟารีน Vegan Multi Plant Protein Giffarine เวย์โปรตีน ของแท้100%,350.0,,,Chanthaburi
4328843807,Protein,วีแกน โปรตีนพืช โปรตีนกิฟฟารีน สูตรหวานปกติ / สูตร ไม่หวาน วีแกน มัลติ แพลนท์ โปรตีน Vegan Multi Plant Protein Giffarine,825.0,28.0,2.0,Chiang Mai
3936212011,Protein,Og Ogain Protein Isolate Multivitamin & Fiber Organic โปรตีน โปรตีนพืช โปรตีนจากพืช โปรตีนสูง โปรตีนทดแทนมื้ออาหาร 600g. 1 ถุง,790.0,6.0,1.0,Bangkok
3904442454,Protein,MATELL Plant-Based Protein Isolate แพลนต์เบสด์ ไอโซเลท Non Whey โปรตีนพืช Plant-based แถม แก้วเชค สุ่มสี Shaker 500 ml,489.0,3916.0,749.0,Khon Kaen
4434870500,Protein,โปรตีน โปรตีนกิฟฟารีน วีแกน มัลติ แพลนท์ โปรตีน โปรตีนสกัดจากถั่วเหลือง สกัดจากถั่วลันเตาสีทอง,825.0,7.0,3.0,Bangkok
4703531062,Protein,[ส่งฟรี] Vismores Plant Protein รส Vanila 1 กระปุก : วนิลา Plant Based โปรตีนพืช โปรตีนสูง 30g วีแกน Vegan เวย์ Whey Non Dairy คีโต รักสุขภาพ แคลอรี่ต่ำ,990.0,,,Bangkok
4428471130,Protein,TREC NUTRITION BOOSTER ISOLATE Whey Protein Isolate - 1.6 lbs  เวย์โปรตีนไอโซเลท 100 % เสริมสร้างกล้ามเนื้อ ลดไขมัน,1340.0,,,Chiang Rai
587300035,Protein,MS SOY PROTEIN ISOLATE เวย์โปรตีน ซอยโปรตีน โปรตีนถั่วเหลืองแท้ 100% กล้ามเนื้อ  แพ้เวย์ whey โปรตีนนมทานได้,199.0,,4651.0,Bangkok
3609644174,Protein,MAXWELL Whey protein isolate 100% แมกซ๋เวล เวย์โปรตีน ไอโซเลท แท้ 100% ไม่ผสมถั่วเหลือง ทานง่าย เสริมสร้างกล้ามเนื้อ,949.0,130.0,21.0,Nakhon Ratchasima
4111244990,Protein,MAXWELL Pea Protein Isolate เติม prebiotics โปรตีนถั่วลันเตา โปรตีนพืช plantbased แทน whey protein เวย์ คุมน้ำหนัก,309.0,2010.0,372.0,Nakhon Ratchasima
4809943579,Immunity,ยกกล่อง!! BAKAMOL Paracetamol 500 mg. บาคามอล พาราเซตามอล 500 มก. บรรเทาปวด ลดไข้ (1 กล่อง = 10 แผง),85.0,,,Bangkok
4800411657,Immunity,"วิตามินซี เคิร์กแลนด์ 
Kirkland Signature Vitamin C  1000 mg. 500 tabs นำเข้าจากอเมริกา",709.0,5.0,3.0,Pathum Thani
4800145158,Immunity,"Glycine & NAC (60 แคปซูล) Do Not Age 1,200 mg.",1190.0,,,Nong Khai
4799815354,Immunity,Glucerna SR กลูเซอนา พลัส รสวานิลลา 1200 g. รุ่นถุงเติม (400ก X 3 ถุง),1480.0,,,Samut Prakan
4795378019,Immunity,[Clearance Deal] Royal Jelly Complex 40 Capsules นมผึ้งจากออสเตรเลีย,109.0,7.0,2.0,Samut Prakan
4787642099,Immunity,(ของแท้ถูกที่สุด) หมดอายุ 14/12/2024 Ensure เอนชัวร์ วานิลลา แบบถุงเติม ขนาด 1200 กรัม (ถุงละ 400 กรัม จำนวน 3 ถุง),1099.0,,,Songkhla
4787582300,Immunity,(แพคคู่) Ensure เอนชัวร์ วานิลลา แบบถุงเติม ขนาด 800 กรัม (ถุงละ 400 กรัม จำนวน 2 ถุง),750.0,,2.0,Songkhla
4787518367,Immunity,(ของแท้ถูกที่สุด) หมดอายุ 14/12/2024 Ensure เอนชัวร์ วานิลลา ถุงเติม 400 กรัม 1 ถุง,370.0,,,Songkhla
4783920024,Immunity,[โฉมใหม่][พร้อมส่ง] Blackmores(แบล็คมอร์) Biotin H+ 60 เม็ด [EXP.23/05/2024],479.0,5.0,,Chiang Mai
4782758612,Immunity,(ของแท้ถูกที่สุด) หมดอายุ 14/12/2024 Ensure เอนชัวร์ วานิลลา แบบถุงเติม ขนาด 1200 กรัม (ถุงละ 400 กรัม จำนวน 3 ถุง),1099.0,5.0,2.0,Songkhla
4781143160,Immunity,Anlene เซตกระเป๋ามัมมี่ ช้อปปิ้ง แอนลีน แอคติฟิต สูตรเเคลเซียมเข้มข้น รสจืดไขมัน 0% (แพ็ค 4) 16x125 มล.,229.0,7.0,1.0,Chachoengsao
4780596266,Immunity,(แพคคู่) Ensure เอนชัวร์ วานิลลา แบบถุงเติม ขนาด 800 กรัม (ถุงละ 400 กรัม จำนวน 2 ถุง),750.0,,,Songkhla
4778219167,Immunity,[ยกกล่อง = 20 แผง]Tylenol 500 mg ไทลินอล 500 มิลลิกรัม ขายยกกล่อง 20 แผง (แผงละ 10 เม็ด),265.0,20.0,1.0,Bangkok
4778062836,Immunity,- ดีท๊อค คลอโรฟิลล์ พลัส D-Toc Chlorophyll Plus,600.0,,,Sukhothai
4778054567,Immunity,[1ขวด=100 เม็ด] TYLENOL 500 mg.ไทลินอล 500 พาราเซตามอล(ยาสามัญประจำบ้าน)100 เม็ด 1 กระปุก,145.0,23.0,11.0,Bangkok
4771081211,Immunity,ใหม่ well u RID-ZII เวล ยู ริด-ซี่ [3 กล่อง] ดูแลเรื่องริดสีดวง สร้างสมดุลระบบขับถ่ายทั้งระบบ,1269.0,6.0,5.0,Pathum Thani
4770046291,Immunity,นิวทริไลท์ ไบโอ ซี พลัส สูตรออลเดย์ 60/120 เม็ด Nutrilite Bio C Plus All Day Formula 60/120 Tablets,543.0,,,Songkhla
4769745080,Immunity,CA-R-BON คา-อา-บอน 1 กล่อง 10 แผง,215.0,,1.0,Chiang Mai
4769460890,Immunity,เซทB1 ดูแลสุขภาพสมดุลภายในภายนอก สบู่ธาร1/ณารเม็ด2/ร่างกาย2/สมอง2,3240.0,,1.0,Bangkok
4768806161,Immunity,(ของแท้ถูกที่สุด) หมดอายุ 14/12/2024 Ensure เอนชัวร์ วานิลลา แบบถุงเติม ขนาด 1200 กรัม (ถุงละ 400 กรัม จำนวน 3 ถุง),1099.0,22.0,9.0,Songkhla
4768604588,Immunity,(ของแท้ถูกที่สุด) หมดอายุ 14/12/2024 Ensure เอนชัวร์ วานิลลา แบบถุงเติม 2.4 Kg (400 กรัม × 6),2220.0,,,Songkhla
4768549117,Immunity,(ของแท้ถูกที่สุด) หมดอายุ 14/12/2024 Ensure เอนชัวร์ วานิลลา ถุงเติม 400 กรัม 1 ถุง,370.0,7.0,2.0,Songkhla
4765954305,Immunity,Aiyara Aimmura ไอยรา เอมมูร่า 1 กล่อง สารสกัดงาดําและธัญพืช ( 60 แคปซูล x 1 กล่อง),1129.0,16.0,,Bangkok
4765615332,Immunity,GlucernaSR กลูเซอนา เอสอาร์วานิลลา  850 กรัมสำหรับผู้ป่วยเบาหวาน,1000.0,,1.0,Samut Prakan
4765209078,Immunity,"21st Century, Calcium Magnesium Zinc + Vitamin D3, 90 tablets (No.8)",172.0,19.0,1.0,Nonthaburi
4764334599,Immunity,"21st Century, Selenium, 200 mcg, 60 Capsules (no.148)",179.0,,,Nonthaburi
4763766670,Immunity,พลูคาวสกัด ภูมิคุ้มกัน ร่างกายสมดุล ส่งฟรี พร้อมส่ง สมุนไพรพลูคาว รณกฤต พลูคาวแคปซูล อาหารเสริมสมุนไพร สะเก็ดเงิน กลากเกลื้อน เชื้อรา,290.0,,0.0,Nonthaburi
4762942843,Immunity,Beta X เบต้าเอ็กซ์ บำรุงปอด ของแท้จากบริษัท ส่งฟรีทั่วไทย พร้อมส่ง 1 กล่อง สารสกัด กระชาย ขิง หม่อน เบต้า-กลูแคน แคโรทีน สังกะสี,490.0,10.0,1.0,Pathum Thani
4762130550,Immunity,Ratcha VITC Vitamin C 200% Pure Power Shot รัชชา วิตามินซี เพียว ช็อต [14 ซอง],167.0,,1.0,Pathum Thani
4761890402,Immunity,Ratcha Vitamin C 200% รัชชา วิตามินซี [14 ซอง] วิตามิน ซี ชงดื่ม รสผลไม้รวม,169.0,6.0,3.0,Pathum Thani
4760798095,Immunity,Spirulina Powder สาหร่ายสไปรูลิน่า ผงสาหร่ายสไปรูลิน่าออร์แกนิค อุดมด้วยโปรตีนและแร่ธาตุ อาหารเสริม บำรุงร่างกาย ขนาด 100 กรัม,290.0,,,Samut Prakan
4759901038,Immunity,AMINO MINUSอะมิโน ไมนัส รส กาแฟ COFFEE แบบกล่อง 1กล่อง=20ซอง,870.0,15.0,4.0,Bangkok
4759282705,Immunity,[1แถม1] Royal Jelly Complex 40 Capsules *2 = 80เม็ด,199.0,46.0,3.0,Samut Prakan
4758728976,Immunity,สาหร่ายเกลียวทอง (Spirulina Tablet) ชนิดอัดเม็ด บรรจุ 120 เม็ด จากบุญสมฟาร์ม (Boonsomfarm),390.0,,,Ubon Ratchathani
4757827747,Immunity,Klean&Kare Normal Kare (Dumbbell) 1000Ml คลีนแอนแคร์ นอร์มอลแคร์ (ดัมเบล) 1000มล.,55.0,8.0,3.0,Chachoengsao
4756948101,Immunity,[สินค้าพร้อมส่ง] Medileen Veronika Plus และ Bwell เซ็ต คู่หูฟื้นฟูผิว เมดิลีน เวโร และ บีเวล,3700.0,6.0,,Bangkok
4756510498,Immunity,น้ำมันอโวคาโดสกัดเย็น Avocado Oil บริบูรณ์ฟาร์ม ขนาด 30 แคปซูล,529.0,,,Bangkok
4755109922,Immunity,BANNER แบนเนอร์ โกลด์พลัส 60 แคปซูล,625.0,,,Bangkok
4752603199,Immunity,BIO C 1000mg แบลคมอร์ส วิตามิน ไบโอ ซี สูตรออสเตรเลีย,260.0,88.0,19.0,Bangkok
4747336779,Immunity,"Now Food โสมอินเดีย Ashwagandha Standardized Extract, 450 mg, 90 cap 180 cap ถูกและคุ้มที่สุด",465.0,9.0,1.0,Nonthaburi
4472325406,Immunity,"Doctor's Best, Betaine HCI Pepsin & Gentian Bitters x 120 แคปซูล (Capsules)",749.0,14.0,3.0,Bangkok
4019003685,Immunity,โปรโมชั่น 5 กล่อง SOM CMAX เอสโอเอ็ม ซีแมคซ์ กาแฟ 5 กล่อง,749.0,139.0,22.0,Bangkok
3085589237,Immunity,Garlic Pearls น้ำมันกระเทียมสกัด 100 เม็ด,85.0,9645.0,1766.0,Bangkok
921350147,Immunity,พร้อมส่ง! ผลิคใหม่❗ ชีววิถี น้ำสมุนไพรตรีผลา รสธรรมชาติ น้ำมะขามป้อม สมอไทย สมอพิเภก 1000 ml,220.0,2522.0,321.0,Nakhon Pathom
4483571081,Immunity,green mulon สารสกัดจากชาเขียว ภูมิแพ้,720.0,122.0,37.0,Bangkok
4712590456,Immunity,คูลแคป koolcapp บรรเทาไข้ 60 แคปซูล,179.0,39.0,10.0,Amnat Charoen
3138128216,Immunity,MATELL Acerola Cherry Vitamin C 1000 mg 50 Tablets อะเซโรล่า เชอร์รี่ วิตามินซี 1000 มก 50 เม็ด,79.0,,6460.0,Khon Kaen
2770499945,Immunity,Probi LP โพรบี แอลพี จุลินทรีย์ โพรไบโอติก 30 แคปซูล [1 กล่อง],538.0,27.0,7.0,Bangkok
2297114751,Immunity,บูสท์ ออปติมัม Whey Protein,795.0,5849.0,1027.0,Lopburi
4680818189,Immunity,เลือดจระเข้แคปซูลตราวินน์ (Wynn) 100แคปซูล งานวิจัยจากม.เกษตรศาสตร์,1299.0,10.0,4.0,Samut Prakan
4683446494,Immunity,"(ของแท้ 100% พร้อมจัดส่ง) กรีน มูลอน GREEN MULON ""แพ็คเกจใหม่"" บรรเทาอาการภูมิแพ้ สร้างภูมิต้านทาน",780.0,6.0,2.0,Bangkok
3884597719,Immunity,Nepro HP Vanilla เนบโปร เอชพี ชนิดน้ำ ขนาด237ml (5แถม1) กลิ่นวนิลลา,729.0,120.0,14.0,Pathum Thani
2694444155,Immunity,Nature’s way Kids Smart Iron+VitaminC ธาตุเหล็กผสมวิตามินซี แบบอมหรือเคี้ยว รสสตอเบอรี่ (วิตามินเหมาะสำหรับเด็กอายุ 2-12ปี) พร้อมจัดส่ง!!!,420.0,45.0,10.0,Nonthaburi
277582293,Immunity,ถั่งเช่า Donutt Cordyceps Plus Multivitamin B ถั่งเช่า มัลติ วิตามินบี 30 แคปซูล (2 กล่อง) แพ็คเก็จใหม่ ล่าสุด !!,230.0,2945.0,585.0,Pathum Thani
4388500716,Immunity,น้ำมันสกัดเย็น 4 ชนิด [ขนาด 100 เม็ด] (ขนาด 100 เม็ด 1 ขวด ฟรี zegasso 1 แผง),449.0,24.0,7.0,Bangkok
957348497,Immunity,จิวยากุ / juuyaku 3 ขวด โปรโมชั่นวันนี้เท่านั้น ผลิตภัณฑ์อาหารเสริมผลิตจากสมุนไพรพลูคาวเข้มข้น 99.3%,1800.0,197.0,29.0,Bangkok
1757016797,Immunity,จมูกข้าว สมฤดี,285.0,393.0,32.0,Bangkok
1649268,Immunity,BOTANICA COLLECTION โบทานีก้า สกัดจากธัญพืช 500กรัม x 3กระปุก,1740.0,274.0,37.0,Bangkok
4006251495,Immunity,มะโฮ(โปร 5 ซอง 400฿)เบต้ากลูแคน 🎈ของแท้ 100% นำเข้าจากญี่ปุ่น(พร้อมส่ง),395.0,519.0,103.0,Bangkok
1607132975,Immunity,"[ รูติน ] Thompson, Rutin 500 mg x 60 เม็ด (Tablets)",479.0,119.0,19.0,Bangkok
277561371,Immunity,ถั่งเช่า Donutt Cordyceps Plus Multivitamin B ถั่งเช่า มัลติ วิตามินบี 30 แคปซูล (3 กล่อง) *แพ็คเก็จใหม่ ล่าสุด,348.0,4082.0,803.0,Pathum Thani
4151308919,Immunity,(((สินค้าขายดี)))เคอร่าสมุนไพร Kerraของแท้ บรรจุ40แคปซูล ส่งไว!,350.0,910.0,118.0,Suphan Buri
2748094270,Immunity,YANHEE ฟ้าทะลายโจร ฉลากเขียว ขนาด60เม็ด,40.0,,3341.0,Bangkok
2296640104,Immunity,Clover Plus IMS อาหารเสริม สารสกัดจากเห็ดชิตาเกะ 1ขวด/30แคปซูล,189.0,53.0,11.0,Bangkok
4641405984,Immunity,Ensure -วานิลลา ชนิดถุง : 400 กรัม จำนวน 3 ถุง (หมดอายุ 2024),985.0,250.0,40.0,Surat Thani
3837126551,Immunity,mamarine bioป้องกันหวัด ภูมิแพ้เสริมวิตามินซี,235.0,911.0,119.0,Pathum Thani
2657121545,Immunity,[ส่งฟรี! พร้อมส่ง] PK Plus Plu Kaow Extract (1 แถม 1 120 แคปซูล) พลูคาวสกัดสูตรเข้มข้น,275.0,578.0,118.0,Saraburi
4318888249,Immunity,"Solgar, Gentle Iron, 25 มก., 90 แคปซูลผัก, ไม่ท้องผูก อ่อนโยนต่อกระเพาะอาหารของคุณ",695.0,116.0,17.0,Nonthaburi
2728390706,Immunity,Life Extension Glycine 1000 mg / 100 Vegetarian Capsules,595.0,99.0,11.0,Nakhon Pathom
2657118326,Immunity,[พร้อมส่ง! ส่งไว] PK Plus Plu Kaow Extract (1 แถม 1 120 แคปซูล)  พลูคาวสกัด,275.0,811.0,176.0,Saraburi
3573080150,Immunity,Lina Green Spirulina 200mg 400tab ลินากรีน สาหร่ายสไปรูลินา ผิวสวย หน้าใส สุขภาพดี สร้างภูมิคุ้มกันร่างกาย,109.0,110.0,22.0,Bangkok
4331475994,Immunity,Nature made super c with vitamin d3 and zinc 200 Tablets,780.0,328.0,80.0,Prachin Buri
4281654503,Immunity,แอมเซล แอลอาร์จีนีน พลัส ซิงค์ 40 แคปซูล,131.0,362.0,62.0,Chonburi
3988136651,Immunity,🇺🇸ของแท้100% พร้อมส่ง Natural Factors Bromelain 500mg pineapple enzyme 90 capsules,689.0,55.0,4.0,Lamphun
4476801650,Immunity,Vistra Livotox 30 Tab ( 1 ขวด) วิสทร้า ลิโวท็อกซ์ ช่วยบำรุงตับ ลดไขมันเกาะตับ เหมาะสำหรับผู้ดื่มแอลกอฮอล์,290.0,31.0,4.0,Bangkok
4632623534,Immunity,Vistra Cordyceps Extract 300mg 30 เม็ด สารสกัดจาก ถั่งเช่า,499.0,,,Bangkok
2846161404,Immunity,ถังเช่า (แบบขวด)  Donutt Cordyceps Plus Multivitamin B ถั่งเช่า มัลติ วิตามินบี 30  แคปซูล,114.0,2421.0,371.0,Bangkok
3690906902,Immunity,[HappyHerb] L-ZE PLUS แอลซีพลัส สมุนไพรเห็ดหลินจือ อาหารเสริมบำรุงสุขภาพ องค์รวม โปร 2 กระปุก,990.0,33.0,8.0,Nonthaburi
1649266,Immunity,BOTANICA COLLECTION โบทานีก้า สกัดจากธัญพืช 500กรัม x 1กระปุก,585.0,1118.0,174.0,Bangkok
4786649565,Immunity,[PRE-SALE] Glucerna SR กลูเซอนา เอสอาร์ วานิลลา 850 กรัม 3 กระป๋อง FREE เครื่องปั่นอเนกประสงค์ + ปิ่นโต 3 ชั้น,4068.0,,1.0,Samut Prakan
4786647505,Immunity,[PRE-SALE] Glucerna SR กลูเซอนา เอสอาร์ วานิลลา 850 กรัม 3 กระป๋อง FREE Anitech เตาปิ้งย่างและสุกี้+กล่อง Superlock 900 มล.,4068.0,,1.0,Samut Prakan
4781819444,Immunity,Zenji C Plus วิตามินซี 1000 มก. จากสารสกัดธรรมชาติ 6 ชนิด (Vitamin C 1000 mg.),289.0,9.0,0.0,Bangkok
4770965854,Immunity,ใหม่ well u RID-ZII เวล ยู ริด-ซี่ [1 กล่อง] ดูแลเรื่องริดสีดวง สร้างสมดุลระบบขับถ่ายทั้งระบบ,549.0,,1.0,Pathum Thani
4744413090,Immunity,"Life Extension, Vitamin B3 Niacin, 500 mg, 100 Capsules LE",450.0,,,Bangkok
4742866772,Immunity,TYLENOL 500 ไทลินอล 500 mg ยาลดไข้ บรรเทาปวด ยาสามัญประจำบ้าน [1 แผงมี 10 เม็ด x 20 แผง = 200 เม็ด] *พร้อมส่ง*,75.0,,,Bangkok
4801104453,Sexual Health Vitamins,อาร์ก เอน ออน กิฟฟารีน อาหารเสริมท่านชาย เสริมสร้างสมรรถภาพทางเพศ ฟรีค่าส่ง,580.0,,,Ubon Ratchathani
4795702361,Sexual Health Vitamins,Jelly โสม รสน้ำผึ้ง Vip เพิ่มความเป็นชาย,425.0,,,Trat
4795561865,Sexual Health Vitamins,น้ำ ฺBlue จากเยอรมนี กระตุ้นหญิง เพิ่มความสุข มีขนาดทดลอง,290.0,8.0,2.0,Trat
4791612881,Sexual Health Vitamins,เม็ดม่วงทรงพลังชาย,390.0,,,Samut Prakan
4791514921,Sexual Health Vitamins,อาร์กเอนออร์น  อาหารเสริมสำหรับผู้ชาย  ARG-N-ORN E อาหารเสริมผู้ชาย,435.0,10.0,,Bangkok
4784743860,Sexual Health Vitamins,Balance Y - BLY จัดส่งฟรี มีโปร 2 แถม 1 ผลิตภัณฑ์เสริมอาหารสำหรับผู้หญิง ลดอาการปวดประจำเดือน ชนิดแคปซูล 10/กล่อง,690.0,,,Bangkok
4780062390,Sexual Health Vitamins,ชะ​ลอการ​หลั่ง PEINEILI ยาวนานถึง60นาที ของแท้100%,260.0,,,Bangkok
4779905470,Sexual Health Vitamins,2 แพ็ค X6 Plus ส่งฟรี Hard Iron อาหารเสริมท่านชาย เอ็กซ์ 6 พลัสฮาร์ดไอรอน ผลิตภัณฑ์อาหารเสริม สำหรับท่านชาย,389.0,,,Surat Thani
4779833959,Sexual Health Vitamins,5 แพ็ค X6 Plus ส่งฟรี Hard Iron อาหารเสริมท่านชาย เอ็กซ์ 6 พลัสฮาร์ดไอรอน ผลิตภัณฑ์อาหารเสริม สำหรับท่านชาย,895.0,,,Surat Thani
4777368722,Sexual Health Vitamins,2 แถม 1 nigo นิโก อาหารเสริมนิโกร อาหารเสริมnigo ส่งด่วน ไม่ระบุชื่อสินค้าหน้ากล่อง  (10แคปซูล/กล่อง),290.0,,,Nakhon Sawan
4777004450,Sexual Health Vitamins,[ ส่งฟรี ] [ มีโปร ] อาหารเสริมสำหรับผู้ชาย ARG-N-ORN อาร์ก เอน ออร์น  [ ของแท้ ],390.0,,,Phayao
4772505189,Sexual Health Vitamins,อาหารเสริมยูเน่เอสและเอ็นโซเอส 1แถม1,350.0,,,Kalasin
4772283157,Sexual Health Vitamins,ของแท้⚡️ส่งฟรี1แถม1🚫 KINGDOM คิงดอม อาหารเสริมผู้ชาย บำรุงร่างกาย เพิ่มขนาด เพิ่มน้ำ เพิ่มรอบ อึด ถึก ทน อยู่นาน อัพไซส์,350.0,,,Sakon Nakhon
4770014483,Sexual Health Vitamins,Devil Drak อาหารเสริมสำหรับผู้ชาย 30แคปซูล/กระปุก,1290.0,,1.0,Chachoengsao
4768375905,Sexual Health Vitamins,อาหารเสริมสำหรับผู้ชาย( Devil Drak )บรรจุ30แคปซูล ทานวันละ2แคปซูล เช้า-ก่อนนอน,650.0,,1.0,Chachoengsao
4768155092,Sexual Health Vitamins,X6 Plus Hard Iron อาหารเสริมสำหรับท่านชาย ช่วยอึด ช่วยทน บำรุงสุขภาพผู้ชาย (1กล่องมี6แคปซูล),139.0,,,Bangkok
4767655144,Sexual Health Vitamins,[ปิดชื่อสินค้าหน้ากล่อง]⛺️Kingdom คิงดอมตัวดัง อาหารเสริมสำหรับท่านชาย เสริมสมรรถภาพทางเพศ เยทน เยนาน เพิ่มรอบไว✨,179.0,,,Nonthaburi
4767151525,Sexual Health Vitamins,ดับเบิ้ลแม็กพรีเมี่ยม อาหารเสริมท่านชาย 1 กระปุก x 60 แคปซูล,849.0,,,Bangkok
4764331320,Sexual Health Vitamins,อาหารเสริมสำหรับผู้ชาย ส่งด่วน ของเเท้ 100% บำรุงสุขภาพ,329.0,,,Bangkok
4761781953,Sexual Health Vitamins,"กระชายดำ แมกซ์ พลัส+ อาหารเสริมสำหรับผู้ชาย สารสกัดกระชายดำ ของแท้ ,โสม, ซิงก์. ไลโคปีน วิตามินบี12 กิฟฟารีน",430.0,,,Bangkok
4760646172,Sexual Health Vitamins,NARICHY FINN นาริชชี่ฟิน วิตามินรีแพร์น้องสาว ฟิตกระชับ ตกขาวหาย,149.0,,,Nakhon Pathom
4759676333,Sexual Health Vitamins,อาหารเสริมผู้ชาย Kingdom คิงดอมพร้อมส่งของแท้ แข็ง แรง ทน ทาน สาวปลื้ม,179.0,,,Nakhon Pathom
4759107032,Sexual Health Vitamins,อาหารเสริมกระชับจุดซ่อนเร้น ลดกลิ่น ลดตกขาว ผิวสวยสุขภาพดี,290.0,,2.0,Phitsanulok
4755966109,Sexual Health Vitamins,Devil Dark อาหารเสริมสำหรับผู้ชาย(วันละ 2 แคปซูล เช้า-ก่อนนอน),1290.0,,,Chachoengsao
4755812924,Sexual Health Vitamins,Devil Dark  อาหารเสริมสำหรับผู้ชาย (วันละ 2 แคปซูล เช้า-ก่อนนอน),650.0,,1.0,Chachoengsao
4754815676,Sexual Health Vitamins,นอนหลับสนิท หลับง่าย เพิ่มประสิทธิภาพในการนอน ด้วย แอลธีอะนีน 30แคปซูล บำรุงร่างกาย เพศ,620.0,81.0,4.0,Samut Prakan
4753852032,Sexual Health Vitamins,(1 กล่อง) ชูว์ CHU ผลิตภัณฑ์เสริมอาหาร สำหรับท่านชาย บรรจุ 10 แคปซูล,165.0,,,Pathum Thani
4751892683,Sexual Health Vitamins,นอนหลับสนิท หลับง่าย เพิ่มประสิทธิภาพในการนอน ด้วย แอลธีอะนีน 30แคปซูล บำรุงร่างกาย เพศ,620.0,6.0,3.0,Samut Prakan
4749062995,Sexual Health Vitamins,อาร์ก-เอน-ออร์น ARG-N-ORN เป็นผู้ชาย ต้องมั่นใจได้ทุกวัน  ผลิตภัณฑ์เสริมอาหาร แอล-อาร์จินีน แอล-ออร์นิทีน และไนอะซินาไมด์ชนิดแคปซูล,580.0,,,Samut Prakan
4748752431,Sexual Health Vitamins,อาหารเสริมผู้ชาย Kingdom ทน นาน แข็ง บำรุง ตัวดังติ้กตอก ของแท้พร้อมส่ง,179.0,,,Nakhon Pathom
4746804155,Sexual Health Vitamins,ว่านชักมดลุก อาหารเสริมหญิง อาหารเสริมสำหรับผู้หญิง อาหารเสริมเพื่อสุขภาพ อาหารเสริม สำหรับผู้หญิง,360.0,80.0,3.0,Phrae
4746351052,Sexual Health Vitamins,larose bio balance V2 สมุนไพรจีนผู้หญิง บำรุงน้องสาว ตกขาว จากภายในสู่ภายนอก สมุนไพร ลาโรส วี2 Larose สารสกัดธรรมชาติ ส่งฟรี,390.0,,,Bangkok
4746299110,Sexual Health Vitamins,นอนหลับสนิท หลับง่าย เพิ่มประสิทธิภาพในการนอน ด้วย แอลธีอะนีน 30แคปซูล บำรุงร่างกาย เพศ,620.0,80.0,4.0,Nakhon Sawan
4745860771,Sexual Health Vitamins,larose bio balance V2 2ฟรี2 สมุนไพรจีนผู้หญิง บำรุงน้องสาว ตกขาว จากภายในสู่ภายนอก สมุนไพร ลาโรส วี2 Larose สารสกัดธรรมชาติ ส่งฟรี,590.0,,,Bangkok
4745849773,Sexual Health Vitamins,larose bio balance V2 1ฟรี1 สมุนไพรจีนผู้หญิง บำรุงน้องสาว ตกขาว จากภายในสู่ภายนอก สมุนไพร ลาโรส วี2 Larose สารสกัดธรรมชาติ ส่งฟรี,390.0,,,Bangkok
4744369022,Sexual Health Vitamins,E-W (Energy for women),1090.0,,,Nakhon Ratchasima
4743243475,Sexual Health Vitamins,นอนหลับสนิท หลับง่าย เพิ่มประสิทธิภาพในการนอน ด้วย แอลธีอะนีน 30แคปซูล บำรุงร่างกาย เพศ,680.0,,2.0,Samut Prakan
4742819074,Sexual Health Vitamins,นอนหลับสนิท หลับง่าย เพิ่มประสิทธิภาพในการนอน ด้วย แอลธีอะนีน 30แคปซูล บำรุงร่างกาย เพศ,620.0,,4.0,Nakhon Sawan
4740523669,Sexual Health Vitamins,นอนหลับสนิท หลับง่าย เพิ่มประสิทธิภาพในการนอน ด้วย แอลธีอะนีน 30แคปซูล บำรุงร่างกาย เพศ,512.0,,4.0,Samut Prakan
4740139710,Sexual Health Vitamins,นอนหลับสนิท หลับง่าย เพิ่มประสิทธิภาพในการนอน ด้วย แอลธีอะนีน 30แคปซูล บำรุงร่างกาย เพศ,620.0,,4.0,Samut Prakan
2466413923,Sexual Health Vitamins,กาแฟ วัวชน คนสู้  (โปรสุดคุ้ม 3 กล่อง) Coffee Like ของแท้100%,585.0,267.0,33.0,Bangkok
330792010,Sexual Health Vitamins,Turbomax เทอร์โบ แมกซ์ (60 แคปซูล),838.0,670.0,142.0,Bangkok
4653312033,Sexual Health Vitamins,(ปิดชื่อสินค้า)‼️โปรเปิดร้านใหม่ เอ็กซ์หกพลัส‼️ x6 Plus Hard Iron สมุนไพรอาหารเสริมสำหรับท่านชาย 1กล่อง6แคปซูล ของแท้💯,120.0,479.0,97.0,Pathum Thani
4725406026,Sexual Health Vitamins,1กล่อง 6เม็ด ของแท้จากโรงงาน100% pushen ปู่เซิน จิ่วเจิ้ง,194.0,426.0,42.0,Bangkok
3614809461,Sexual Health Vitamins,อาหารเสริมสำหรับผู้ชาย NEW AMIGO x2 อมิโกสูตรใหม่ ตัวใหม่ ดีกว่าเดิม2 เท่า สั่ง 2แถม1 อาหารเสริมชาย ของแท้ ส่งเร็ว ส่งทุกวัน,1580.0,5.0,,Bangkok
4668604345,Sexual Health Vitamins,**ส่งไว ไอเทมโปร (iTEMpro) ผลิตภัณฑ์เสริมอาหาร ตรา ไอเท็ม โปร บรรจุ 4 เม็ด ไม่ระบุชื่อสินค้าบนกล่อง,189.0,,,Songkhla
3837364213,Sexual Health Vitamins,อาหารเสริม iTEM pro (ไอเทมโปร) / 1 กล่อง 4 แคปซูล,187.0,42.0,8.0,Bangkok
4681834618,Sexual Health Vitamins,Turbo Max เทอร์โบ แม็กซ์ [60แคปซูล] อาหารเสริมท่านชาย!!! ของแท้ค่ะ,815.0,10.0,3.0,Bangkok
4202164131,Sexual Health Vitamins,เกร็กคู GK24 ผลิตภัณฑ์สำหรับท่านชาย 1กลอ่ง บรรจุ 1 แคปซูล  มีสินค้าพร้อมส่งครับผม,75.0,511.0,121.0,Bangkok
3247022097,Sexual Health Vitamins,อาหารเสริม โมเดิร์นเลิฟ modern love,799.0,13.0,8.0,Bangkok
4355083986,Sexual Health Vitamins,YES  1 กล่อง,350.0,109.0,30.0,Pathum Thani
2817161894,Sexual Health Vitamins,Himalaya คอนฟิโด,79.0,602.0,96.0,Bangkok
4544391198,Sexual Health Vitamins,ว่านร้อยชัยของแท้ ว่านร้อยชาย-วิตามินเสริมเสน่ห์ นมใหญ่ เต่งตึง ไร้กลิ่น ตกขาว ปรับฮอร์โมน,90.0,1930.0,244.0,
4475709009,Sexual Health Vitamins,&gt;&gt; พร้อมส่ง &lt;,119.0,47.0,10.0,Chonburi
1008120209,Sexual Health Vitamins,ดับเบิ้ลแม็ก พรีเมี่ยม อาหารเสริมท่านชาย 1 ซอง บรรจุ 10 เเคปซูล (ไม่มีใบบัวชัวร์) รับประกันเเท้,244.0,773.0,148.0,Ratchaburi
4656400838,Sexual Health Vitamins,L-arginine 1000 Plus Zinc แอลอาร์จินีน ซิงค์ เสริมสมรรถภาพ เสริมสร้างกล้ามเนื้อ บรรจุ 45 แคปซูล,139.0,50.0,5.0,Pathum Thani
4593459172,Sexual Health Vitamins,TIGRA for MEN ไทกร้า ฟอร์ เมน อาหารเสริมท่านชาย อาหารเสริมบำรุงร่างกาย 10 แคปซูล [ 1 กล่อง ],259.0,86.0,19.0,Bangkok
3474138633,Sexual Health Vitamins,DBM ผลิตภัณฑ์เสริมอาหาร ดีบีเอ็ม สำหรับท่านชาย บรรจุ 10 แคปซูล 2 กล่อง,315.0,560.0,103.0,Bangkok
150149104,Sexual Health Vitamins,Khaolaor ขาวละออ กระชายดำพลัส แอล-อาร์จินีน 60 แคปซูล/กล่อง,235.0,5703.0,1070.0,Samut Prakan
591580400,Sexual Health Vitamins,อาหารเสริมท่านชาย TOPTEN (1 กล่อง 2 แคปซูล),350.0,793.0,148.0,Lampang
2714875428,Sexual Health Vitamins,super d maxx ( ซุปเปอร์ดีแม็กซ์ ) อาหารเสริมผู้ชาย  60 แคปซูล,760.0,289.0,34.0,Samut Prakan
3755019848,Sexual Health Vitamins,ส่งฟรี X6 Plus Hard Iron + X6 V Plus อาหารเสริมผู้ชาย+หญิง ไม่ระบุชื่อหน้ากล่อง,290.0,15.0,2.0,Samut Sakhon
4186518123,Sexual Health Vitamins,CU Plus ซียู พลัส อาหารเสริมสำหรับผู้ชาย เพิ่มความรัก ให้ยาวนาน เพิ่มความสนุก ให้ชีวิตคู่ มี อย.,349.0,7.0,2.0,Bangkok
4598489469,Sexual Health Vitamins,MAFINZE Finfer มาฟินเซ่ ฟินเฟอร์ [6 เม็ด/กล่อง] /MAFINFE Lady Plus มาฟินเซ่ เลดี้พลัส พริมโรส [10 เม็ด/กล่อง],55.0,116.0,17.0,Bangkok
4686213922,Sexual Health Vitamins,ว่านร้อยชัย ร้อยชัยชาย สารสกัดจากธรรมชาติ,90.0,302.0,34.0,Pathum Thani
4381936053,Sexual Health Vitamins,YES 1 ซอง,175.0,41.0,13.0,Pathum Thani
2835241104,Sexual Health Vitamins,เสริมสมรรถภาพทั้งชายและหญิง ด้วยรอยัลฟาร์ม กระชายดำพลัส 2 ขนาด 60 แคปซูล,250.0,34.0,7.0,Bangkok
4225532792,Sexual Health Vitamins,ของแท้/ราคาถูก💥ผลิตภัณฑ์เสริมอาหาร iTEMpro ขนาด 4 เม็ด(จัดส่งแบบไม่ระบุชื่อหน้ากล่อง),187.0,9.0,2.0,Bangkok
3416222287,Sexual Health Vitamins,Clover plus Z-ZAR อาหารเสริม สารสกัด จาก ตังถั่งเฉ้า แอล-อาร์จีนีน โสม กระชายดำ ใบแปะก๊วย หอยนางรม เห็ดหลินจือ ซิงค์  1 ขวด 30 แคปซูล,219.0,301.0,56.0,Bangkok
2393426187,Sexual Health Vitamins,กาแฟวันแฟน One Fan Coffee ของแท้100% รับประกันถูกที่สุด,270.0,781.0,82.0,Bangkok
2068828165,Sexual Health Vitamins,ส่งด่วน ของแท้ ราคาถูก จัดส่งไม่ระบุชื่อสินค้า อาหารเสริม iTEM pro ไอเทมโปร Itempro 1 กล่อง 4 เม็ด,187.0,3161.0,657.0,Bangkok
4265949260,Sexual Health Vitamins,"รากปลาไหลเผือก 100% ชนิดเข้มข้น 1,000 มิลลิกรัม จากประเทศออเตรเลีย",350.0,78.0,8.0,Bangkok
4590503567,Sexual Health Vitamins,Balance X - BLX แคปซูลอาหารเสริมสำหรับคุณผู้ชาย ผลิตภัณฑ์เสริมอาหารท่านชาย,690.0,16.0,,Bangkok
3005154507,Sexual Health Vitamins,ชูว์ [Chu] Chu อาหารเสริมสำหรับผู้ชาย 1 กล่อง [ 10 แคปซูล ] เลือก ของแท้ ราคาถูก เลือก COOL MEN,145.0,740.0,148.0,Bangkok
4694909023,Sexual Health Vitamins,เอ็มแมน M-MAN แท้💯💯% สำหรับผู้ชายที่ไม่มีความมั่นใจในตัวเองก่อนออกจากบ้าน เพิ่มความมั่นใจให้ท่านชาย อย่างที่คุณอยากจะเป็น,129.0,,1.0,Prachin Buri
2770251888,Sexual Health Vitamins,🔥ส่งฟรี! พร้อมส่ง🔥 AZ L-ARGININE CORY PLUS เพิ่มพลังแรงม้า บำรุงสุขภาพทางเพศ สุดยอด ถั่งเช่า 1 แถม 1 (120 แคปซูล),163.0,980.0,289.0,Saraburi
270378201,Sexual Health Vitamins,Chu ผลิตภัณฑ์เสริมอาหาร ชูว์ อาหารเสริม (ขนาด 10 แคปซูล x 2 กล่อง),278.0,,5977.0,Pathum Thani
4335580167,Sexual Health Vitamins,สารสกัด Tongkat Ali ช่วยเพิ่มประสิทธิภาพการกีฬา - 120 แคปซูล,261.0,47.0,8.0,Samut Sakhon
4791612881,Sexual Health Vitamins,เม็ดม่วงทรงพลังชาย,199.0,,,Samut Prakan
4772283157,Sexual Health Vitamins,ของแท้⚡️ส่งฟรี1แถม1🚫 KINGDOM คิงดอม อาหารเสริมผู้ชาย บำรุงร่างกาย เพิ่มขนาด เพิ่มน้ำ เพิ่มรอบ อึด ถึก ทน อยู่นาน อัพไซส์,427.0,,,Sakon Nakhon
4767151525,Sexual Health Vitamins,ดับเบิ้ลแม็กพรีเมี่ยม อาหารเสริมท่านชาย 1 กระปุก x 60 แคปซูล,840.0,,,Bangkok
4738474051,Sexual Health Vitamins,นอนหลับสนิท หลับง่าย เพิ่มประสิทธิภาพในการนอน ด้วย แอลธีอะนีน 30แคปซูล บำรุงร่างกาย เพศ,620.0,,3.0,Samut Prakan
4738258390,Sexual Health Vitamins,นอนหลับสนิท หลับง่าย เพิ่มประสิทธิภาพในการนอน ด้วย แอลธีอะนีน 30แคปซูล บำรุงร่างกาย เพศ,620.0,61.0,3.0,Samut Prakan
4736500572,Sexual Health Vitamins,อาหารเสริมชาย อาหารเสริมเพื่อสุขภาพ อาหารเสริมสำหรับผู้ชาย (60เม็ด) อาหารเสริม สุขภาพ สำหรับสุภาพบุรุษ,580.0,6.0,2.0,Samut Prakan
4736322137,Sexual Health Vitamins,นอนหลับสนิท หลับง่าย เพิ่มประสิทธิภาพในการนอน ด้วย แอลธีอะนีน 30แคปซูล บำรุงร่างกาย เพศ 620บาท,560.0,,1.0,Bangkok
4789996028,Hair & Nail,BIOTIN ZINC คณะเภสัชจุฬาฯ ไบโอทินซิงก์ 90เม็ด ไบโอตินซิงค์ บำรุงผมและเล็บ ✅แท้ส่งตรงจากบริษัท💯,309.0,,,Phitsanulok
4759212059,Hair & Nail,ผ้าตัดผมเด็ก ผ้าคลุมตัดผม ครัวเรือน ผู้ใหญ่ ผ้ากันเปื้อน โกนผ้ากันเปื้อน เด็กทารก,30.0,,,Rayong
4753680123,Hair & Nail,คลอลาเจน KO ​Blue Turquoise Collagen  100%พร้อมส่ง,132.0,,,Samut Prakan
4744652301,Hair & Nail,TOBY HORSETAIL BIOTIN PLUS โทบี้ ฮอร์สเทล ไบโอติน พลัส อาหารเสริมบำรุงผม อาหารเสริมบำรุงเส้นผม วิตามินบำรุงผม วิตามินบำรุงเส้นผม 200 กรัม 5 กระปุก,1600.0,,,Bangkok
4744650335,Hair & Nail,TOBY HORSETAIL BIOTIN PLUS โทบี้ ฮอร์สเทล ไบโอติน พลัส อาหารเสริมบำรุงผม อาหารเสริมบำรุงเส้นผม วิตามินบำรุงผม วิตามินบำรุงเส้นผม 200 กรัม 2 กระปุก,990.0,,1.0,Bangkok
4744571919,Hair & Nail,TOBY HORSETAIL BIOTIN PLUS โทบี้ ฮอร์สเทล ไบโอติน พลัส อาหารเสริมบำรุงผม อาหารเสริมบำรุงเส้นผม วิตามินบำรุงผม วิตามินบำรุงเส้นผม 200 กรัม 1 กระปุก,390.0,,,Bangkok
4741166492,Hair & Nail,"21st Century | ไบโอติน (Biotin, 800 mcg), 110 เม็ด (กลืนง่าย)",239.0,,,Bangkok
4740440897,Hair & Nail,🔥ส่งฟรี🔥วิตามินบำรุงเส้นผม ลดผมร่วง ผมหงอก ผมแตกปลาย เร่งผมยาว ที่ปลูกผม ดูแลปัญหาผม ผมหลุดร่วง เซซามีน 12000 (60เม็ด),720.0,,4.0,Samut Prakan
4734691187,Hair & Nail,ไบโอติน เอช พลัส กิฟฟารีน Biotin H Plus Giffarine #วิตามินผม #อาหารผม #ผมร่วง #ผมบาง #ผมหงอก #ปลูกผม #ผมงอก #ผมหนา #บำรุงผม,520.0,,1.0,Bangkok
4728355853,Hair & Nail,[โปร 3 แถม 3] Bilberry Plus บำรุงผม ลดการขาดร่วง สร้างผม ตัวขายดี ทานทุกวันก่อนนอน ปลอดภัย ไม่มีสารเคมี,899.0,,,Bangkok
4727699793,Hair & Nail,Nectahair วิตามินจบปัญหาร่วง บาง ล้าน Pelatin จาก Nectapharma วิตามินบำรุงผม อาหารเสริมผม ผมร่วง ผมบาง ผมขึ้น biotin,890.0,,,Bangkok
4725079913,Hair & Nail,✅ ร้านน้ำมลมินิของเเท้💯%  วิตามิน 2 กระปุก  ร้านดังในTikTok ✅ มีบัตรตัวเเทน ผลิตภัณฑ์ Shining ✅ อาโมนิทุกสี,550.0,,1.0,Nonthaburi
4720193791,Hair & Nail,[ผลิตภัณฑ์ดูแลเส้นผมและกระดูก] Hi-Balanz Black Sesame Extract สารสกัดจากงาดำ 1 กล่อง 30 แคปซูล Exp.03/11/2023,147.0,50.0,6.0,Bangkok
4718299324,Hair & Nail,ส่งฟรี!! [ซื้อ 1 แถม 1] INZENT Zinc Plus ซิงค์ พลัส (2กระปุก) ประกอบด้วย แร่ธาตุซิงค์ เบต้ากลูแคน วิตามินซี วิตามินอี วิตามินดี (อาหารเสริม วิตามิน),179.1,10.0,1.0,Bangkok
4716295194,Hair & Nail,( นาริโกะ 2 +2 )&gt;&gt;&gt; NARIKO COLLAGEN Tripeptide + vitamin C  นาริโกะ คอลลาเจน ผสม วิตามินซี,690.0,,,Nonthaburi
4716259481,Hair & Nail,( นาริโกะ 3+3)&gt;&gt;&gt; ซื้อ 3 แถม 3 NARIKO COLLAGEN Tripeptide + vitamin C  นาริโกะ คอลลาเจน ผสม วิตามินซี,999.0,,,Nonthaburi
4716208610,Hair & Nail,( นาริโกะ 1+1)&gt;&gt;&gt; NARIKO COLLAGEN Tripeptide + vitamin C  นาริโกะ คอลลาเจน ผสม วิตามินซี,390.0,16.0,9.0,Nonthaburi
4707243100,Hair & Nail,Wil&Yel Biotin Plus Zinc บรรจุ 60 เม็ด แพ็ค 3 กระปุก,1750.0,,,Samut Prakan
4706528463,Hair & Nail,Wil&Yel Biotin Plus Zinc บรรจุ 60 เม็ด แพ็คคู่ 2 กระปุก,1290.0,,,Samut Prakan
4706181090,Hair & Nail,"DHT for Men & Women, 60 Coated Tablets",699.0,,1.0,Bangkok
4706122254,Hair & Nail,Biotin Zinc ไบโอทิน ซิงก์  90 เม็ด  (ขวด PET แบบใหม่ หมดอายุ 19-03-2025) [ABC],306.9,,1.0,Bangkok
4706106051,Hair & Nail,DEXTRA BIOTIN ZINC วิตามินไบโอติน หญ้าหางม้า  30 แคปซูล [MMDD],176.0,,,Bangkok
4706105044,Hair & Nail,Biotin Zinc Smooth E Life   บรรจุ 90 เม็ด [MMDD],519.18,,,Bangkok
4706035389,Hair & Nail,Biotin Zinc ไบโอทิน ซิงก์  90 เม็ด  (ขวด PET แบบใหม่ หมดอายุ 19-03-2025) [WEC],302.5,,,Bangkok
4705972396,Hair & Nail,Biotin Zinc Smooth E Life   บรรจุ 90 เม็ด [IIPP],471.98,,1.0,Bangkok
4705957155,Hair & Nail,Biotin Zinc ไบโอทิน ซิงก์  90 เม็ด  (ขวด PET แบบใหม่ หมดอายุ 19-03-2025) [PPLINE],279.0,,1.0,Bangkok
4705916001,Hair & Nail,Biotin Zinc ไบโอทิน ซิงก์  90 เม็ด  (ขวด PET แบบใหม่ หมดอายุ 19-03-2025) [HHTT],279.0,,,Bangkok
4705820595,Hair & Nail,DEXTRA BIOTIN ZINC วิตามินไบโอติน หญ้าหางม้า  30 แคปซูล [HHTT],160.0,,,Bangkok
4705194934,Hair & Nail,PipingRock DHT Blocker Hair Formula for Men & Women 60 Coated Tablets ผลิตภัณฑ์คุณภาพจาก Piping Rock,751.0,,,Pathum Thani
4702850564,Hair & Nail,PHYTOPHANERE ฟีโทฟาแนร์ 4 ขวด ผลิตภัณฑ์เสริมอาหารเพื่อดูแลสุขภาพเส้นผมและเล็บ  (New Package),3696.0,,,Pathum Thani
4701049091,Hair & Nail,💥[1แถม1 ส่งฟรี] น้ำชงเสริมภูมิ sarsaparilla  แก้ภูมิแพ้ ต้านหวัด ผื่นคัน ไอเรื้อรัง ฟอกปอด,450.0,,1.0,Prachin Buri
4684054937,Hair & Nail,"❤️

วิตามินบำรุงผิว เส้นผม และเล็บ Vitabiotics Perfectil",650.0,,,Bangkok
4680576187,Hair & Nail,InterCare Biotin+Z ไบโอติน พลัส ซี  ผมขาด ผมบาง ผมหงอก ผมร่วง 1 กระปุก 30 เม็ด,159.0,10.0,2.0,Samut Prakan
4667599810,Hair & Nail,Zinc ซิงค์ 75 มก. (สูตรเข้มข้น) เซเรส 45 แคปซูล,139.0,,2.0,Pathum Thani
4661961319,Hair & Nail,ธาตุเหล็ก Iron 27/65mg 110/120 เม็ด  21st Century,299.0,5.0,2.0,Nonthaburi
4657093009,Hair & Nail,BIOTIN ZINC 90S เภสัชจุฬา  วิจัยและพัฒนาโดย คณะเภสัชฯ จุฬา วิตามินสำหรับผม,300.0,,1.0,Bangkok
4656877870,Hair & Nail,ส่งฟรี!! [เมล็ดองุ่น1+วิตามินซี1] INZENT ป้องกันUV แสงแดด  เสริมภูมิ ริ้วรอย ฟื้นฟู สภาพ  บำรุง ใส ผิว,179.1,9.0,,Bangkok
4648820383,Hair & Nail,Biotin Zinc ไบโอติน ซิงก์ คณะเภสัชจุฬา มีส่วนช่วยคงสภาพเล็บ ผม ผิวหนัง 90เม็ด,278.0,,,Phuket
4643407894,Hair & Nail,VISTRA REGOW 30แคปซูล วิสทร้า รีโกว์ อาหารเสริมบำรุงเส้นผม  ฟื้นฟูหนังศีรษะ ลดอาการผมขาด ผมหลุดร่วง,359.0,,,Bangkok
4637627766,Hair & Nail,Nature's Bounty Hair Skin and Nails With Collagen and Biotin 90 Gummies  (กัมมี่ รสส้ม) ไบโอติน ผิว เล็บ ผม,1250.0,,,Bangkok
4744650335,Hair & Nail,TOBY HORSETAIL BIOTIN PLUS โทบี้ ฮอร์สเทล ไบโอติน พลัส อาหารเสริมบำรุงผม อาหารเสริมบำรุงเส้นผม วิตามินบำรุงผม วิตามินบำรุงเส้นผม 200 กรัม 2 กระปุก,750.0,,1.0,Bangkok
4661961319,Hair & Nail,ธาตุเหล็ก Iron 27/65mg 110/120 เม็ด  21st Century,199.0,5.0,2.0,Nonthaburi
4014108936,Hair & Nail,พิเศษ 1 ซอง 50 กรัม อรินคอลลาเจนญี่ปุ่นแท้) Arin Collagen(คอลลาเจนเปปไทด์),55.0,36.0,7.0,Bangkok
2798209650,Hair & Nail,พิเศษ2ซอง(100กรัม) Mie คอลลาเจน tripeptide,175.0,716.0,211.0,Bangkok
4452634697,Hair & Nail,ธาตุเหล็ก Iron 27/65mg 110/120 เม็ด  21st Century,199.0,154.0,36.0,Nonthaburi
1788938063,Hair & Nail,วิตามิน​ DAISO Saw Palmetto 20 วัน​ บำรุงเส้นผม​,99.0,150.0,19.0,Saraburi
3925256289,Hair & Nail,RealElixir Abalone Collagen Advance 100 กรัม อาบาโลน คอลลาเจน เปปไทด์ แอดวานซ์,650.0,,,Samut Prakan
2156226831,Hair & Nail,VISTRA L-Cysteine Plus Biotin ผมและเล็บ,242.0,94.0,14.0,Pathum Thani
3900922101,Hair & Nail,100 กรัม จำนวน 3 ซอง อรินคอลลาเจนญี่ปุ่นแท้ Arin Collagen(คอลลาเจนเปปไทด์),259.0,37.0,11.0,Bangkok
122542443,Hair & Nail,Blackmores Biotin H+ แบลคมอร์ส ไบโอติน เอช+ [60 เม็ด],576.0,4182.0,868.0,Pathum Thani
3112480751,Hair & Nail,Verena 11X (เวอรีน่า 11เอ็กซ์) จำนวน 2 กระปุก,310.0,649.0,148.0,Khon Kaen
2875750989,Hair & Nail,Biotin Zinc ไบโอติน ไบโอทิน ซิงก์ พัฒนาและวิจัยโดย คณะเภสัช จุฬา ส่วนช่วยคงสภาพ เส้นผม เล็บ  90 เม็ด,300.0,5521.0,1244.0,Bangkok
4115031826,Hair & Nail,TOBY HORSETAIL โทบี้ ฮอร์สเทล วิตามินบำรุงผม วิตามินบำรุงเส้นผม อาหารเสริมบำรุงผม อาหารเสริมบำรุงเส้นผม วิตามินแก้ผมร่วง ผมบาง หัวล้าน 3 ขวด,750.0,10.0,3.0,Bangkok
4296448820,Hair & Nail,Premmy collagen 100g 3 ซอง + C vit C 3 กล่อง,375.0,,2.0,Bangkok
4008040880,Hair & Nail,Twitamins Hair Vitamins วิตามิน บำรุงเส้นผม - ช่วยทำให้ผมยาวสลวย บำรุงผมแห้งเสีย- ขวดสีฟ้า-จำนวน 60 เม็ด,120.0,3655.0,209.0,Bangkok
4273276030,Hair & Nail,Mie collagen 100g 3 ซอง + วิตามินซี 2 กล่อง,340.0,8.0,4.0,Bangkok
4273209729,Hair & Nail,Mie collagen 100g 3 ซอง + วิตามินซี 2 กล่อง,340.0,31.0,12.0,Bangkok
4298179677,Hair & Nail,Venus 100g 3 ซอง + วิตามินซี 3 กล่อง,375.0,,1.0,Bangkok
4174091312,Hair & Nail,"Natrol, Biotin, 1000 mcg, 100 Tablets",369.0,48.0,9.0,Chiang Mai
3900975784,Hair & Nail,100 กรัม จำนวน 2 ซอง อรินคอลลาเจนญี่ปุ่นแท้  Arin Collagen(คอลลาเจนเปปไทด์),175.0,558.0,161.0,Bangkok
605058330,Hair & Nail,Blackmores Bio Zinc A Chelate แบลคมอร์ส ไบโอ ซิงค์ เอ คีเลต [90 เม็ด],341.0,3271.0,648.0,Pathum Thani
1687362106,Hair & Nail,วิตามิน​ DAISO Saw Palmetto 20 วัน​ บำรุงเส้นผม​,99.0,37.0,4.0,Saraburi
473632392,Hair & Nail,"ไบโอติน บำรุงผมและเล็บ 21st Century, Biotin, 10000 mcg, 120 tablets",365.0,1667.0,346.0,Chiang Mai
3899734961,Hair & Nail,พิเศษ 3 ซอง อรินคอลลาเจนญี่ปุ่นแท้ (100 กรัม จำนวน 3 ซอง) Arin Collagen(คอลลาเจนเปปไทด์),259.0,14.0,1.0,Bangkok
4017824126,Hair & Nail,DHC Biotin ไบโอติน 500mg ชนิดละลายช้า บำรุงเส้นผม บำรุงเล็บ สำหรับ 60 วัน,229.0,100.0,26.0,Bangkok
1469864555,Hair & Nail,แท้ 100 % ล็อตใหม่ล่าสุด Biotin Zinc 90 เม็ด ไบโอทิน ซิงก์ คณะเภสัช จุฬา ไบโอตินซิงค์ เภสัชจุฬา,360.0,153.0,35.0,Bangkok
4358081022,Hair & Nail,"น้ำมันมะพร้าวสกัดเย็น (1กระปุก 60 ซอฟเจล)  ริด้า คุมหิว ผิวดี ผสมคอลลาเจนไตรเปปไทด์จากญี่ปุ่น 1,000 มก.",159.0,8.0,5.0,Chiang Mai
4273250425,Hair & Nail,Mie collagen 100g 3 ซอง + วิตามินซี 3 กล่อง,385.0,87.0,30.0,Bangkok
2814047403,Hair & Nail,พิเศษ3ซอง(100กรัม) Mie collagen ไตรเปปไทด์,289.0,900.0,280.0,Bangkok
3901032308,Hair & Nail,100 กรัม จำนวน 5 ซองอรินคอลลาเจนญี่ปุ่นแท้  Arin Collagen(คอลลาเจนเปปไทด์),440.0,173.0,55.0,Bangkok
2817258540,Hair & Nail,พิเศษ3ซอง(100กรัม) Mie collagen ไตรเปปไทด์,289.0,571.0,167.0,Bangkok
2808112515,Hair & Nail,พิเศษ 3 ซอง IYA Pure Collagen Tripeptide 100%,259.0,234.0,64.0,Bangkok
3027664574,Hair & Nail,Biotin Zinc คณะเภสัช จุฬา 90 เม็ด ไบโอทิน ซิงก์ ผม ขน ผิว เล็บ,299.0,576.0,99.0,Surin
4223431069,Hair & Nail,บริวเวอร์ ยีสต์ Brewer Yeast Brewers Yeast Brewer's Yeast บริวเวอ ยีส 500 mg. 500 Tab. 1 ขวด [500 เม็ด 1 ขวด],275.0,84.0,28.0,Saraburi
4452830422,Hair & Nail,MIXSA FIVE OIL น้ำมันสกัดเย็น 5 ชนิด กระปุก40แคปซูล,258.0,22.0,2.0,Nakhon Sawan
3011295689,Hair & Nail,11X Verena (เวอรีน่า 11เอ็กซ์),155.0,172.0,29.0,Khon Kaen
2794392143,Hair & Nail,2 ซอง(100กรัม) Mie collagen ไตรเปปไทด์,185.0,6075.0,1869.0,Bangkok
2814211527,Hair & Nail,(100 กรัม จำนวน 10 ซอง) อรินคอลลาเจนญี่ปุ่นแท้ Arin Collagen(คอลลาเจนเปปไทด์),839.0,123.0,50.0,Bangkok
4175418160,Hair & Nail,Roze collagen โรส คอลลาเจน คอลลาเจนบริสุทธิ์,380.0,12.0,2.0,Bangkok
4794351769,"Stress, Sleep, and Anxiety",Set หลับง่ายคลายเครียด จีไนท์กัมมี่2ซอง+ไนท์ไนท์ช็อต1แพ็ค+จีไนท์เอ็กซ์ตร้า1แผง+จีไนท์มิลค์รสชาตละ1ขวด,299.0,,1.0,Nonthaburi
4789967183,"Stress, Sleep, and Anxiety",MIDNIGHT Mission มิดไนท์มิชชั่น อาหารเสริมช่วยนอนหลับ อาหารเสริมนอนหลับ อาหารเสริมทำให้หลับ วิตามินนอนหลับ วิตามินช่วยนอนหลับ 6 แคปซูล 2กล่อง,350.0,,,Bangkok
4786175081,"Stress, Sleep, and Anxiety",Sharisma Travelpack (ชาริชมา) 1 กล่อง + SharisRelax (ชาริชรีแลกซ์) 1 ซองซิป,1075.0,,,Bangkok
4784565259,"Stress, Sleep, and Anxiety",เจลลี่นอนหลับ HandyHerb G Nite Gummy แฮนดี้เฮิร์บ จี ไนท์ กัมมี่ [4 ซอง] กลิ่นองุ่นเคียวโฮ เยลลี่หลับสบาย,120.0,,,Pathum Thani
4784478530,"Stress, Sleep, and Anxiety",เจลลี่นอนหลับ HandyHerb G Nite Gummy แฮนดี้เฮิร์บ จี ไนท์ กัมมี่ [2 ซอง] กลิ่นองุ่นเคียวโฮ เยลลี่หลับสบาย,62.0,,1.0,Pathum Thani
4784328680,"Stress, Sleep, and Anxiety",เจลลี่นอนหลับ HandyHerb G Nite Gummy แฮนดี้เฮิร์บ จี ไนท์ กัมมี่ [4 ชิ้น] กลิ่นองุ่นเคียวโฮ เยลลี่หลับสบาย,32.0,,,Pathum Thani
4783992346,"Stress, Sleep, and Anxiety",HandyHerb G Nite Gummy แฮนดี้เฮิร์บ จี ไนท์ กัมมี่ [4 ชิ้น] กลิ่นองุ่นเคียวโฮ เจลลี่นอนหลับ เยลลี่หลับสบาย,32.0,13.0,4.0,Pathum Thani
4783973818,"Stress, Sleep, and Anxiety",[3 ซอง] HandyHerb G Nite Gummy แฮนดี้เฮิร์บ จี ไนท์ กัมมี่ [4 ชิ้น] กลิ่นองุ่นเคียวโฮ เจลลี่นอนหลับ เยลลี่หลับสบาย,93.0,7.0,2.0,Pathum Thani
4770384243,"Stress, Sleep, and Anxiety",(ส่งฟรี) ดิ-ออฟฟิต Di-Office 1กล่อง ลดความเมื่อยล้า,1765.0,,,Bangkok
4768231186,"Stress, Sleep, and Anxiety",SharisRelax (ชาริชรีแลกซ์) 3 ซองซิป (ชุดทาน 1 เดือน),1185.0,,1.0,Bangkok
4768191348,"Stress, Sleep, and Anxiety",SharisRelax (ชาริชรีแลกซ์) 1 กระปุก (30 แคปซูล),1185.0,,,Bangkok
4768110860,"Stress, Sleep, and Anxiety",SharisRelax (ชาริชรีแลกซ์) 1 ซองซิป (10 แคปซูล),450.0,,,Bangkok
4767492819,"Stress, Sleep, and Anxiety",✅ ร้านน้ำมลมินิของเเท้% ✅ ส่งฟรี อาโมนิแม็กไนท์ 1กระปุก ✅ ร้านดังในTikTok ✅ มีบัตรตัวเเทน ผลิตภัณฑ์ Shining ✅ อาโมนิแม็กไนท์,290.0,,,Nonthaburi
4764319334,"Stress, Sleep, and Anxiety",✅ ร้านน้ำมลมินิของเเท้% ✅ ส่งฟรี อาโมนิแม็กไนท์ 2กระปุก ✅ ร้านดังในTikTok ✅ มีบัตรตัวเเทน ผลิตภัณฑ์ Shining ✅ อาโมนิทุกสี,550.0,5.0,2.0,Nonthaburi
4764294113,"Stress, Sleep, and Anxiety",✅ ร้านน้ำมลมินิของเเท้% ✅ ส่งฟรี อาโมนิแม็กไนท์ 3กระปุก ✅ ร้านดังในTikTok ✅ มีบัตรตัวเเทน ผลิตภัณฑ์ Shining ✅ อาโมนิ,790.0,,,Nonthaburi
4764271168,"Stress, Sleep, and Anxiety",✅ ร้านน้ำมลมินิของเเท้% ✅ ส่งฟรี อาโมนิแม็กไนท์ 4กระปุก ✅ ร้านดังในTikTok ✅ มีบัตรตัวเเทน ผลิตภัณฑ์ Shining ✅ อาโมนิ,999.0,,,Nonthaburi
4762886463,"Stress, Sleep, and Anxiety",NiteSential Sleep support วิตามินช่วยให้นอนหลับ 30แคปซูล สำหรับผู้ที่นอนไม่หลับ หลับยาก มีปัญหาการนอน,295.0,,1.0,Phitsanulok
4754784481,"Stress, Sleep, and Anxiety",Diip C.B.D Oil 300 mg น้ำมันซี.บี.ดี 300 มก. รส คาโมลมายด์ และ น้ำผึ้ง Chamomile & Honey Flavor (10 Sachets),790.0,,,Bangkok
4747278323,"Stress, Sleep, and Anxiety",หลับลึก แก้เครียด เพิ่มประสิทธิภาพการนอนหลับ ซอลจิน 1 กระปุก 30 แคปซูล,425.0,,,Chonburi
4732950076,"Stress, Sleep, and Anxiety",Lean syrup,160.0,,,Bangkok
4730481226,"Stress, Sleep, and Anxiety",Uherbal Z  ยูเฮอร์เบิลซี สมุนไพรดูแลเรื่องการนอน นอนไม่หลับ ตื่นกลางดึก หลับยาก นอนหลับไม่สนิท หลับๆตื่นๆ ตื่นมาไม่สดชื่น ตื่นมาอ่อนเพลีย,1250.0,,,Bangkok
4727290397,"Stress, Sleep, and Anxiety",SharisRelax [ของแท้จากบริษัท] ช่วยให้นอนหลับลึก นอนมีคุณภาพ ผ่อนคลาย คลายเครียด,450.0,6.0,2.0,Samut Prakan
4727246850,"Stress, Sleep, and Anxiety",SharisRelax SET 1 MONTH [ของแท้จากบริษัท] ช่วยให้นอนหลับลึก นอนมีคุณภาพ ผ่อนคลาย คลายเครียด,1185.0,5.0,2.0,Samut Prakan
4725784258,"Stress, Sleep, and Anxiety",✅ ร้านน้ำมลมินิของเเท้% ✅ ส่งฟรี อาโมนิ2กระปุก ✅ ร้านดังในTikTok ✅ มีบัตรตัวเเทน ผลิตภัณฑ์ Shining ✅ อาโมนิทุกสี,550.0,,,Nonthaburi
4720403921,"Stress, Sleep, and Anxiety",Smooth Sleep by Smooth Life เพิ่มประสิทธิภาพการนอนหลับและเสริมภูมิคุ้มกัน สมูทอี Smooth e,275.0,,,Chaiyaphum
4718728542,"Stress, Sleep, and Anxiety",SharisRelax วิตามินช่วยผ่อนคลาย นอนหลับได้ง่ายและมีคุณภาพ,450.0,,,Samut Prakan
4716874040,"Stress, Sleep, and Anxiety",Good Zeep Natural Melatonin ช่วยผ่อนคลาย นอนหลับดีขึ้น,325.0,110.0,19.0,Lopburi
4716308428,"Stress, Sleep, and Anxiety",ลีนรสหมากฝรั่ง135บ.แถมสติ๊กเกอร์ มีอย.,135.0,,,Uttaradit
4711924253,"Stress, Sleep, and Anxiety",Megalife Mega Banana Shot อาหารเสริม ช่วยในการพักผ่อน,294.0,,,Bangkok
4710041128,"Stress, Sleep, and Anxiety",Armoni Magnight อาโมนิ แม็กไนท์ อาหารเสริม วิตามิน แมกนีเซียม กาบ้า คาโมมายด์ วิตามินบี 1 วิตามินบี 12 [30 เม็ด] [ 2 กระปุก ],550.0,,,Pathum Thani
4706978500,"Stress, Sleep, and Anxiety",✅ ร้านน้ำมลมินิของเเท้💯% ✅ ส่งฟรี อาโมนิ แม็กไนท์ ✅ ร้านดังในTikTok ✅ มีบัตรตัวเเทน ผลิตภัณฑ์ Shining ✅ อาโมนิทุกสี ✅,290.0,,,Nonthaburi
4705991607,"Stress, Sleep, and Anxiety",HandyHerb Gnite แฮนดี้ เฮิร์บ จีไนท์ คาโมมายล์ เห็ดหลินจือสกัด G'nite 24 ซอง 48 แคปซูล [IIPP],299.0,,,Bangkok
4705983580,"Stress, Sleep, and Anxiety",แฮนดี้เฮิร์บ HandyHerb ไนท์ไนท์ Night Night ขนาด 1 โหล 12 ขวด [WEC],199.86,,,Bangkok
4698732134,"Stress, Sleep, and Anxiety",อาโมนิแม็กไนท์ Amoni Magnight บรรจุ 30 เม็ด (1 กระปุก),290.0,,,Pathum Thani
4696966904,"Stress, Sleep, and Anxiety",Swisse Ultiboost Sleep - 60 Tablets วิตามินช่วยนอนหลับ หลับสบาย พักผ่อนเต็มอิ่ม,799.0,,,Chiang Rai
4693132360,"Stress, Sleep, and Anxiety",OurV Nite Nite,395.0,,,Bangkok
4692721658,"Stress, Sleep, and Anxiety","BILANX OIL
ไบลานซ์ ออยล์ Lagacy",2200.0,,2.0,Rayong
4688032665,"Stress, Sleep, and Anxiety",ของแท้จากบริษัท !!อามิโนแม็กไนท์ ช่วยให้ หลับสนิท ลดความเครียด โรคแพนิค  วิตกกังวล ซึมเศร้า ย้ำคิดย้ำทำ **ไม่มีเมลาโทนิน**,290.0,,,Chonburi
4687745112,"Stress, Sleep, and Anxiety",[x2 กล่อง] ซูเปอร์ เคลียร์ ไนท์ - SUUPER CLEAR NIGHT (Super You),1350.0,,1.0,Bangkok
4687710325,"Stress, Sleep, and Anxiety",[x4 กล่อง] ซูเปอร์ เคลียร์ ไนท์ - SUUPER CLEAR NIGHT (Super You),2333.0,,2.0,Bangkok
659652804,"Stress, Sleep, and Anxiety",(12 ขวด) Night Night Speedy ไนท์ ไนท์ สปีดี้ ดื่มง่าย น้ำตาล 0%  สูตรใหม่!! Handy Herb,190.0,54.0,10.0,Pathum Thani
1764398950,"Stress, Sleep, and Anxiety",Puritan's Pride L-Theanine 200 mg / 60 Capsules,365.0,796.0,70.0,Nakhon Pathom
2849197784,"Stress, Sleep, and Anxiety",Vistra Vital Pro Relacza Plus วิสทร้า ไวทัล โปร รีแลคซ่า พลัส [30 แคปซูล],280.0,29.0,4.0,Pathum Thani
4174169336,"Stress, Sleep, and Anxiety",อาโมนิแม็กไนท์ ช่วยนอนหลับง่าย ลดไมเกรน บำรุงสมอง กลูต้าอาโมนิ shining Magnigthสีม่วง,150.0,28.0,7.0,Bangkok
1459732345,"Stress, Sleep, and Anxiety",Clover Plus Timemild ไทม์มายด์ แอล-กลูตามีน มีส่วนผสมของดอก คาโมมายล์ (30แคปซูล) (อาหารเสริม),219.0,7123.0,1421.0,Bangkok
3814149251,"Stress, Sleep, and Anxiety",ราคาต่อชิ้น  Armoni magnight อาโมนิแม็กไนท์ อาโมนิช่วยให้นอนหลับ   ผลิตภัณฑ์เสริมอาหาร ชนิดเม็ด 1 กระปุก มี 30 เม็ด,145.0,,,Bangkok
110542527,"Stress, Sleep, and Anxiety",Amsel Glutamine 800 (30 Capsules) แอมเซล แอล-กลูตามีน 800,215.0,1339.0,235.0,Chonburi
2210058734,"Stress, Sleep, and Anxiety",4 Mix Oil (เจเอสพี) ขนาด 250 แคปซูล จำนวน 2 ขวด (มีของแถม),1039.0,1001.0,212.0,Bangkok
3944761088,"Stress, Sleep, and Anxiety",อีฟซี่มิกซ์ออย evezymixedoil บำรุงผู้หญิง,390.0,30.0,7.0,Surat Thani
2659564112,"Stress, Sleep, and Anxiety",แอ๊บบี้ Abbie ส่งฟรีทั่วไทย! 1กล่อง10แคปซูล,490.0,1224.0,74.0,Bangkok
4180527934,"Stress, Sleep, and Anxiety",HandyHerbซองใหญ่ แฮนดี้เฮิร์บ Gummy G'nite 1 ซอง 24 ชิ้น ซองใหญ่ไซส์ประหยัด เคี้ยวหนุบหนับ หลับเต็มอิ่ม! กัมมี่ จีไนท์กัมมี่ เยลลีนอนหลับ,199.0,891.0,178.0,Nonthaburi
121457206,"Stress, Sleep, and Anxiety",(2 ขวด) Amsel Glutamine 800  แอมเซล กลูตามีน 800 (30 capsules) ช่วยการนอนหลับ,429.0,191.0,29.0,Chonburi
4529859714,"Stress, Sleep, and Anxiety",Now  Food  Valerian Root  500mg 100 Capsules Exp 08/26,359.0,52.0,9.0,Nonthaburi
4546670491,"Stress, Sleep, and Anxiety",G'nite GUMMY 6Sac Handy Herb  จี-ไนท์ กัมมี่ กลิ่นองุ่นเคียวโฮ 6 ซอง/กล่อง (4 ชิ้น/ซอง) [[ ยกกล่อง ]],179.0,21.0,2.0,Phitsanulok
4499935407,"Stress, Sleep, and Anxiety","[ แอลไทโรซีน ] NOW Foods, L-Tyrosine (500 mg) x 120 แคปซูล (Capsules)",779.0,,,Bangkok
3862540458,"Stress, Sleep, and Anxiety",[1กระปุก] Shining Armoni Magnight ชายนิ่ง อาโมนิ แม็กไนท์ วิตามินหลับสบาย วิตามินนอนหลับ หลับสนิท ลดความเครียด 30เม็ด,550.0,171.0,51.0,Chiang Mai
4431256947,"Stress, Sleep, and Anxiety",วิตามินเพื่อการนอนหลับ จากสารสกัด 9 in 1 มีกาบา GABA จาก ญี่ปุ่น อาหารเสริมช่วยให้นอนหลับ หลับลึก ผ่อนคลาย,320.0,1116.0,121.0,Bangkok
3142124828,"Stress, Sleep, and Anxiety",✅[1แผง:10เม็ด] HandyHerb แฮนดี้เฮิร์บ จีไนท์ 1 แผง 10 แคปซูล,73.0,111.0,16.0,Bangkok
160896218,"Stress, Sleep, and Anxiety",Auswelllife Royal Jelly นมผึ้งเกรดพรีเมี่ยม 100%. ต้านความเครียด นอนไม่หลับ 1 กระปุก (60 แคปซูล) ทานได้. 2 เดือน,620.0,185.0,31.0,Ubon Ratchathani
4173685177,"Stress, Sleep, and Anxiety",LIP Absolute Z3 แอบโซลูท ซีทรี วิตามินเพื่อการนอนหลับ จาก 9 สารสกัดธรรมชาติ,190.0,30.0,8.0,Bangkok
2584730965,"Stress, Sleep, and Anxiety",💥ส่งฟรี! ส่งไว💥 GN ช่วยเรื่องนอนหลับ หลับลึก ผ่อนคลาย ตื่นบ่อย นอนน้อย (สุดคุ้ม! 1 แถม 1),299.0,2162.0,618.0,Saraburi
451878017,"Stress, Sleep, and Anxiety",((ของแท้ มี QR code)) Nature King Royal Jelly 1000mg (120Capsules) อาหารเสริม นมผึ้ง นำเข้าจากออสเตรเลีย,386.0,8128.0,1569.0,Bangkok
2870140939,"Stress, Sleep, and Anxiety",VISTRA Vital - Pro RELACZA Plus 30 capsules ( วิสตร้า รีแลคซ่า พลัส GABA L-Theanine Vitamin B12 ),264.0,33.0,6.0,Bangkok
2115272671,"Stress, Sleep, and Anxiety",Clover plus Gift set Timemild Camomile ไทม์มายด์ ช่วยการนอนหลับ สารสกัดจาก คาโมมายล์ หลับสนิท ไม่ตื่นกลางดึก วิตามินบี 30 แคปซูลx3 (อาหารเสริม),575.0,5.0,1.0,Bangkok
4529324154,"Stress, Sleep, and Anxiety",Gh mood เครื่องดื่มสมุนไพรช่วยการนอนหลับ เซต 6 ขวด,359.0,,,Nonthaburi
2659384736,"Stress, Sleep, and Anxiety",ส่งฟรี เก็บปลายทาง / ABBIE abbie แอ๊บบี้ ส่งฟรีทั่วไทย 1กล่อง10แคปซูล อย.1011566250031,490.0,1338.0,71.0,Bangkok
2581721619,"Stress, Sleep, and Anxiety",🔥ส่งฟรี! พร้อมส่ง🔥 GN ช่วยเรื่องนอนหลับ หลับลึก ผ่อนคลาย ตื่นบ่อย นอนน้อย  (ซื้อ 1 แถม 1),299.0,977.0,264.0,Saraburi
220055985,"Stress, Sleep, and Anxiety",Handy Herb G nite แฮนดี้เฮิร์บ จีไนท์ (24ซอง/กล่อง),440.0,185.0,32.0,Pathum Thani
3361387049,"Stress, Sleep, and Anxiety",พิเศษ Clover plus Timemild 30 cs (ขวด) แถม Dary Vit B วิตามินบี 30 cs (ขวด),279.0,62.0,14.0,Bangkok
2957043128,"Stress, Sleep, and Anxiety",Dary Vit D Nite ดารี่ วิต ดีไนท์ อาหารเสริม สารสกัดจาก ดอกคาโมมายด์ แอลกลูตามีน แอลธีอะนีน วิตามินบี12 วิตามินบี6 ขนาด 30 แคปซูล 1 กระปุก,99.0,713.0,138.0,Bangkok
4419995878,"Stress, Sleep, and Anxiety",วิตามินเพื่อการนอนหลับ จากสารสกัด 9 in 1 มีกาบา GABA จาก ญี่ปุ่น อาหารเสริมช่วยให้นอนหลับ หลับลึก ผ่อนคลาย,320.0,127.0,23.0,Bangkok
4601776143,"Stress, Sleep, and Anxiety",HandyHerb Gnite จีไนท์ ขนาดแผงคุ้มค่า สมุนไพรคาโมมายล์ ช่วยให้หลับสนิทตลอดคืน สดชื่นตอนตื่น ทานประจำคุ้มกว่า,90.0,255.0,65.0,Nonthaburi
3737406151,"Stress, Sleep, and Anxiety",ABBIE (แอ๊บบี้) วิตตามิน นอนหลับสนิท ไม่อ่อนเพลีย ปวดหัว อารมณ์แปรปรวน ซึมเศร้า  เครียด ส่งฟรีของแท้  มีบริการเก็บเงินปลายทาง,590.0,,,Chonburi
2824672213,"Stress, Sleep, and Anxiety",AMSEL Glutamine 800 มก. แอมเซล กลูตามีน ช่วยให้หลับสนิทมากขึ้น และสดชื่นมากขึ้นเมื่อตื่น ลดความเครียด คลายอ่อนล้า ( 1 ขวด)  30 แคปซูล,210.0,20.0,3.0,Phatthalung
2858547147,"Stress, Sleep, and Anxiety",Nature's King Royal Jelly เนเจอร์ คิง รอยัล เจลลี่ นมผึ้ง [120 แคปซูล],396.0,806.0,111.0,Pathum Thani
2582565638,"Stress, Sleep, and Anxiety",🔥พร้อมส่ง! ส่งไว🔥  GN ช่วยเรื่องนอนหลับ หลับลึก ผ่อนคลาย ตื่นบ่อย นอนน้อย (สุดคุ้ม! 1 แถม 1),299.0,232.0,66.0,Saraburi
2729727822,"Stress, Sleep, and Anxiety",L-Theanine แอล ธีอานีน - Double Wood Supplements ( 200mg /120 capsules),890.0,285.0,36.0,Kanchanaburi
2582512845,"Stress, Sleep, and Anxiety",🔥พร้อมส่ง! ส่งไว🔥 GN ช่วยเรื่องนอนหลับ หลับลึก ผ่อนคลาย ตื่นบ่อย  นอนน้อย  (60 แคปซูล),199.0,254.0,56.0,Saraburi
121454182,"Stress, Sleep, and Anxiety",(3 ขวด) Amsel Glutamine 800  แอมเซล กลูตามีน 800 (30 capsules) ช่วยการนอนหลับ,644.0,173.0,32.0,Chonburi
3862540458,"Stress, Sleep, and Anxiety",[1กระปุก] Shining Armoni Magnight ชายนิ่ง อาโมนิ แม็กไนท์ วิตามินหลับสบาย วิตามินนอนหลับ หลับสนิท ลดความเครียด 30เม็ด,290.0,171.0,51.0,Chiang Mai
4727290397,"Stress, Sleep, and Anxiety",SharisRelax [ของแท้จากบริษัท] ช่วยให้นอนหลับลึก นอนมีคุณภาพ ผ่อนคลาย คลายเครียด,1185.0,6.0,2.0,Samut Prakan
4693115555,"Stress, Sleep, and Anxiety",[1แถม1🔥] Netto Good Night ช่วยนอนจิ๋วญี่ปุ่น 🎌,189.0,,,Phrae
4805594816,Men's Health,ผลิตภัณฑ์อาหารเสริมของท่านชาย   แองเยอร์ ANGYER  (1 กล่อง 10 แคปซูล),199.0,,,Bangkok
4801880467,Men's Health,Amsel L-Arginine Plus Zinc แอมเซล แอล-อาร์จินีน พลัส ซิงค์ 40 แคปซูล [2 ขวด],262.0,,,Bangkok
4799825503,Men's Health,(ส่งฟรี) กระชายดำ  กระชายดำ แมกซ์ พลัส+ อาหารเสริมผู้ชาย Krachai Dum Maxx Plus+,322.5,,,Songkhla
4799394802,Men's Health,Pu Graอาหารเสริมผู้ชาย ราคา279บาท,279.0,,,Pathum Thani
4798947248,Men's Health,Pu Gra อาหารเสริมผู้ชาย ชิ้นเล็ก ราคาเพียง69บาท,69.0,,,Pathum Thani
4797992893,Men's Health,กาแฟแชมป์ / Champ Coffee ผสมกระชายดำ สำหรับท่านชาย (กล่อง 10 ซอง),1200.0,,,Bangkok
4795721478,Men's Health,ผลิตภัณฑ์เสริมอาหารแอล-อาร์จินีน ผสมทอรีน สารสกัดกระชายดำ อาร์กเอนออน สารสกัดโสม ซิงก์ ไลโคพีน และวิตามิน บี12 ชนิดแคปซูล,350.0,,,Bangkok
4795719543,Men's Health,ผลิตภัณฑ์เสริมอาหารแอล-อาร์จินีน กระชายดำแมกช์พลัส+ ผสมทอรีน สารสกัดกระชายดำ สารสกัดโสม ซิงก์ ไลโคพีน และวิตามิน บี12 ชนิดแคปซูล,340.0,,,Bangkok
4795697461,Men's Health,กระชายดำ แมกช์ พลัส+ กระชายดำ อาร์ดเอนออน  ถั่งเช่า ผลิตภัณฑ์เสริมอาหารแอล-อาร์จินีน ผสมทอรีน สารสกัดกระชายดำ สารสกัดโสม ซิงก์,330.0,,,Bangkok
4793634082,Men's Health,( ของแท้ ) แองเยอร์ อัพ ANGYER  อาหารเสริมสำหรับผู้ชาย 1 กล่องมี 10 แคปซูล,199.0,200.0,,Bangkok
4793587474,Men's Health,{ ของแท้ } ANGYER แองเยอร์ อัพ อาหารเสริมสำหรับผู้ชาย 1 กล่องมี 10 แคปซูล,199.0,200.0,,Bangkok
4793275014,Men's Health,กาแฟ ดอปปิโอ้ DOPPIO กาแฟสำหรับท่านชาย บำรุงต่อมลูกหมาก กระดูกและข้อ 1 กล่อง มี 10 ซอง,1560.0,,,Bangkok
4792940581,Men's Health,กาแฟ ดอปปิโอ้ DOPPIO ( 3 กล่อง ) กาแฟสำหรับท่านชาย บำรุงต่อมลูกหมาก กระดูกและข้อ 1 กล่อง มี 10 ซอง,1170.0,,,Bangkok
4791602406,Men's Health,อารหารเสริมสำหรับผู้ชาย อาหารเสริมคุณผู้ชาย  MEN SET ถั่งเช่า / อาร์กเอนออร์น /ซิงก์,390.0,,,Bangkok
4791071908,Men's Health,กระชายดำ กระชายดำ กระชาย  กระชายดำ แมกซ์ พลัส+ Krachai Dum Maxx Plus+,322.5,21.0,3.0,Bangkok
4788500612,Men's Health,อาหารเสริม อึด ทน นาน บำรุงกำลังท่านชาย อาหารเสริมสำหรับท่านชาย ชนิดเเคปซูล ชูกำลัง ผสมถังเช่า สารสกัดจากเเป๊ะก๊วย สารสกัดจากเห็ดหลินจือ เก๋ากี้ ยาชูกำลังของท่านชาย ผลิตภัณฑ์เสริมอาหารเพื่อความสุขทางเพศ Ginko Biloba Plus Cordyceps ตราฟันฟรี Funfree coffee,90.0,,1.0,Yasothon
4783985554,Men's Health,กระชายดำสกัด กิฟฟารีน กระชายดำ แมกซ์ พลัส+ Giffarine Krachai Dum Maxx Plus+,322.5,23.0,7.0,Bangkok
4782938032,Men's Health,Maxxlife V.A.M.P 300 (10 capsules),1120.0,,,Nonthaburi
4781074927,Men's Health,Devil Dark,1290.0,,,Chachoengsao
4779807944,Men's Health,TOPAZ 🍅 ผลิตภัณฑ์เสริมอาหาร สำหรับระบบปัสสาวะและต่อมลูกหมาก,690.0,,,Bangkok
4779803981,Men's Health,CHU ผลิตภัณฑ์เสริมอาหาร ชูว์ อาหารเสริมบำรุงสุขภาพท่านชาย ขนาด 10 แคปซูล,135.0,,,Bangkok
4779469234,Men's Health,สำหรับผู้ชาย สุภาพบุรุษ เหมาะสำหรับท่านชาย เสริมชาย อาหารเสริมชาย,300.0,,2.0,Nakhon Sawan
4779411528,Men's Health,สำหรับผู้ชาย สุภาพบุรุษ เหมาะสำหรับท่านชาย เสริมชาย อาหารเสริมชาย,300.0,6.0,2.0,Nakhon Sawan
4778250192,Men's Health,💖E-M (อี-เอ็ม) ของแท้💯% สำหรับผู้ชาย,3080.0,,,Bangkok
4777871972,Men's Health,((ส่งฟรี)) HULK ฮัค ผลิตภัณฑ์เสริมอาหาร อาหารเสริม ชาย ของแท้100% อึด ทน มี อย. Hulk hulk,350.0,,,Bangkok
4777706984,Men's Health,Tongkat Ali 1100mg ต่อการให้บริการ - เพิ่มพลังงาน & ความแข็งแกร่งสำหรับผู้ชายเพื่อปรับปรุงสุขภาพ,189.0,,,Bangkok
4775917106,Men's Health,เรือนแก้ว K-ONE อาหารเสริม ผู้ชาย ผลิตภัณฑ์เสริมอาหารบำรุงสำหรับคุณผู้ชาย 1กล่อง 10 แคปซูล เควัน K One,450.0,,,Saraburi
4773887719,Men's Health,สำหรับผู้ชาย สุภาพบุรุษ เหมาะสำหรับท่านชาย เสริมชาย อาหารเสริมชาย,300.0,,,Samut Prakan
4772679259,Men's Health,M Max เอ็มแมก อาหารเสริมสำหรับผู้ชาย 1 กล่องบรรจุ 24 แคปซูล M-MAX,475.0,,,Bangkok
4772169529,Men's Health,ของแท้⚡️ส่งฟรี1แถม1🚫 KINGDOM คิงดอม  อาหารเสริมผู้ชาย บำรุงร่างกาย เพิ่มขนาด เพิ่มน้ำ เพิ่มรอบ อึด ถึก ทน อยู่นาน อัพไซส์ เร่งโต,170.0,16.0,7.0,Sakon Nakhon
4771827122,Men's Health,ส่งด่วน นาฮิ na hee บำรุงน้องชาย เสริมสุขภาพชาย อาหารเสริมบำรุงน้องชาย นาฮี ลุงโทนี่การันตี สมุนไพรบำรุงคุณผู้ชาย 1 กล่อง 6 แคปซูล ของแท้,590.0,19.0,4.0,Nonthaburi
4771361717,Men's Health,ผลิตภัณฑ์เพื่อท่านชาย  พลังเม็ดแดง,195.0,,,Chonburi
4770723120,Men's Health,อาร์กเอนออร์น  อาหารเสริมสำหรับผู้ชาย  ARG-N-ORN E อาหารเสริมผู้ชาย,435.0,14.0,3.0,Bangkok
4770356239,Men's Health,1 กล่อง 6 แคปซูล (ส่งฟรี) Start-x  อาหารเสริมผู้ชายพรีเมี่ยม  อึด ทน มี อย. รับประกันของแท้ 100%,500.0,,1.0,Samut Sakhon
4770331505,Men's Health,2 กล่อง (ส่งฟรี) Start-x  อาหารเสริมผู้ชายพรีเมี่ยม  อึด ทน มี อย. รับประกันของแท้ 100%,850.0,,,Samut Sakhon
4770300754,Men's Health,3 กล่อง  (ส่งฟรี) Start-x  อาหารเสริมผู้ชายพรีเมี่ยม  อึด ทน มี อย. รับประกันของแท้ 100%,1200.0,,,Samut Sakhon
4770047995,Men's Health,1แถม1🚫 KINGDOM คิงดอม  อาหารเสริมผู้ชาย บำรุงร่างกาย 🍌 • เพิ่มขนาด เพิ่มน้ำ เพิ่มรอบ • อึด ถึก ทน อยู่นาน • อัพไซส์ เร่งโต,350.0,8.0,2.0,Sakon Nakhon
4769212119,Men's Health,Mavin มาวิน 1 กล่องมี 6 ซอง สำหรับเพิ่มสมรรถนะของท่านช่าย จัดส่งฟรี มีเก็บเงินปลายทาง,510.0,,1.0,Bangkok
4769207271,Men's Health,M1 เอ็มวัน 1 กล่อง มี 6 ซอง จัดส่งฟรี สมุนไพรสกัดสำหรับท่านชาย,510.0,,,Bangkok
4768251330,Men's Health,📌 ของแท้ 📌 โทเมซิ่ง พลัส 2 ( 4 กล่อง ) มีส่วนช่วยลดอาการต่อมลูกหมากโต สารสกัดจากมะเขือเทศ ของแท้พร้อมส่งทันที,3450.0,,,Bangkok
4793587474,Men's Health,{ ของแท้ } ANGYER แองเยอร์ อัพ อาหารเสริมสำหรับผู้ชาย 1 กล่องมี 10 แคปซูล,650.0,200.0,,Bangkok
4771827122,Men's Health,ส่งด่วน นาฮิ na hee บำรุงน้องชาย เสริมสุขภาพชาย อาหารเสริมบำรุงน้องชาย นาฮี ลุงโทนี่การันตี สมุนไพรบำรุงคุณผู้ชาย 1 กล่อง 6 แคปซูล ของแท้,1000.0,19.0,4.0,Nonthaburi
4236540839,Men's Health,CHU ผลิตภัณฑ์เสริมอาหาร ชูว์ อาหารเสริมบำรุงสุขภาพท่านชาย ขนาด 10 แคปซูล,140.0,2140.0,460.0,Pathum Thani
4264053245,Men's Health,X6 PLUS ✅ส่งฟรี ✅ HARD IRON อาหารเสริมท่านชาย เอ็กซ์ 6 พลัสฮาร์ดไอรอน  สำหรับท่านชาย(ไม่ระบุชื่อสินค้าหน้ากล่อง),149.0,,1795.0,Sukhothai
1149458829,Men's Health,(ของแท้ 100%) Super D Maxxx ซุปเปอร์ดีแม็กซ์ อาหารเสริมท่านชาย (1 กระปุก x 60 แคปซูล ),750.0,2507.0,355.0,Bangkok
3913438193,Men's Health,MEGA Zemax SX (ซีแมกซ์),335.0,115.0,22.0,Bangkok
1176060096,Men's Health,Chu ชูว์ ผลิตภัณฑ์เสริมอาหาร [ขนาด 10 แคปซูล] [ 1 กล่อง] อาหารเสริม อาหารเสริมสำหรับผู้ชาย,131.0,,4790.0,Pathum Thani
4336346647,Men's Health,MARVEL มาเวล เอ็กซ์ อาหารเสริมผู้ชาย ของเเท้  100%,139.0,10.0,,Bangkok
2793000587,Men's Health,CHU ชูว์ ผลิตภัณฑ์เสริมอาหาร สำหรับท่านชาย (1 กล่อง 10 แคปซูล),140.0,1270.0,181.0,Pathum Thani
2673705586,Men's Health,อาหารเสริม iTEM pro (ไอเทมโปร) ชาย ผสมเครื่องดื่มได้ / 1 กล่อง 4 แคปซูล,187.0,124.0,19.0,Bangkok
4476179157,Men's Health,Seres L-Arginine แอล-อาร์จินีน 1000 mg พลัส กระตุ้นการหลั่งโกรทฮอร์โมน พื้นฟูเซลล์ร่างกาย เพิ่มปริมาณอสุจิ 45 capsules,119.0,53.0,15.0,Chonburi
4603213048,Men's Health,เอ็นโด Endo กระปุกละ10 แคปซูล เพิ่มความมั่นใจให้กับตัวคุณ,470.0,9.0,1.0,Surin
3861950307,Men's Health,D-ONE ดีวัน อาหารเสริมลดน้ำหนัก ของแท้100%,185.0,377.0,46.0,Bangkok
4440770923,Men's Health,Add Prost แอดโพรสท์ 1 กระปุก 30 แคปซูล อาหารเสริมต่อมลูกหมากโต อาหารเสริมต่อมลูกหมาก อาหารเสริมบํารุงต่อมลูกหมาก,580.0,16.0,4.0,Chiang Mai
1914586384,Men's Health,มิราแมน 🏇 กาแฟผู้ชาย Miraman Coffee กาแฟสมุนไพรแท้💯(%)สูตรเข้มข้น 1 กล่อง 10 ซอง ของแท้,555.0,400.0,32.0,Pathum Thani
3879541784,Men's Health,กระชายดำ กระชายดำสกัดเย็น สุดยอดสมุนไพร กระชายดำสกัดเย็น 450 มิลลิกรัม 60 แคปซูล มี อย.Black  Ginger Cold-pressed 450 mg.60 Capsules,520.0,,,Lamphun
4688809441,Men's Health,ถั่งเช่าพลัส UMB ผลิตภัณฑ์เสริมอาหาร ยูเอ็มบี /1 ขวด 30 แคปซูล,120.0,,,Bangkok
1848476560,Men's Health,กาแฟบำรุงสุขภาพ ท๊อปวัน โกลด์ TOP ONE Gold coffee 10 กล่อง,240.0,132.0,20.0,Bangkok
4079857818,Men's Health,อาหารเสริม YES 3 กล่อง,1080.0,30.0,9.0,Bangkok
4094862833,Men's Health,TURBO MAX เทอร์โบ แม็กซ์ รุ่นใหม่ 1 กล่องบรรจุ 10 แคปซูล,205.0,397.0,75.0,Bangkok
2742441508,Men's Health,Clover plus Z-ZAR อาหารเสริม สารสกัด จาก ตังถั่งเฉ้า แอล-อาร์จีนีน โสม กระชายดำ ใบแปะก๊วย หอยนางรม เห็ดหลินจือ ซิงค์  1 ขวด 30 แคปซูล,169.0,1039.0,237.0,Bangkok
4732154797,Men's Health,X6 Plus Hard Iron อาหารเสริมสำหรับท่านชาย ช่วยอึด ช่วยทน บำรุงสุขภาพผู้ชาย (1กล่องมี6แคปซูล),139.0,658.0,170.0,Bangkok
4666575349,Men's Health,L-Arginine 1000 mg. plus Zinc แอลอาร์จินีน 1000 มก. ผสม ชิงค์ 45 แคปซูล,139.0,48.0,10.0,Pathum Thani
4065617091,Men's Health,Amsel L-Arginine Plus Zinc แอมเซล แอล-อาร์จินีน พลัส ซิงค์ 40 แคปซูล [1 ขวด],132.0,60.0,10.0,Bangkok
1850002562,Men's Health,P-PROST ดูแล ต่อมลูกหมากโต ฉี่เล็ด ฉี่ปนเลือด ฉี่กระปิดกระปอย 1กระปุก ส่งฟรี,350.0,1156.0,284.0,Phitsanulok
3432245801,Men's Health,(โปรสุดคุ้ม 3 กล่อง) กาแฟวันแฟน One Fan Coffee ของแท้100% รับประกันถูกที่สุด,807.0,220.0,24.0,Bangkok
1701920849,Men's Health,[Exp2025] Now Foods Maca Raw 750 mg 90 VegCaps / Maca 500mg 100 VegCap มาคา,530.0,224.0,20.0,Nonthaburi
760816251,Men's Health,แพคเกจใหม่ CHUCHO ชูวโชว์ ผลิตภัณฑ์อาหารเสริมสำหรับผู้ชาย บรรจุ 10 แคปซูล/ซอง,60.0,58.0,12.0,Bangkok
230420728,Men's Health,turbo max two up TWO UP by Turbomax ทูอัพ บาย เทอร์โบ แมกซ์ (60 แคปซูล),845.0,9541.0,1633.0,Bangkok
3408491925,Men's Health,ส่งด่วน/ iTEM pro (ไอเทมโปร) ผสมเครื่องดื่มได้ (1 กล่อง 4 แคปซูล),187.0,20.0,3.0,Bangkok
3655851413,Men's Health,เอ็นโด ENDO กระปุกละ10แคปซูล ผลิตภัณฑ์สำหรับผู้ชาย รับประกันความพอใจ,480.0,119.0,14.0,Suphan Buri
4318570632,Men's Health,คินโดพลัส Kindo ปลอดภัย ไร้สารตกค้าง ผลิตภัณฑ์เสริมอาหารผู้ชายจากธรรมชาติ,300.0,24.0,3.0,Kamphaeng Phet
4021101912,Men's Health,กาแฟแฮปปี้ HAPPY COFFY  ของแท้100% กาแฟดีสำหรับท่านชาย สูตรเข้มข้น1 กล่อง มี 10 ซอง สินค้าพร้อมจัดส่ง,238.0,773.0,76.0,Udon Thani
4287843001,Men's Health,puritan's pride saw palmetto 450 mg 100 capsules,299.0,304.0,38.0,Bangkok
915646570,Men's Health,Chu ชูว์ ผลิตภัณฑ์เสริมอาหาร [ขนาด 10 แคปซูล] [ 1 กล่อง] อาหารเสริม อาหารเสริมสำหรับผู้ชาย,145.0,2745.0,464.0,Pathum Thani
721050711,Men's Health,Mega we care zemax sx (pack3) 30 แคปซูล เมก้า วีเเคร์ ซีแมกซ์ เอสเอ็กซ์,912.0,347.0,77.0,Bangkok
3433991797,Men's Health,Add Prost แอดโพรสท์ อาหารเสริมต่อมลูกหมากโต อาหารเสริมต่อมลูกหมาก อาหารเสริมบํารุงต่อมลูกหมาก วิตามินต่อมลูกหมากโต 30 แคปซูล 2 กระปุก,1200.0,85.0,10.0,Bangkok
4634370778,Men's Health,Kingdom คิงดอม อาหารเสริมผู้ชาย kingdom อาหารเสริม สมุนไพรท่านชาย บำรุงสุขภาพคุณผู้ชาย 10แคปซูล/กล่อง ของแท้ ไม่ระบุชื่อสินค้าหน้ากล่อง,179.0,357.0,96.0,Nonthaburi
4220200531,Men's Health,SAIGA X ไซก้า เอ็กซ์ ผลิตภัณฑ์เสริมอาหาร อาหารเสริม ช บรรจุ 5 แคปซูล ไม่ระบุชื่อสินค้าหน้ากล่อง,159.0,521.0,117.0,Nonthaburi
4647576736,Men's Health,"[ของแท้][เจ้าเดิมยอดขายกว่า 1,000 ขวด‼️] HERRMETTO(เฮอร์เมตโต) ผลิตภัณฑ์เสริมอาหารวิตามิน สำหรับผู้ชาย",1100.0,27.0,9.0,Pathum Thani
4754869321,Men's Health,**รับประกันแท้100%** DBMP (ดีบีเอ็มพี) อาหารเสริมโสมและถังเฉ้า ( กระปุกขาว บรรจุ 60 แคปซูล) ดับเบิ้ลแม็กซ์พลัส+,925.0,43.0,5.0,Chiang Mai
1927456254,Heart & Blood Pressure,"พร้อมส่งจากไทย Now Foods, Garlic Oil, น้ำมันกระเทียม, สกัดเข้มข้น 1500 มิลลิกรัม 100 แคปซูล, *พร้อมส่ง*",316.0,39.0,4.0,Bangkok
1928216018,Heart & Blood Pressure,"พร้อมส่งจากไทย Now Foods, CoQ10, 30 mg, 60 Veg Capsules โคเอ็นไซม์-คิว10 30 มิลลิกรัม 60 แคปซูล *พร้อมส่ง*",378.0,23.0,3.0,Bangkok
4743522643,Heart & Blood Pressure,⚡️ล็อตใหม่⚡️Benja Oil Securmin เบญจออย ซีเคอร์มิน  น้ำมันสกัดจากธรรมชาติ10ชนิด (Exp:03/25),194.0,189.0,31.0,Bangkok
4441916186,Heart & Blood Pressure,น้ำมันรำข้าว จมูกข้าวสมฤดี ออไรซา (Somrudee Oryza) เป็นผลิตภัณฑ์เสริมอาหาร ชนิดแคปซูล บรรจุ 50 แคปซูล,359.0,,,Chonburi
4347275725,Heart & Blood Pressure,กระเทียมแคปซูล 100 แคปซูล ผลิตภัณฑ์เสริมอาหาร ตรา นาคญา,62.76,3378.0,568.0,Nonthaburi
4783212954,Heart & Blood Pressure,กระเทียม บรรจุ 100 แคปซูล ตราบัวคำ,120.0,,,Chonburi
1614824361,Heart & Blood Pressure,BODE Garlic Oil 90cap +15cap ( น้ำมันกระเทียม ),190.0,25.0,2.0,Bangkok
100074319,Heart & Blood Pressure,เครื่องดื่มสมุนไพรผสมชนิดแห้ง ตราจินตะวัน (ขิง เห็ดหุหนู พุทราจีน เห็ดหลินจือ ),280.0,455.0,77.0,Chiang Mai
2940594160,Heart & Blood Pressure,80% OFF ราคา Sale!!! โปรดอ่านรายละเอียด EXP: 10/2023 เมก้า อีพีเอ ดีเอชเอ Mega EPA/DHA 120 Softgels (Life Extension®) โอเมก้า 3 แบบเข้มข้น กรดไขมันโอเมก้า น้ำมันปลา,360.0,,,Chiang Mai
110297279,Heart & Blood Pressure,Blackmores Choles-Bloc ลดระดับไขมันและโคเลสเตอรอลในเลือด 60 แคปซูล 12444,596.0,174.0,21.0,Krabi
4633287063,Heart & Blood Pressure,garlicpearls น้ำมันกระเทียม ลด คลอเลสเตอร์รอล,85.0,218.0,41.0,Bangkok
4147140679,Heart & Blood Pressure,ความดันโลหิตต่ำ โลหิตจาง ผลิตภัณฑ์เสริมอาหารชนิดแคปซูล ตราโพนอล บาย รอยัลฟาร์ม 800มก 60 แคปซูล,390.0,40.0,13.0,Bangkok
2701133686,Heart & Blood Pressure,48% OFF ราคา Sale!! EXP:07/23 ซุปเปอร์โคคิวเท็น Super-Absorbable CoQ10 (Ubiquinone) 100mg with d-Limonene  60 Softgels (Life Extension®) Q10 #คิวเทน #โคคิวเทน #Q-10,1200.0,8.0,2.0,Chiang Mai
4150487886,Heart & Blood Pressure,ส่งฟรี เลซิติน 15-30-60 เม็ด กิฟฟารีนเลซิติน แคโรทินอย เลซิตินกิฟฟารีน กิฟฟารีนของแท้,215.0,7.0,4.0,Bangkok
4487883211,Heart & Blood Pressure,❤️สูตรบำรุงเลือด ฟื้นฟูหัวใจ ลิ่มเลือดแข็งตัว หลอดเลือดหัวใจตีบ ตัน อาหารเสริม สมุนไพรจีนลดความดันโลหิต Folic โฟลิค แก้เลือดลมติดขัด B-Qi,420.0,,,Bangkok
2823469990,Heart & Blood Pressure,Somrudee Oryza สมฤดี โอไรซา [3 กล่อง] น้ำมันรำข้าวและจมูกข้าว,816.0,411.0,60.0,Pathum Thani
4363822462,Heart & Blood Pressure,(แพ็คคู่) น้ำมันกระเทียม Mega we care garlic oil 100 caps.,222.0,1132.0,346.0,Bangkok
4154699680,Heart & Blood Pressure,(3 กล่อง) น้ำมันสนเข็มแดง โซจัง Sojung ผลิตภัณฑ์เสริมอาหาร ดูแลสุขภาพ ช่วยลดไขมันอุดตัน ในหลอดเลือด,2397.0,6.0,,Bangkok
4159609691,Heart & Blood Pressure,(ส่งฟรี) ทับทิมเม็ด ทับทิม กิฟฟารีน GIFFARINE GRANADA,225.0,94.0,6.0,Chanthaburi
4580215619,Heart & Blood Pressure,ZENA ซีน่า 6 กระปุก  1100 ส่งฟรี บาทน้ำมันกระเทียมผสมน้ำมันมะพร้าวสะกัดเย็นเข้มข้น,1100.0,20.0,6.0,Khon Kaen
4284766170,Heart & Blood Pressure,Mega We Care Garlic Oil 100 tablets เมก้า วีแคร์ น้ำมันกระเทียม แคปซูล 100 เม็ด,119.0,133.0,42.0,Bangkok
4696012986,Heart & Blood Pressure,NOW Foods Beta-Sitosterol Plant Sterols 90 Softgels คุมคอเลสเตอรอล เบต้า-ซิโตสเตอรอล แพลนท์ ไฟโตสเตอรอล Phytosterols Cardiovascular Health CardioAid,880.0,,1.0,Bangkok
4425938176,Heart & Blood Pressure,กระเทียม  กระเทียมกิฟฟารีน กระเทียมสกัด กระเทียมแคปซูล GARLICINE GIFFARINE,300.0,40.0,11.0,Bangkok
4396966422,Heart & Blood Pressure,ทับทิมเม็ด กิฟฟารีน ทับทิมเม็ด กรานาดา (ชนิดเม็ด ) GIFFARINE GRANADA สารสกัดจากทับทิม,225.0,,,Bangkok
4175831364,Heart & Blood Pressure,ไขมันในเลือดสูง คอเลสเตอรอลสูง เลซิติน โคซานอล มัลติ แพลนท์ โอเมก้า 3 ออยล์ กิฟฟารีน,392.0,20.0,5.0,Pathum Thani
4704426940,Heart & Blood Pressure,น้ำมันสกัดเย็น6สหาย จัดเซ็ต3กป เพียง349 บาท ถูกแบบตะโกนคะ,349.0,109.0,29.0,Bangkok
4386033441,Heart & Blood Pressure,Beta Oil (เบต้าออยล์)  ✅ไขมันในเลือดสูง หัวใจ ความดัน ระบบไหวเวียนเลือด BetaOil,3290.0,,,Bangkok
3416933869,Heart & Blood Pressure,น้ำมันกระเทียม สกัดเย็น Garlic pearls from India-100 pcs,85.0,,3135.0,Bangkok
120824255,Heart & Blood Pressure,CAL Garlic Oil Capsule น้ำมันกระเทียม ผลิตภัณฑ์เสริมอาหาร 2 กล่อง แถมฟรี แผงอาหารเสริม 2 แผง (10 แคปซูล),1003.0,55.0,10.0,Bangkok
4026364277,Heart & Blood Pressure,Clover Plus Cordy US คอร์ดี้ ยูเอส อาหารเสริมสารสกัดถั่งเช่า เห็ดหลินจือ 1ซอง/7แคปซูล,60.0,670.0,72.0,Bangkok
4295967138,Heart & Blood Pressure,Garlic Pearls น้ำมันกระเทียมสกัด 100 เม็ด,83.0,1120.0,183.0,Bangkok
2717840637,Heart & Blood Pressure,🔥 พร้อมส่ง! ส่งไว 🔥 GL Garlic กระเทียมสกัดเข้มข้น 1 แถม 1 (120 แคปซูล) เบาหวาน ไขมัน ความดัน หัวใจ ภูมิแพ้,164.0,1565.0,423.0,Saraburi
4309171100,Heart & Blood Pressure,กระเทียม กระเทียมกิฟฟารีน กระเทียมสกัด กระเทียมแคปซูล GARLICINE GIFFARINE,340.0,16.0,3.0,Bangkok
4372551309,Heart & Blood Pressure,โปร 1 กล่อง Zena น้ำมันกระเทียม(1กล่องมี30แคปซูล) น้ำมันมะพร้าวสกัดเย็น ผลิตภัณฑ์ด้วยอาหารจากธรรมชาติ มีอย. ของแท้,279.0,,,Nakhon Si Thammarat
2453110799,Heart & Blood Pressure,MEGA Garlic Oil ( การ์ลิค ออย ),102.0,6825.0,1004.0,Pathum Thani
2062440268,Heart & Blood Pressure,น้ำมันงาขี้ม้อน สกัดเย็น 100 แคปซูล (แบบเจลอ่อน) สวนปานะ,260.0,781.0,145.0,Bangkok
1420410283,Heart & Blood Pressure,Puritan's Pride Garlic Oil 5000 mg. / 250 Rapid Release Softgels,495.0,653.0,180.0,Nakhon Pathom
4364052639,Heart & Blood Pressure,3-103351 : ยาตำรับน้ำมันสมัย ร.5,380.0,,,Chonburi
1615592533,Heart & Blood Pressure,น้ำมันรำข้าวสกัดเย็นออร์แกนิค 100 แคปซูล (แบบเจลอ่อน) สวนปานะ,260.0,1763.0,350.0,Bangkok
3294107280,Heart & Blood Pressure,BENECOL เบเนคอล รสทับทิม ผลิตภัณทฑ์เสริมอาหารแพลนท์สตานอล ยูเอสที แพค(6กล่อง),155.0,152.0,23.0,Bangkok
4175831364,Heart & Blood Pressure,ไขมันในเลือดสูง คอเลสเตอรอลสูง เลซิติน โคซานอล มัลติ แพลนท์ โอเมก้า 3 ออยล์ กิฟฟารีน,950.0,20.0,5.0,Pathum Thani
4806310824,Heart & Blood Pressure,Balance P BLP อาหารเสริม ของแท้จากบริษัท พร้อมแนะนำและแนะนำวิธีทาน อาหารเสริมเพื่อสุขภาพ ลดน้ำตาล ความดัน,990.0,,,Samut Prakan
4805710693,Heart & Blood Pressure,Jamille Black Sessme Oilจามิลลี่น้ำมันงาดำ(60แคปซูล),997.0,,,Bangkok
4801108543,Heart & Blood Pressure,Swisse Odourless Fish Oil 1500mg/1000mg 400 capsules,550.0,,,Songkhla
4798763808,Heart & Blood Pressure,[✅พร้อมส่ง] Betaoil (เบต้าออยล์) รวมสารสกัดจากน้ำมันรำข้าว น้ำมันคาโนล่า น้ำมันมะกอกผลิตภัณฑ์เสริมอาหาร 1กล่อง 10แคปซูล,690.0,,,Bangkok
4795621910,Heart & Blood Pressure,Pharma Nord Bio Quinone Q10 100 mg ฟาร์มา นอร์ด ไบโอ ควิโนน คิวเท็น (60 capsules) สินค้าใหม่ พร้อมส่งด่วน,2136.0,,2.0,Satun
4795309367,Heart & Blood Pressure,NEOCA ORYZOL TS (30 แคปซูล) นีโอก้า ออไรซอล ทีเอส น้ำมันจมูกข้าว,299.0,,,Kanchanaburi
4795249736,Heart & Blood Pressure,Mega We Care Garlic Oil 100 caps น้ำมันกระเทียมช่วยลดคอเลสเตอรอล,119.0,,,Kanchanaburi
4795203420,Heart & Blood Pressure,[Clearance Deal] น้ำมันปลา สูตรไร้กลิ่น (30 แคปซูล) Odourless Fish Oil 1000 MG OMEGA-3 -,95.0,,1.0,Samut Prakan
4794982621,Heart & Blood Pressure,น้ำมันสะกัดเย็น 5 ชนิดสยบความดัน ตราไร่ไทย,169.0,,1.0,Bangkok
4793905125,Heart & Blood Pressure,คูรูริกิ Cururiki สารสกัดสมุนไพร บำรุงตับ ลดไขมันพอกตับ,790.0,,,Nonthaburi
4793725596,Heart & Blood Pressure,Rice Bran Oil น้ำมันรำข้าว,450.0,,,Nong Khai
4793694393,Heart & Blood Pressure,Himalaya Abana 60 เม็ด เกี่ยวกับไขมัน ความดัน,72.0,5.0,2.0,Bangkok
4793556367,Heart & Blood Pressure,Maxxlife  Virgin Coconut Oil  น้ำมันมะพร้าว ( ชนิดเม็ด )  60 แคปซูล,358.0,,,Bangkok
4791749682,Heart & Blood Pressure,น้ำทับทิม กิฟฟารีน ( 4 ขวด ) กรานาดา น้ำทับทิมแท้ 100% ไม่เติมน้ำตาล ซื้อ 3 แถม 1  Giffarine,450.0,,,Pathum Thani
4791720374,Heart & Blood Pressure,โคคิวเทน แมกซ์ กิฟฟารีน Co Q10 Maxx GIFFARINE ผลิตภัณฑ์เสริมอาหาร โคเอนไซม์คิวเทน ผสมแอลคาร์นิทีน และซิตรัส ไบโอฟลาโวนอยด์ชนิดแคปซูล Giffarine,495.0,,,Pathum Thani
4791459539,Heart & Blood Pressure,ทับทิม  ทับทิมชนิดเม็ด ทับทิมสกัด ทับทิมเม็ด GRANADA,225.0,20.0,1.0,Bangkok
4791442611,Heart & Blood Pressure,น้ำมันรำข้าว น้ำมันข้าว รำข้าว น้ำมันจมูกข้าวแคปซูล  โอรีซาอี ORYZA-E  ผสมน้ำมันจมูกข้าวสาลี และวิตามินอี,420.0,,,Bangkok
4791281136,Heart & Blood Pressure,5 กระปุกสุดคุ้ม มะระสกัดเย็น เพื่อเบาหวาน ตราไร่ไทย มะระขี้นกอัดเม็ด ออร์แกนิก,795.0,,,Samut Prakan
4791107697,Heart & Blood Pressure,มะระสกัดเย็น เพื่อเบาหวาน ตราไร่ไทย มะระขี้นกอัดเม็ด ออร์แกนิก,159.0,,,Samut Prakan
4791095498,Heart & Blood Pressure,กระเทียม กระเทียมแคปซูล กระเทียม  กระเทียมสกัด  GARLIC,300.0,26.0,3.0,Bangkok
4789870836,Heart & Blood Pressure,Balance P - BLP อาหารเสริมช่วยบำรุงสุขภาพ เบาหวาน ความดัน ลดคอลเลสเตอรอลและน้ำตาลในเลือด,990.0,,,Rayong
4789666649,Heart & Blood Pressure,WATERHERB TONE GARLIC & GINGER EXTRACT เครื่องดื่มน้ำกระเทียมโทน ผสมขิงสกัด สูตรเข้มข้น แบบซอง 25 ซอง 2 กล่อง,1000.0,,,Bangkok
4789558774,Heart & Blood Pressure,WATERHERB TONE GARLIC & GINGER EXTRACT เครื่องดื่มน้ำกระเทียมโทน ผสมขิงสกัด สูตรเข้มข้น แบบซอง 25 ซอง 1 กล่อง,550.0,,,Bangkok
4788846682,Heart & Blood Pressure,ทับทิมเม็ด แท้ ขายดี 30 เม็ด บำรุงหัวใจ ลดไขมันในเลือด ช่วยป้องกันเส้นเลือดอุดตัน และมะเร็งเต้านม ของใหม่ พร้อมส่ง ส่งไว,209.0,,1.0,Chonburi
4788621228,Heart & Blood Pressure,เลซิติน 1200มก. ของแท้ 60 แคปซูล บำรุงตับ สมอง เบาหวาน ความดัน คอเลสเตอรอล ของใหม่ ส่งไว พร้อมส่ง,478.0,,1.0,Chonburi
4788312533,Heart & Blood Pressure,เลซิติน ของแท้ 1200 มก. เลซิติน 60 แคปซูล ทางออกของ เบาหวานความดัน หัวใจ ไขมัน อ้วน มะเร็ง ไขมันพอกตับ ตับเแข็ง มะเร็งตับ (พร้อมส่ง ของใหม่),465.0,,1.0,Chonburi
4786168947,Heart & Blood Pressure,"Doctor's Best, High Absorption CoQ10 , 100 Mg, 120 softgel,Coq10,q10,coenzzymeq10,co,enzyme.โคเอนเซม์คิวเท็น,โคคิวเท็น,ดอกเตอร์เบส,Doctor Best,doctor,best,เอนไซม์,enzyme,โคคิวเทน,",825.0,,,Nakhon Sawan
4785324680,Heart & Blood Pressure,Balance P - BLP อาหารเสริมช่วยบำรุงสุขภาพ ช่วยเบาหวาน ความดัน หัวใจ บำรุงปลายประสาท ระบบหมุนเวียนเลือดในร่างกาย,990.0,,,Samut Prakan
4784915838,Heart & Blood Pressure,Pharma Nord Bio Quinone Q10 ฟาร์มานอร์ด ไบโอ ควิโนน คิวเท็น 30 มิลลิกรัม 60 แคปซูล,976.0,,,Bangkok
4784309981,Heart & Blood Pressure,(1ขวด) ของแท้!! มะระขี้นก พลัส ใบมะรุม ตรา รักษ์เฮิร์บ ลดเบาหวาน ความดัน ไขมันสูง มีอย. บรรจุขวดละ 80 เม็ด เข้มข้น,200.0,,,Nakhon Pathom
4783875681,Heart & Blood Pressure,ผลิตภัณฑ์เสริมอาหาร กระเทียมผงสกัดชนิดแคปซูล กระเทียมผงสกัด 400 มก. ชนิดแคปซูล 100 แคปซูล,300.0,5.0,2.0,Bangkok
4783782112,Heart & Blood Pressure,Omega3 Triple Strength Fish Oil โอเมก้า3 DHA EPA 60เม็ด,269.0,,,Chonburi
4782715855,Heart & Blood Pressure,[ล๊อตใหม่] Garlic oil น้ำมันกระเทียมสกัดเข้มข้น 1500 mg 100 Softgel  EXP 02/26 NOWFOOD,299.0,,,Nonthaburi
4782445538,Heart & Blood Pressure,"Bio-Quinone Q10 30 mg, Bio-Quinone Q10 100 mg",1570.0,,,Samut Prakan
4782371816,Heart & Blood Pressure,Life Extension Waistline Control™ / 60 Vegetarian Capsules,790.0,,1.0,Nakhon Pathom
4782326985,Heart & Blood Pressure,Life Extension PQQ (Pyrroloquinoline Quinone) 20 mg / 30 Vegetarian Capsules,790.0,,,Nakhon Pathom
4780441468,Heart & Blood Pressure,🔥ส่งฟรี🔥 กระเทียมสกัด 400 มก บรรจุ 100 แคปซูล ลดคอเรสเตอรอล ไขมัน ความดัน น้ำตาลในเลือด ภูมิต้านทาน 🔥สินค้าแท้ 100%🔥,249.0,6.0,3.0,Lamphun
4779821883,Heart & Blood Pressure,แพ็คคู่ 2 กระปุก Dary Vit Co Q 10 Plus ดารี่ วิต อาหารเสริม สารสกัด จาก โคคิวเท็น ขนาด 30 แคปซูล,159.0,,1.0,Bangkok
4778158434,Heart & Blood Pressure,[10 แผง (แผงละ 10 เม็ด)] Tylenol 500 mg ไทลินอล พาราเซตามอล 500 มก. 10 เม็ด,159.0,,1.0,Bangkok
4801108543,Heart & Blood Pressure,Swisse Odourless Fish Oil 1500mg/1000mg 400 capsules,930.0,,,Songkhla
4789954801,Heart & Blood Pressure,💟พอลลิเทน Polliten🔥ขุมพลังงานเซลล ์หัวใจ ไต ตับ สมอง เส้นเลือดสมองตีบ ระบบเลือด หลอดเลือด ความดัน โรคหัวใจ ไมเกรน พอ​ลลิ​ติน​ Pollitin พอ​ลลิ​ติน​ของแท้​ อาหารเสริม อาหารเสริมพอลลิติน โพลิติน,1178.0,,,Chiang Rai
4808284792,Weight Management Value Sets,Une’s+Nsos (ยูเน่เอส+เอ็นโซเอส)ลดบวมพุงยุบ ของแท้💯 ส่งฟรี!,950.0,,,Sa Kaeo
4805676165,Weight Management Value Sets,CRARA apple Cider Vineger GUMMY🍎 (แอปเปิ้ล ไซเดอร์) กัมมี่ ลดน้ำหนัก คุมหิว อิ่มนาน ลดความอยากอาหาร,5600.0,,,Bangkok
4805180289,Weight Management Value Sets,วีน่าเอ็กซ์5 VENA X5 (1แถม1) ควบคุมน้ำหนัก,299.0,,,Ratchaburi
4803835266,Weight Management Value Sets,ส่งฟรี Honey Q ลดน้ำหนัก มาแรงแห่งปี ส่งตรงจากโรงงานผลิต ของแท้ 100%,490.0,,,Bangkok
4803834282,Weight Management Value Sets,ส่งฟรี Honey Q ลดน้ำหนัก มาแรงแห่งปี ส่งตรงจากโรงงานผลิต ของแท้ 100%,490.0,,,Bangkok
4802853194,Weight Management Value Sets,ผลิตภัณฑ์อาหารเสริม VENA X5 (วีเลน่าสูตรใหม่)การเผาผลาญไขมัน,950.0,,,Nakhon Ratchasima
4802834768,Weight Management Value Sets,"LACTO-FIT LACTO-Joy Gummi Jelly MIX เยลลี่โพรไบโอติก รสพีช,มะม่วง [25 กรัม/ซอง]",29.0,,,Bangkok
4799738075,Weight Management Value Sets,วิตามินลดบวม ลดโซเดียม หุ่นเฟิร์ม แพค 30 เม็ด,57.0,,,Bangkok
4799464116,Weight Management Value Sets,ส่งฟรี อาหารเสริมควบคุมน้ำหนัก ผลิตภัณฑ์ลดน้ำหนัก ขับถ่ายดี หุ่นสวย ผิวใส ผลไม้ลดน้ำหนัก ควบคุมความอยาก ลงดี ไม่มีโย่ มะม่วง,880.0,,,Nakhon Sawan
4799420342,Weight Management Value Sets,ส่งฟรี ผลิตภัณฑ์ลดน้ำหนัก อาหารเสริมควบคุมน้ำหนัก ส้มแขก ส้มแขกญี่ปุ่น สูตรใหม่ ลดพุง ลดขา ลดแขน Garcinia,580.0,,,Nakhon Sawan
4799349809,Weight Management Value Sets,ส่งฟรี อาหารเสริมควบคุมน้ำหนัก ผลิตภัณฑ์อาหารเสริมควบคุมน้ำหนัก ลดน้ำหนัก ยุบพุง สลายไขมัน C L A,880.0,,,Nakhon Sawan
4799323305,Weight Management Value Sets,🔥สูตรใหม่🔥ลดน้ำหนัก สำหรับคนดื้อยา ลงไว ไฟเบอร์ ดีท๊อกซ์ หุ่นสวย พุงยุบ ขับถ่ายดี ไม่มีโยโย่,720.0,,,Nakhon Sawan
4799299306,Weight Management Value Sets,🔥ส่งฟรี🔥ลดน้ำหนัก พุงยุบ ขับถ่ายดี ผิวใส กลิ่นกายหอม วิตามินผัก ผลไม้รวม ยุบพุง 60แคปซูล,720.0,,,Nakhon Sawan
4798689330,Weight Management Value Sets,1แผง ยันฮีคอลลินพลัส Yanhee Callyn Plus ยันฮี คอลลีน พลัส ลดหุ่น คุมหิว 10 เม็ด,390.0,,,Bangkok
4798131265,Weight Management Value Sets,ส่งฟรี  [ ซื้อ 4 แถม 1 ] VEGGY วิตามินผัก แถมฟรี น้ำมันมิกซ์ รีเซตหุ่น ผอมด่วน ผอมไว พุงยุบทันตา สูตรรีดไขมัน เห็นผลทันตา หุ่นเป๊ะ ปัง,390.0,,,Phitsanulok
4797826254,Weight Management Value Sets,[โปรเร่งเบิร์น ] WINK WHITE Fiber Jelly ไฟเบอร์เจลลี่ + XS อาหารเสริมควบคุมน้ำหนัก + กาแฟลาเต้ + กาแฟดำ,1180.0,,,Chiang Mai
4797825184,Weight Management Value Sets,[สูตรขายดี]WINK WHITE XS อาหารเสริมควบคุมน้ำหนัก + เจลลี่ไฟเบอร์,970.0,,,Chiang Mai
4797735781,Weight Management Value Sets,N SO S 1แถม1📌 I เอ็นโซเอสกล่องสีเขียว เจ้าของเดียวกับ กล่องแดง มาดามริต้า ลดอาการบวมน้ำ ขับโซเดียม เร่งการเผาพลาญ,285.0,,,Phatthalung
4797699327,Weight Management Value Sets,วีร่าเพอร์ เอส เซท4กล่อง(ส่งฟรี),1000.0,,,Nakhon Sawan
4797394623,Weight Management Value Sets,พร้อมส่ง Pananchita ไฟเบอร์เจลลี่ ขับโซเดียมลดบวมน้ำ รสมะขาม 5 กล่อง 1995 แบรนด์แท้100% สินค้ารับตรงจากบริษัท,1995.0,,,Pathum Thani
4797266646,Weight Management Value Sets,พร้อมส่ง Pananchita ไฟเบอร์เจลลี่ ขับโซเดียมลดบวมน้ำ รสส้ม 5 กล่อง 1995 แบรนด์แท้100% สินค้ารับตรงจากบริษัท,1995.0,,,Pathum Thani
4796682348,Weight Management Value Sets,Yanhee Callyn Plus [ คอลลิน3 + อัลติเมท 2] ยันฮี คอลลิน พลัส จากยันฮี,2180.0,17.0,3.0,Bangkok
4795778801,Weight Management Value Sets,Honey Q เม็ดฟู่ คุมหิวอิ่มนาน ควบคุมน้ำหนัก ดูดซึมง่าย ปรับสมดุล อาหารเสริมคุมหิว,2100.0,,,Chiang Mai
4795777076,Weight Management Value Sets,[พร้อมส่ง]เจลลี่ไฟเบอร์รสส้ม ลดโซเดียมลดบวม,490.0,,0.0,Nonthaburi
4795624605,Weight Management Value Sets,[พร้อมส่ง]เจลลี่ไฟเบอร์ ลดโซเดียมลดบวมน้ำ,1470.0,,,Nonthaburi
4794913821,Weight Management Value Sets,ลดน้ำหนัก ตัวช่วยหุ่นสวย หุ่นดี ผงบุกเม็ดสกัด ควบคุมความอยากอาหาร (100เม็ด),470.0,,,Nakhon Sawan
4794883757,Weight Management Value Sets,ลดน้ำหนัก ส้มแขก ขับถ่ายดี ยุบพุง หอม อร่อย ชงง่าย ละลายไว ลดไขมันในสำใส้ Detox 15 ซอง,460.0,,,Nakhon Sawan
4793792143,Weight Management Value Sets,1 แถม 1 [ของแท้]  Jessina เม็ดเคี้ยวไฟเบอร์🍎  พุงยุบ ขับโซเดียม เอวเล็ก หน้าเรียว ลดบวม แขนขาเรียว ขับถ่ายง่าย,230.0,,,Bangkok
4793774356,Weight Management Value Sets,Dc slim,250.0,,,Prachuap Khiri Khan
4793240534,Weight Management Value Sets,⚡️ส่งฟรี⚡️Ultmate L-Carnitine Yanhee Callyn Plus+ ยันฮี คอลลินพลัส แอลคาร์นิทีน ยันฮีลดน้ำหนัก แอลคานิทีน,1480.0,,,Chiang Mai
4792237947,Weight Management Value Sets,กลูโคแมนแนน  GLUCOMANAN   บุก สารสกัดบุก ใยอาหารธรรมชาติจากผงบุก อาหารเสริม อิ่มนาน,306.0,,,Bangkok
4791522348,Weight Management Value Sets,KENKI KiRORi เก็นคิ คิโรริ สารสกัดจากเห็ดแชมปิญอง เผาผลาญ ลดความอยาก ขับถ่ายดี พุงยุบ บรรจุ 30 แคปซูล,1459.0,,,Bangkok
4791422284,Weight Management Value Sets,โซมี Some 3 แถม 1 (แถมดีท๊อก) ผลิตภัณฑ์อาหารเสริมลดน้ำหนัก เจ้าของแบรนด์ขายเองแท้ 100✅,349.0,,,Bangkok
4791171332,Weight Management Value Sets,LEVFITME ผลิตภัณฑ์เสริมอาหาร เลฟฟิตมี LEVFITME Dietary Supplement Product รักตัวเอง,288.0,,,Pathum Thani
4790247667,Weight Management Value Sets,🎌 DHC Meriroto ขาเรียว ลดกระชับ ต้นขา น่อง สะโพก ของแท้จากญี่ปุ่น メリロート,239.0,,,Bangkok
4789869102,Weight Management Value Sets,ของแท้ ✅ Seres แอลคาร์นิทีน กลูต้าไธโอน สารสกัดพริก พริกไทยดำ  ส้มแขก เพิ่มการเผาผลาญไขมัน และแป้ง 30 แคปซูล,96.0,,3.0,Bueng Kan
4789657003,Weight Management Value Sets,KENZY คุมหิว เผาผลาญx2 ต้องลอง,340.0,,,Phra Nakhon Si Ayutthaya
4786953001,Weight Management Value Sets,(ใหม่/ส่งฟรี)มานา โปรลีน Mana Prolean แอลคาร์นิทีน รสช็อกโกแลต 3 กล่อง (1กล่อง มี 10 ซอง) มานาโปรลีน โปรตีนจากพืช เวย์โปรตีน โปรตีนเชค (CO/ST/BA),1650.0,,,Pathum Thani
4786932058,Weight Management Value Sets,(ใหม่/ส่งฟรี)มานา โปรลีน Mana Prolean แอลคาร์นิทีน รสช็อกโกแลต 3 กล่อง (1กล่อง มี 10 ซอง) มานาโปรลีน โปรตีนจากพืช เวย์โปรตีน โปรตีนเชค (VA/MA/BA),1650.0,,,Pathum Thani
4808284792,Weight Management Value Sets,Une’s+Nsos (ยูเน่เอส+เอ็นโซเอส)ลดบวมพุงยุบ ของแท้💯 ส่งฟรี!,350.0,,,Sa Kaeo
4802853194,Weight Management Value Sets,ผลิตภัณฑ์อาหารเสริม VENA X5 (วีเลน่าสูตรใหม่)การเผาผลาญไขมัน,650.0,,,Nakhon Ratchasima
4236728173,Weight Management Value Sets,ดีออร่า สมุนไพรดีท็อคช์ (D AORA DETOX),109.0,2242.0,381.0,Pathum Thani
4385911445,Weight Management Value Sets,ลดเร่งด่วน Pada 🔥ส่งฟรี,390.0,13.0,4.0,Pathum Thani
4672335255,Weight Management Value Sets,พร้อมส่ง!! 🍇🍇 Wink​ White​ FIBBER JELLY วิ้งไวท์ไฟเบอร์เจลลี่  ของแท้ 💯 ส่งเร็ว ส่งไว ส่งทุกวัน การันตี,195.0,7.0,,Bangkok
4779962907,Weight Management Value Sets,วิตามินลดบวม ลดโซเดียม หุ่นเฟิร์ม แพค 30 เม็ด,59.0,147.0,18.0,Bangkok
3324693966,Weight Management Value Sets,แพ็คคู่ 2 กล่อง   Vilena วีเลนน่า แพ็คเก็จใหม่ล่าสุด  1 กล่องมี   10 แค็บซูล,210.0,36.0,5.0,Bangkok
4772591290,Weight Management Value Sets,เม็ดเคี้ยวไฟเบอร์ jessina ขับเซลลูไลท์ ลดบวม ลดโซเดียม ปรับระบบขับถ่าย ดีท็อกลำไส้ แขน ขา เล็กลง คุมหิว,230.0,,,Bangkok
4757976711,Weight Management Value Sets,Honey Q ของแท้100% อาหารเสริม ฮันนี่คิว Honey q slim ดูแลรูปร่าง,390.0,,,Nonthaburi
4706356867,Weight Management Value Sets,เซ็ตคุ้มเวอร์ Yanhee Callyn Plus [ คอลลิน6 + เวจจี้ 4 ] ยันฮี คอลลิน พลัส ลดไว เหมาะสำหรับคนดื้อยา,3390.0,6.0,2.0,Bangkok
2055048432,Weight Management Value Sets,✨ราคา 2 กระปุก✨Liso/Lishou ลิโซ่สูตรเดิม(แคปซูลสกรีน) ลดน้ำหนัก สัดส่วน มี 40เม็ด ของแท้100% ส่งไว++,246.0,2470.0,382.0,Sakon Nakhon
4323852936,Weight Management Value Sets,์New2 set20วัน #ผอม20 เม็ด,340.0,31.0,5.0,Samut Prakan
4353888526,Weight Management Value Sets,ลินเน่ ไฟเบอร์ ไฟเบอร์ลินเน่ ลดพุง linne fibery 1 กล่องมี 5 ซอง,109.0,32.0,4.0,Nakhon Ratchasima
4736153371,Weight Management Value Sets,ไฟเบอร์ ลดพุง ไฟเบอรีน ไฟเบอร์ ดีท๊อก ใยอาหาร ผักผลไม้รวม Fiberine ผักอัดเม็ด 100 เม็ด 🔥ส่งฟรี,240.0,,4.0,Samut Prakan
3070316338,Weight Management Value Sets,เอสชัวร์ เพอร์พีชไฟเบอร์ (Per Peach Fiber + S sure) ลดน้ำหนัก ไฟเบอร์ นุ้ย สุจิรา,610.0,30.0,4.0,Bangkok
2565247123,Weight Management Value Sets,"สมุนไพรลดน้ำหนัก Korse by Herb แพคเกจใหม่ สีขาวทอง แท้ 100% ""มีบัตรตัวแทน""",209.0,651.0,128.0,Bangkok
4647352752,Weight Management Value Sets,ส่งฟรี ของแท้| [โปร1แถม1]💚 NsoS 💚เอ็นโซเอส nsos  ควบคุมน้ำหนัก ตัวช่วยลดน้ำหนัก,350.0,21.0,3.0,Samut Prakan
4126784139,Weight Management Value Sets,LD COCO MCT Oil ผงมะพร้าวสกัดเย็นบริสุทธิ์ 100% อิ่มนาน คุมหิว บำรุงผิวพรรณ 120กรัม,199.0,,,Bangkok
4589234573,Weight Management Value Sets,ยาลดน้ำหนัก I REAL S  คุมน้ำหนักจากอเมริกา 1เม็ดคุมหิวได้นาน3วันไม่หิวเลย,290.0,,,Sakon Nakhon
2070494043,Weight Management Value Sets,❤️3 กล่อง❤️Liso/Lishou Slimming Softgels ลิโซ่ลดน้ำหนัก เม็ดซอฟเจลตัวใหม่ล่าสุด‼️ #ลดสัดส่วน #ลดพุง มี 10เม็ดต่อกล่อง ของแท้ล้านน%,299.0,507.0,104.0,Sakon Nakhon
4664113964,Weight Management Value Sets,อาหารเสริม ไฟเบอร์  OVO DTX Slim  ไฟเบอร์ขับถ่าย ชุดทดลอง  สบายท้อง สุขภาพ ไฟเบอร์ ชับถ่าย FIBER  ฟิตหุ่นปังอวดหุ่นสวย  ของแท้,200.0,,,Nonthaburi
4324636935,Weight Management Value Sets,New2/40วันสุดคุ้ม #พร้อมส่ง,650.0,27.0,8.0,Samut Prakan
2726143477,Weight Management Value Sets,ยันฮี คอลลิน พลัส ส่งฟรี!! Yanhee Callyn Plus ยันฮีคอลลินพลัส วิตามิน สูตรใหม่จากยันฮี ยันฮี คอลลิน พลัส แอลคาร์นิทีน 1 กล่อง มี 10 เม็ด,390.0,5.0,,Si Sa Ket
2795461284,Weight Management Value Sets,{กระป๋องทอง} Donutt Collagen Dipeptide คอลลาเจนไดเปปไทด์ พลัสแคลเซียม บรรจุ 120 กรัม,179.0,1552.0,276.0,Pathum Thani
4735587288,Weight Management Value Sets,[พร้อมส่ง] GARCINIA plus POTENT Diet Potent Diet ลดน้ำหนักเกาหลี112 เม็ด อาหารเสริมลดน้ำหนักเกาหลี วิตตามินลดน้ำหนัก,229.0,19.0,9.0,Pathum Thani
4605186047,Weight Management Value Sets,ส่งฟรี ซิตริแม็กซ์ กิฟฟารีน สารสกัดจากผลส้มแขก ผสมโครเมียม,435.0,,,Chanthaburi
1575642076,Weight Management Value Sets,Car-B-BOCK คาร์บีบ๊อก อาหารเสริมควบคุมน้ำหนัก (สีเหลือง ),115.0,1269.0,274.0,Pathum Thani
4126720122,Weight Management Value Sets,Honey Q fiber 3กล่อง ตัวช่วยลดน้ำหนัก หุ่นเป๊ะ ปัง อีกหนึ่งทางเลือก ที่มีสารสกัดจากธรรมชาติ,990.0,13.0,8.0,Bangkok
2740947565,Weight Management Value Sets,กาเน่ดีท็อกซ์ผสมไฟเบอร์และการ์ซีเนียกาแฟเพื่อสุขภาพสูตรนี้ไม่มีนำ้ตาลไม่มีคลอเรสเตอร์รอลน้ำหนักสุทธิ22กรัม(ราคานี้ได้ 10 ซอง)สินค้าพร้อมส่ง,140.0,164.0,27.0,Chiang Mai
1716162868,Weight Management Value Sets,ของแท้💯 กาแฟ ลิโซ่ 3 in 1 กาแฟกล่องกระดาษ แถบแดง ตรามังกร ลิโซ่คอฟฟี่ 1 กล่อง 15 ซอง ลิโซ่,124.0,,2483.0,Pattani
1564378417,Weight Management Value Sets,เม็ดฟู่ช่วยเผาผลาญสูตร- Everslim,84.0,,2081.0,Pathum Thani
1579732651,Weight Management Value Sets,WWL L-Carnitine ผลิตภัณฑ์เสริมอาหาร แอลคาร์นิทีน,799.0,46.0,10.0,Nonthaburi
4242953100,Weight Management Value Sets,ดีลองพลัส DLone PLUS ช่วยขับถ่าย,40.0,150.0,8.0,Nakhon Si Thammarat
4494464007,Weight Management Value Sets,Honey Q ฮันนี่คิว รับประกันของแท้ ตัวช่วคุมน้ำหนัก คุณเอ้ ชุติมา กรีดรหัส,259.0,19.0,5.0,Nonthaburi
2283803078,Weight Management Value Sets,Jelly Fiber เจลลี่ไฟเบอร์ ( 1กล่อง 5 ซอง ),129.0,135.0,16.0,Bangkok
4784863374,Weight Management Value Sets,โซ นิ เอ็นคิว SO NI NQ วิตามินลดบวม,150.0,,,Phuket
4623912122,Weight Management Value Sets,ดีท็อกพลัส สูตรเข้มข้น ลิด้า แม็ก ลิด้า แม็ก ซอฟเจล Lida Max ลิด้า ( 1 กล่อง บรรจุ 30 แคปซูล),289.0,,2.0,Bangkok
4184109039,Weight Management Value Sets,วิตามินผัก Utimate,199.0,165.0,38.0,Nakhon Phanom
4517815183,Weight Management Value Sets,Larlin ลาลินน์ วิตามินผoม x10 ไม่ต้องoดไม่ต้องออก ให้เสียเวลา,350.0,5.0,,Surin
2423869562,Weight Management Value Sets,วีเลน่า Vilena  (1 กล่อง 10 แคปซูล),120.0,210.0,10.0,Khon Kaen
1947404510,Weight Management Value Sets,อาหารเสริมยูเอส(US)( 1กล่อง),219.0,2033.0,315.0,Bangkok
4734484552,Weight Management Value Sets,ไฟเบอร์ ลดพุง ไฟเบอรีน ไฟเบอร์ ดีท๊อก ใยอาหาร ผักผลไม้รวม Fiberine ผักอัดเม็ด 100 เม็ด 🔥ส่งฟรี🔥,240.0,80.0,2.0,Samut Prakan
4809133986,Meal Replacement,โปรตีน ฟิตมิล  Fitt Meal by  ฟิตต์ มีล บาย  ผลิตภัณฑ์ทดแทนมื้ออาหาร โปรตีน,1700.0,,,Pathum Thani
4808385285,Meal Replacement,Herbalife nutrition protein coffee latte flavor 550g l นิวทริชั่นแนล โปรตีน ดริ้งค์ มิกซ์ กลิ่นคาเฟ่ ลาเต้ 550 กรัม l 1 กระปุก l ทานง่าย รสชาติอร่อย,1799.0,,,Chonburi
4808371239,Meal Replacement,Herbalife nutrition protein strawberry flavor 550g l นิวทริชั่นแนล โปรตีน ดริ้งค์ มิกซ์ กลิ่นสตรอเบอร์รี 550 กรัม l 1 กระปุก l ทานง่าย รสชาติอร่อย,1799.0,,,Chonburi
4808267771,Meal Replacement,Herbalife nutrition protein chocolate mint flavor 550g โปรตีน ดริ้งค์ มิกซ์ กลิ่นช็อกโกแลตมินต์ 550 กรัม l 1 กระปุก l ทานง่าย รสชาติอร่อย,1799.0,,,Chonburi
4808263951,Meal Replacement,Herbalife nutrition protein bar 14 bar/box l ขนมผสมโปรตีนนมชนิดแท่ง ดีลักซ์โปรตีนบาร์แสนอร่อย เคี้ยวง่าย เคลือบด้วยช็อกโกแลตคุณภาพดีจากเยอรมัน,899.0,,,Chonburi
4808258907,Meal Replacement,Herbalife nutrition protein cookies&cream flavor 550g l นิวทริชั่นแนล โปรตีน ดริ้งค์ มิกซ์ กลิ่นคุกกี้&ครีม l 1 กระปุก l ทานง่าย รสชาติอร่อย,1799.0,,,Chonburi
4808234994,Meal Replacement,Herbalife nutrition protein choccolate flavor 550g l นิวทริชั่นแนล โปรตีน ดริ้งค์ มิกซ์ กลิ่นช็อกโกแลต 550 กรัม l 1 กระปุก l ทานง่าย รสชาติอร่อย,1799.0,,,Chonburi
4808233780,Meal Replacement,Herbalife nutrition protein vanilla flavor 550g l นิวทริชั่นแนล โปรตีน ดริ้งค์ มิกซ์ กลิ่นวานิลลา 550 กรัม l 1 กระปุก l ทานง่าย รสชาติอร่อย,1799.0,,,Chonburi
4806380862,Meal Replacement,โปรตีน ฟิตมิล  Fitt Meal by  ฟิตต์ มีล บาย  ผลิตภัณฑ์ทดแทนมื้ออาหาร โปรตีน,1700.0,68.0,,Bangkok
4805753330,Meal Replacement,Benefit Protein โปรตีนจากพืช 3 กล่อง แถมแก้วเชค : โปรตีนลีน ไขมันน้ำตาล 0% เบเน่ฟิต Plant Protein โปรตีนสูง วีแกน Vegan Protein Halal,1088.0,,2.0,Nonthaburi
4805708786,Meal Replacement,[พิเศษแถมแก้ว] Protein โปรตีนจากพืช 1 กระBenefit กระปุก  : โปรตีนลีน ไขมันน้ำตาล 0% เบเน่ฟิต Plant Protein Vegan Protein Halal,1688.0,,,Nonthaburi
4797364346,Meal Replacement,"[[ลดพิเศษ]] ลินไลฟ์เจลลี่โปรตีน 3 กล่อง 1,190.-",1190.0,,,Rayong
4795004397,Meal Replacement,Amino Vit อาหารทดแทนโปรตีนสกัดจากธรรมชาติ 1กล่อง(30 ซอง),1350.0,,,Phra Nakhon Si Ayutthaya
4793742610,Meal Replacement,VE MEAL วีมิล โปรตีนธัญพืชสกัด นวัตกรรมอาหารเพื่อสุขภาพ,1500.0,,,Bangkok
4792691334,Meal Replacement,BodyKey By Nutrilife ผลิตภัณฑ์ทดแทนมื้ออาหาร exp:03/2025,958.0,,1.0,Khon Kaen
4792550519,Meal Replacement,BodyKey By Nutrilife ผลิตภัณฑ์ทดแทนมื้ออาหาร exp:02/2025,958.0,,,Khon Kaen
4791649307,Meal Replacement,[1 แถม 1] โปรตีนเพอลีนชงดื่มทดแทนมื้ออาหาร รสชาไทย (20 ซอง),1190.0,,,Kanchanaburi
4791548459,Meal Replacement,H24 ฟอร์มูล่า วัน ดริ้งค์ มิกซ์ กลิ่นวานิลลา 780 g โปรตีนนมผสมวิตามิน l Nutrition Herbalife H24 formula 1 drink mix vanilla flavor l 1 ประปุก l,2989.0,,,Chonburi
4791371454,Meal Replacement,Fusion-x(ฟิวชั่น-เอ็กซ์) 3 ซอง,890.0,,,Nakhon Sawan
4791120718,Meal Replacement,โปรตีน ฟิตมิล  Fitt Meal by  ฟิตต์ มีล บาย  ผลิตภัณฑ์ทดแทนมื้ออาหาร โปรตีน,1275.0,21.0,2.0,Bangkok
4789412741,Meal Replacement,ฟิตต์ มีล อาหารเสริมทดแทนมื้ออาหาร เปลี่ยนหุ่นพัง ให้ปังกว่าเดิม(1กล่องx14ซอง),1700.0,,,Surat Thani
4788491358,Meal Replacement,โปรโมชั่น2แถม1PERLEENโปรตีนเพิ่มกล้ามเนื้อ,2990.0,,,Chiang Rai
4787691783,Meal Replacement,Protein Nutrition Bar Tropical Fruits🍍🥝🥭🥑,90.0,,,Bangkok
4787241271,Meal Replacement,MY COCO PLUS ผงมะพร้าว MCT ช็อคโกแลต PEER BCAA Oil Powder,299.0,,,Bangkok
4785884939,Meal Replacement,โปรตีน Fitt Meal by Giffarine✨ ผลิตภัณฑ์ทดแทนมื้ออาหาร อาหารควบคุมหรือลดน้ำหนัก,1680.0,,,Samut Prakan
4785312530,Meal Replacement,DW FitPro Protein โปรตีนกู้ร่าง Mixberry ลีนไขมัน บำรุงผิว ลดน้ำหนัก 1 กล่อง 7 ซอง,645.0,,,Pathum Thani
4784013352,Meal Replacement,ผลิตภัณฑ์ทดแทนมื้ออาหาร ลดน้ำหนัก ฟิตต์ มีล กิฟฟารีน  Fitt Meal by GIFFARINE,956.25,20.0,6.0,Bangkok
4782444394,Meal Replacement,LinLife ลีนไลฟ์ โปรตีนเจลลี่ [ลิ้นจี่] [10 ซอง] [1 กล่อง] Protein jelly โปรตีนซอง โปรตีนลดน้ำหนัก,349.0,,,Samut Sakhon
4781611221,Meal Replacement,BodyKey by NUTRILITE Amway Cafe Au Lait Flavour (โฉมใหม่) ขนาด714 G. รสกาแฟ สินค้าใหม่ การันตีของแท้,1020.0,,,Chachoengsao
4781121912,Meal Replacement,Herbalifeโปรตีนรสช็อกโกแลต(ฉลากอังกฤษแท้100%),1350.0,,,Bangkok
4779829148,Meal Replacement,ตัวเทสอาหารเสริมจากแบรน,59.0,10.0,,Ratchaburi
4779404684,Meal Replacement,พร้อมส่ง✅️🔥ลดพิเศษ🔥Amway bodykey Nutrite ใหม่!! Amway Bodykey by Nutrilite (14ซอง) นิวทริไลท์,969.0,,,Samut Sakhon
4779401958,Meal Replacement,Amway NUTRILITE โปรตีน รสช็อกโกแลต 500g,880.0,,1.0,Bangkok
4778369197,Meal Replacement,🌈Fusion-x (ฟิวชั่น-เอ็กซ์) ควบคุมแคลอรี่ ทดแทนมื้ออาหาร เสริมสร้างกล้ามเนื้อ สารอาหารครบ 5 หมู่,3080.0,,,Bangkok
4778225220,Meal Replacement,🌈Fusion-x (ฟิวชั่น-เอ็กซ์) ควบคุมแคลอรี่ ทดแทนมื้ออาหาร เสริมสร้างกล้ามเนื้อ สารอาหารครบ 5 หมู่,3080.0,,,Bangkok
4778155595,Meal Replacement,[3 กล่อง] Pananchita LinLife ลินไลฟ์ เจลลี่ โปรตีน ปนันชิตา โปรตีนเจลลี่ กลิ่นลิ้นจี่ [10 ซอง/กล่อง],1165.0,,,Pathum Thani
4778123697,Meal Replacement,[2 กล่อง] Pananchita LinLife ลินไลฟ์ เจลลี่ โปรตีน ปนันชิตา โปรตีนเจลลี่ กลิ่นลิ้นจี่ [10 ซอง/กล่อง],778.0,,,Pathum Thani
4778048891,Meal Replacement,Pananchita LinLife ลินไลฟ์ เจลลี่ โปรตีน ปนันชิตา โปรตีนเจลลี่ กลิ่นลิ้นจี่ [10 ซอง/กล่อง] [1 กล่อง],389.0,,,Pathum Thani
4777187786,Meal Replacement,Amway Bodykey by Nutrilite  (14ซอง) นิวทริไลท์,1099.0,41.0,11.0,Songkhla
4773108851,Meal Replacement,(14 ซอง) nosh meal replacement ช็อกโกแลต 7 มิกซ์เบอร์รี่ 7,1694.0,,,Nonthaburi
4444563471,Meal Replacement,Tasty Fit Plant Protein โปรตีนพืช จากเกาหลี อร่อย ทานง่าย สูตรเร่งเบิร์น รส Choco Banana แพลนต์เบสด์ แบบซองเชค,149.0,,,Pathum Thani
4499909974,Meal Replacement,SOY ISOLATE ซอยโปรตีน SOY Protein โปรตีนถั่วเหลือง โปรตีนพืช  เพิ่มกล้าม คุมหิว ลีน ฟิต สำหรับคนแพ้เวย์โปรตีน,159.0,284.0,80.0,Bangkok
4667641457,Meal Replacement,โปรตีนเชคเกาหลี ดื่มทดแทนมื้ออาหาร คุมน้ำหนัก คุมหิว อิ่มนาน | GNM Real Delicious Protein DIET Shake 25g [พร้อมส่งแบบซอง],32.0,151.0,6.0,Chonburi
4685536363,Meal Replacement,SAMU RED STRAWBERRY (ผลิตภัณฑ์เสริมอาหาร)0%Low Sugar,199.0,,,Nakhon Pathom
4696577082,Meal Replacement,SOY ISOLATE ซอยโปรตีน รสช็อกโกแลต SOY Protein โปรตีนถั่วเหลือง โปรตีนพืช เวย์ถั่วเหลือง Wheysoy เพิ่มกล้าม คุมหิว ลีน ฟิต สำหรับคนแพ้เวย์โปรตีน,169.0,1433.0,379.0,Bangkok
4445692074,Meal Replacement,Tasty Fit Plant Protein โปรตีนพืช จากเกาหลี อร่อย ดื่มง่าย สูตรผิวไบรท์ รส Vermilion Strawberry แพลนท์เบสด์ แบบซองเชค,149.0,,,Pathum Thani
227647203,Meal Replacement,ผงแฟลกซ์ สีทอง 300 กรัม ออร์แกนิค มีเลข อย. ผงเมล็ดแฟลกซ์ เมล็ดแฟลกซ์บดผง Organic Golden Grinded Flaxseeds แฟล็กซีดสีทอง Slim Healthy,259.0,700.0,128.0,Bangkok
4216382092,Meal Replacement,📣🇰🇷เม็ดฟู่ช่วยเผาผลาญรสทับทิม,150.0,1521.0,278.0,Pathum Thani
4724062127,Meal Replacement,(ส่งฟรี) ผลิตภัณฑ์เสริมอาหาร ตราเบลส โกโก้ Dietary Suppiement Product  Bless Cocoa Brand ไม่มีน้ำตาล และไขมันทรานส์,450.0,,,Pathum Thani
4404379658,Meal Replacement,เวย์โปรตีน ทดแทนมื้ออาหาร แคลอรี่ต่ำ หอมกล้วย ส่งฟรี,590.0,,,Songkhla
4690301371,Meal Replacement,ส่งฟรี ฟิตมิล กิฟฟารีน Fitt Meal by GIFFARINE ผลิตภัณฑ์ทดแทนมื้ออาหาร ฟิตต์ มีล บาย กิฟฟารีน (อาหารควบคุมน้ำหนัก),1275.0,,1.0,Chanthaburi
3867995988,Meal Replacement,มอลโทเดกซ์ทริน (maltodextrin) ทดแทนมื้ออาหาร เพิ่มกล้ามเนื้อ,56.0,,2.0,Samut Prakan
243931800,Meal Replacement,เมล็ดแฟลกซ์ สีน้ำตาล 200 g ไม่บด ออร์แกนิค มีเลข อย. Organic Brown Flaxseeds แฟล็กซีด แฟล็กซ์ แฟลกซ์ซี๊ด ลินิน linen Slim Healthy,89.0,277.0,44.0,Bangkok
4711308282,Meal Replacement,!!!ใหม่!!! WHERY WELL  WHERY Nutrie Meal Replacement ผลิตภัณฑ์ทดแทนอาหาร  ควบคุมน้ำหนัก,350.0,,,Nakhon Pathom
4593347815,Meal Replacement,SOY ISOLATE ซอยโปรตีน SOY Protein โปรตีนถั่วเหลือง โปรตีนพืช  เพิ่มกล้าม คุมหิว ลีน ฟิต สำหรับคนแพ้เวย์โปรตีน,159.0,863.0,254.0,Bangkok
4678698679,Meal Replacement,ฟิตมิล กิฟฟารีน โปรตีน โปรตีนกิฟฟารีน Fitt Meal by GIFFARINE ฟิตต์ มีล บาย กิฟฟารีน ผลิตภัณฑ์ทดแทนมื้ออาหาร,1360.0,,1.0,Bangkok
4678552614,Meal Replacement,โปรตีน ฟิตมิล กิฟฟารีน Fitt Meal by GIFFARINE ฟิตต์ มีล บาย กิฟฟารีน ผลิตภัณฑ์ทดแทนมื้ออาหาร โปรตีนกิฟฟารีน,1360.0,28.0,7.0,Bangkok
4034060227,Meal Replacement,[พรีออเดอร์แบบซอง] โปรตีนคุมน้ำหนักโปรตีนไดเอทกินเเทนข้าว โปรตีนเกาหลี,26.0,,1266.0,Pathum Thani
4696543178,Meal Replacement,SOY ISOLATE ซอยโปรตีน รสช็อกโกแลต SOY Protein โปรตีนถั่วเหลือง โปรตีนพืช เวย์ถั่วเหลือง Wheysoy เพิ่มกล้าม คุมหิว ลีน ฟิต สำหรับคนแพ้เวย์โปรตีน,169.0,14.0,1.0,Bangkok
261724016,Meal Replacement,เมล็ดเจีย ออร์แกนิค 80 g แถม 50 g Organic Chia seeds เมล็ดเซีย เมล็ดเชีย ขายส่ง ราคาส่ง Chia seed Slim Healthy,150.0,311.0,15.0,Bangkok
4696380777,Meal Replacement,SOY ISOLATE ซอยโปรตีน รสช็อกโกแลต SOY Protein โปรตีนถั่วเหลือง โปรตีนพืช เวย์ถั่วเหลือง Wheysoy เพิ่มกล้าม คุมหิว ลีน ฟิต สำหรับคนแพ้เวย์โปรตีน,159.0,,,Bangkok
261716999,Meal Replacement,เมล็ดเจีย ออร์แกนิค 1 Kg Organic Chia seeds เมล็ดเซีย เมล็ดเชีย ขายส่ง ราคาส่ง Chia seed Slim Healthy,379.0,346.0,70.0,Bangkok
100055009,Meal Replacement,เมล็ดเจีย ออร์แกนิค 200 g Organic Chia seeds เมล็ดเซีย เมล็ดเชีย ขายส่ง ราคาส่ง Chia seed Slim Healthy,159.0,4143.0,710.0,Bangkok
4301426817,Meal Replacement,SOY ISOLATE ซอยโปรตีน SOY Protein โปรตีนถั่วเหลือง โปรตีนพืช เวย์ถั่วเหลือง Wheysoy เพิ่มกล้าม คุมหิว ลีน ฟิต สำหรับคนแพ้เวย์โปรตีน,159.0,325.0,82.0,Bangkok
3693531282,Meal Replacement,🍬ขนมโปรตีนสูง🍬ลาบาลานซ์ รสคาราเมล LaBalance Protein Snack Caramel [ขนมเกาหลี โปรตีนพืช ไฟเบอร์ ลดพุง ลดน้ำหนัก คุมหิว โปรตีนแสน็ค Plant-Based],99.0,20.0,3.0,Pathum Thani
4529395284,Meal Replacement,Slim up Slim จาก Asahi เวย์ โปรตีนไดเดท สำหรับควบคุมน้ำหนัก สุดฮิตจากญี่ปุ่น,649.0,7.0,4.0,Samut Prakan
4563224009,Meal Replacement,โก้โก้  พริม่า เอส โก้โก้ ถัง คุ้มหิว,280.0,,,Khon Kaen
100061850,Meal Replacement,เมล็ดเจีย ออร์แกนิค 390 กรัม Organic Chia seeds Slim Healthy,290.0,291.0,44.0,Bangkok
4730882122,Meal Replacement,บีนี่ไวท์ 🪞𝐏𝐋𝐀𝐍𝐓 𝐏𝐑𝐎𝐓𝐄𝐈𝐍 🪴 โปรตีนพืช 100% ✅ คุมหิว อิ่มนาน,59.0,30.0,1.0,Chonburi
4717514192,Meal Replacement,บอดี้คีย์ บาย นิวทริไลท์ (ของแท้💯 ช็อปไทย) Bodykey Amway ผลิตภัณฑ์ทดแทนมื้ออาหาร ควบคุมน้ำหนัก Nutrilite สูตรใหม่,299.0,8.0,1.0,Kalasin
4696477395,Meal Replacement,SOY ISOLATE ซอยโปรตีน รสช็อกโกแลต SOY Protein โปรตีนถั่วเหลือง โปรตีนพืช เวย์ถั่วเหลือง Wheysoy เพิ่มกล้าม คุมหิว ลีน ฟิต สำหรับคนแพ้เวย์โปรตีน,169.0,35.0,9.0,Bangkok
169859919,Meal Replacement,ควินัว ขาว 500 กรัม ออร์แกนิค Organic White Quinoa คีนัว สีขาว ข้าวคีนัว ข้าวควินัว Slim Healthy,189.0,94.0,7.0,Bangkok
4745934369,Meal Replacement,Linlife ลีนไลฟ์ โปรตีนอั้มพัชราภา เจลลี่โปรตีน เพอร์ลีน Perleen อร่อย ทดแทนมื้ออาหาร,330.0,33.0,16.0,Chonburi
4430515774,Meal Replacement,!! ลดล้างสต็อก bHIP 🥛 Fusion X ฟิวชั่นเอ็กซ์ 🥛 แค่ 140 Cal (15 ซอง),105.0,9.0,,Phetchabun
4689056601,Meal Replacement,ส่งฟรี ฟิตต์ มีล บาย กิฟฟารีน ผลิตภัณฑ์ทดแทนมื้ออาหาร (อาหารควบคุมน้ำหนัก) Fitt Meal by Giffarine,1275.0,,2.0,Chanthaburi
4671551491,Meal Replacement,ฟิตต์ มีล บาย กิฟฟารีน Giffarine Fitt meal ผลิตภัณฑ์ทดแทนมื้ออาหาร สารอาหารครบ 5 หมู่ ทานได้ทุกวัน ทานแทนข้าว โปรตีนสูง ใยอาหารสูง,850.0,,,Khon Kaen
2671397705,Meal Replacement,มิวเทร่า โปร Mutera Pro Organic Plant Protein ผลิตภัณฑ์ทดแทนมื้ออาหาร (Meal Replacement)  (1 กล่อง บรรจุ 10 ซอง) **,1390.0,,1.0,Nonthaburi
220049820,Meal Replacement,เมล็ดแฟลกซ์ สีน้ำตาล บดผง 300 กรัม ออร์แกนิค มีเลข อย. Organic Brown Grinded Flaxseeds แฟล็กซีด เมล็ดflaxseed Slim Healthy,250.0,667.0,103.0,Bangkok
4711308282,Meal Replacement,!!!ใหม่!!! WHERY WELL  WHERY Nutrie Meal Replacement ผลิตภัณฑ์ทดแทนอาหาร  ควบคุมน้ำหนัก,700.0,,,Nakhon Pathom
4301426817,Meal Replacement,SOY ISOLATE ซอยโปรตีน SOY Protein โปรตีนถั่วเหลือง โปรตีนพืช เวย์ถั่วเหลือง Wheysoy เพิ่มกล้าม คุมหิว ลีน ฟิต สำหรับคนแพ้เวย์โปรตีน,169.0,325.0,82.0,Bangkok
4808393928,Women's Health,ชุดทดลอง /ส่งฟรี/ อาหารเสริมเพิ่มน้ำนม Jessie mum เจสซี่มัม  ดูแลน้ำนม กู้น้ำนม สมุนไพรเพิ่มน้ำนม / 1 ซอง 5 แคปซูล,180.0,,,Bangkok
4806489245,Women's Health,สมุนไพรนารีญา สำหรับคุณผู็หญิงที่ดูแลสุขภาพ nareeya กระชับ หลับยาก หงุดหงิด ร้อนๆหนาวๆ[ส่งฟรี],770.0,,,Bangkok
4805702228,Women's Health,Nareeya Plus นารีญา พลัส วิตามิน สำหรับผู้หญิง มีคอลลาเจน นารีญาสมุนไพร หอมสมุนไพร  60เม็ด/กระปุก แท้ ส่งฟรี,340.0,,,Chiang Mai
4805419748,Women's Health,โปร 1 แถม 2 อารยา คอลลาเจน ARAYA COLLAGEN คอลลาเจนราสเบอรี่ คอลลาเจนผู้หญิง บำรุงภายใน ตกขาว ฟิตกระชับ หน้าใส ฮอร์โมนผู้หญิง,390.0,,,Udon Thani
4804815953,Women's Health,นารีญาพลัส NAREEYA plus ผลิตภัณฑ์เสริมอาหารสำหรับผู้หญิง ดูแลคุณผู้หญิงทุกวัย 1กระปุกบรรจุ 60 เม็ด ⭐️ส่งทุกวัน ⭐️ส่งด่วน!!!,2000.0,,,Chiang Mai
4804540012,Women's Health,ชาสตรี ชาสมุนไพร ชาโอลิเวียร์ ชาเรียกประจำเดือน ประจำเดือนขาด ประจำเดือนไม่ปกติ ตกขาว น้ำคาวปลา ผิวคล้ำเสีย ฝ้าหนา,189.0,,,Chonburi
4804242902,Women's Health,ส่งฟรี ยันฮี คอลลิน พลัส Yanhee Callyn Plus ของแท้ 100 %,1990.0,,,Bangkok
4804143921,Women's Health,ส่งฟรี ยันฮี คอลลิน พลัส Yanhee Callyn Plus ของแท้ 100 %,1990.0,,,Bangkok
4802876258,Women's Health,ส่งฟรี!! ส่งด่วน!! Balance Y - BLY มีโปร 2 แถม 1 ผลิตภัณฑ์เสริมอาหารสำหรับผู้หญิง ลดอาการปวดประจำเดือน ชนิดแคปซูล 10/กล่อง,690.0,,,Bangkok
4802855515,Women's Health,ส่งฟรี!! ส่งด่วน!!  มีโปร 2 แถม 1 Balance Y - BLY อาหารเสริมผู้หญิง ลดอาการปวดประจำเดือน แบบแคปซูล 10 / กล่อง,690.0,,,Bangkok
4802573259,Women's Health,Elevit DHA วิตามินสำหรับการตั้งครรภ์และการให้นมบุตร 60 capsules พัฒนาสมองและสายตาทารก,689.0,,,Nonthaburi
4800836544,Women's Health,Kobayashi Inochi no haha เป็นวิตามินปรับสมดุลฮอร์โมน (วิตามินวันทอง)ในร่างกายของผู้หญิง,270.0,,,Suphan Buri
4799894922,Women's Health,นารีญา สมุนไพร 2 กระปุก ของแท้ ส่งฟรี!! NAREEYA ผลิตภัณฑ์เสริมอาหาร นารีญา ตัวช่วยดูแลผู้หญิงทุกวัย ได้จากสารสกัดจากสมุนไพร 1 กระปุก 60 เม็ด,560.0,,,Si Sa Ket
4799404224,Women's Health,อาหารเสริมสำหรับผู้หญิง ผลิตภัณฑ์เสริมอาหาร สำหรับผู้หญิงทุกวัย อาหารเสริมเพื่อสุขภาพ อาหารเสริมสำหรับผิวใส ริ้วรอย,824.0,,,Nakhon Sawan
4798826391,Women's Health,นารีญา พลัส Nareeya Plus+ 3 กระปุก ส่งฟรี! สูตรใหม่!! นารีญาของแท้ สมุนไพรผู้หญิง Vitamin C + Collagen นารีญา สมุนไพร 1 กระปุก 60 เม็ด,770.0,,,Si Sa Ket
4798801439,Women's Health,นารีญาของแท้ 2 กระปุก ส่งฟรี!! Nareeya Plus+ สูตรใหม่!! นารีญา พลัส สมุนไพรผู้หญิง Vitamin C + Collagen นารีญา สมุนไพร 1 กระปุก 60 เม็ด,560.0,,,Si Sa Ket
4798774636,Women's Health,Nareeya Plus+ สูตรใหม่!! นารีญาของแท้ 2 กระปุก ส่งฟรี!! นารีญา พลัส สมุนไพรผู้หญิง Vitamin C + Collagen นารีญา สมุนไพร 1 กระปุก 60 เม็ด,560.0,,,Si Sa Ket
4798351347,Women's Health,S-PURE เอสเพรียว ใหม่สูตรx2 คนเคยทานรู้ดี❤️,99.0,,,Phitsanulok
4798279164,Women's Health,นารีญา สมุนไพร 3 กระปุก ของแท้ ส่งฟรี!! นารีญา พลัส NAREEYA นารีญา สมุนไพร สำหรับผู้หญิง ของแท้100% 1 บรรจุ 60 เม็ด,770.0,,,Si Sa Ket
4798201275,Women's Health,นารีญา พลัส 2 กระปุก ของแท้ ส่งฟรี!! Nareeya Plus+ สูตรใหม่!! สมุนไพรผู้หญิง Vitamin C + Collagen นารีญา สมุนไพร 1 กระปุก 60 เม็ด,560.0,,,Si Sa Ket
4798133509,Women's Health,นารีญา สมุนไพร ของแท้ 5 กระปุก ส่งฟรี!! Nareeya Plus ผลิตภัณฑ์อาหารเสริมผู้หญิง 1 กระปุก มี 60 เม็ด,1170.0,,,Si Sa Ket
4796884784,Women's Health,ส่งฟรี ❗️Jessie Mum อาหารเสริมเพิ่มน้ำนม  กู้น้ำนม คุณแม่หลังคลอด โปร3แถม1กล่องฟรี,2670.0,,,Bangkok
4796717885,Women's Health,พริ้มพราว อาหารเสริมผู้หญิง อาหารเสริมสำหรับผู้หญิง อาหารเสริมบำรุงผู้หญิง อาหารเสริมบำรุงสตรี อาหารเสริมสตรี,180.0,,,Bangkok
4796520522,Women's Health,นารีญา แพ็คเกจใหม่ สมุนไพร Nareeya Plus 10 กระปุก ของแท้ ส่งฟรี!! คอลลาเจน กลูต้าไธโอน อาหารเสริมผู้หญิง นารียา Nareeya ดูแลคุณผู้หญิงทุกวัย,340.0,,,Chachoengsao
4796191678,Women's Health,ของแท้ ส่งฟรี!! Nareeya Plus+ นารีญา พลัส สูตรใหม่!! สมุนไพรผู้หญิง Vitamin C + Collagen นารีญาสมุนไพร 1 กระปุก 60 เม็ด,340.0,,,Si Sa Ket
4795277459,Women's Health,Elevit DHA ดีเอชเอ สำหรับผู้หญิงตั้งครรภ์และให้นมบุตร 60 แคปซูล ออสเตรเลีย,690.0,,,Songkhla
4795219850,Women's Health,Blackmores Probiotics+ Womens Flora Balance ปรับความสมดุลโดยเฉพาะช่องคลอด,559.0,,,Songkhla
4794744944,Women's Health,Yanhee Callyn Plus [เซต 3 กล่อง ทานได้ 1เดือน] ยันฮี คอลลิน พลัส จากยันฮี,899.0,,,Bangkok
4793647517,Women's Health,Healthy Care Evening Primrose Oil 1000mg - 200 Capsules | Relieve Menstrual Discomfort,749.96,,,ต่างประเทศ
4793252537,Women's Health,🔥🔥Exp.10/2024 One A Day Women 50+ 300 เม็ด,889.0,,,Bangkok
4792387462,Women's Health,เซตเตรียมตั้งครรภ์ผู้หญิง เตรียมตั้งท้อง  โฟลิค ไบโอ แฟลกซ์ ถั่งเช่า Folic / Bio Flax / Chong Cao - W เตรียมพร้อมมีบุตร บำรุงมดลูก,1143.0,,,Bangkok
4792182793,Women's Health,(1 กล่อง/ 20 ซอง) วูม่า บาลานซ์ Woma' Balance พรีไบโอติก โพรไบโอติก ปรับสมดุลจุดซ่อนเร้นน้องสาว สำหรับผู้หญิง,360.0,21.0,3.0,Bangkok
4791454035,Women's Health,[ปิดชื่อสินค้า]เอสเซนส์ รีแพร์น้องสาว kunjina ขาวอมชมพู น้ำตบน้องสาว ลดตกขาว ลดกลิ่นอับ ฟิตกระชับ บำรุงน้องสาว,290.0,,,Nonthaburi
4791400190,Women's Health,10 ซอง บ้านแก้วใส เฮิร์บ แพ็คแกจใหม่ ผลิตภัณฑ์เสริมอาหารผู้หญิง ว่านเสน่ห์บ้านแก้วใสเฮิร์บ บรรจุ 10 แคปซูล,190.0,,,Bangkok
4789156626,Women's Health,สูตรใหม่ พลัสยิ่งกว่า!! นารีญา สูตรใหม่ !! ผู้หญิงต้องมีติดบ้าน NAREEYA นารีญา กลิ่นอับ ตกขาว สามีรัก  อาหารเสริมนารียา,340.0,,1.0,Chachoengsao
4789156511,Women's Health,นารีญา สมุนไพร Nareeya Plus ส่งฟรี!! คอลลาเจน กลูต้าไธโอน อาหารเสริมผู้หญิง นารียา Nareeya ดูแลคุณผู้หญิงทุกวัย,340.0,,,Chachoengsao
4787350710,Women's Health,อารี-โอรี่ สมุนไพรสำหรับผู้หญิง อารี โอรี่ 30 แคปซูล,389.0,,,Sa Kaeo
4786981345,Women's Health,🎌 DHC Daisu isofura bon ลดสิวฮอร์โมน ปรับสมดุลฮอร์โมนเพศหญิง ลดรอยแดงจากสิว ของแท้จากญี่ปุ่น 大豆イソフラボン 吸収型,259.0,,,Bangkok
4786393566,Women's Health,Blackmores Folate 50 mcg 90 Tablet คุณแม่ตั้งครรภ์หรือเตรียมพร้อมตั้งครรภ์,275.0,,,Nonthaburi
4786363017,Women's Health,แท้100%  เจนนิต้า จากบริษัท วิตามิน ดูแล ผู้หญิง 1 กระปุก 30 แคปซูล,500.0,,,Bangkok
3612141585,Women's Health,( 10ซอง แท้💯% ) สมุนไพรว่านเสน่ห์หา ตราบ้านแก้ว ใส เฮิร์บ ( แพ็คแกจใหม่ ) บรรจุ 10 แคปซูล,110.0,217.0,31.0,Bangkok
4628627742,Women's Health,เเค่ทาน 𝚈𝚊𝚗𝚐𝙵𝚒𝚗 เตรียมลาวงการจอแบน 😝89.- #มีข่าวว่าใส่คอลเจนด้วย ได้ทั้งผิวขาว หลีฟิต อกฟู  มีบริการเก็บเงินปลายทางน้า💜💜,32.0,33.0,4.0,Songkhla
4628452664,Women's Health,พร้อมส่ง ปิดชื่อสินค้า ว่านร้อยชัยของแท้ นมโต หลีฟิต ว่านร้อยชาย,90.0,782.0,105.0,Pathum Thani
4680278401,Women's Health,A4 เอโฟว์ แท้100% ผลิตภัณฑ์อาหารเสริมสำหรับผู้หญิงexp03/2025,650.0,62.0,9.0,Bangkok
4673077652,Women's Health,🩷💗💓วีจิเน่Vgine💓💗🩷 ผลิตภัณฑ์อาหารเสริมวีจิเน่ บอกลามดลูกหย่อน-ต่ำ สารสกัดจากธรรมชาติ ของแท้💯 พร้อมส่ง,265.0,208.0,34.0,Pathum Thani
4602751140,Women's Health,แท้ ✅ วีจิเน่ V gine สมุนไพรสำหรับผู้หญิง สมุนไพรสกัดจากธรรมชาติ  บำรุงจากภายใน สู่ภายนอก 30 แคปซูล,263.0,610.0,128.0,Bangkok
3145150910,Women's Health,คลาร่า พลัส ผลิตภัณฑ์เสริมอาหารสำหรับผู้หญิงบรรจุ20เม็ด ได้รับ1กล่องคะ,265.0,584.0,50.0,Bangkok
4616486903,Women's Health,X BOOM เอ็กซ์บูมซองม่วง สมุนไพรซองม่วง (10ซอง),120.0,31.0,6.0,Bangkok
4624323337,Women's Health,OVA Plus วิตามินบำรุงไข่ วิตามินตั้งครรถ์ บำรุงเลือด สำหรับคนอยากมีลูก จบในกล่องเดียว โอวา พลัส ผลิตภัณฑ์เสริมอาหาร ตราดอกเตอร์วิ 10 เม็ด,690.0,512.0,124.0,Kanchanaburi
259807924,Women's Health,Clara Plus คลาร่า พลัส 20 แคปซูล [2 กล่อง],532.0,438.0,75.0,Bangkok
2662833144,Women's Health,(20ซองแท้%แพ็คแกจใหม่ค่ะ)สมุนไพรว่านเสน่ห์หา ตราบ้านแก้ว ใส เฮิร์บ บรรจุ 10 แคปซูล,230.0,858.0,114.0,Nong Khai
2529866307,Women's Health,น้ำมันมะพร้าวสกัดเย็น ผสม( คอลลาเจน220mg )&Q10 จากเกาหลี ❗ของแท้ 100%,112.0,,2246.0,Bangkok
4498324134,Women's Health,ผลิตภัณฑ์เสริมอาหาร (1 แถม 1)X6 Plus Hard Iron สำหรับหญิง B2(ไม่ระบุชื่อสินค้าหน้ากล่อง),195.0,306.0,64.0,Sukhothai
4736562567,Women's Health,🌸จัดส่งฟรี/พร้อมส่ง🌸 RENALE ชา รีนาเร่ เพิ่มโอกาสตั้งครรภ์,279.0,40.0,8.0,Chonburi
2430841823,Women's Health,Vistra Regow 30 Capsules วิสทร้า รีโกว์ 30 แคปซูล,268.0,14.0,8.0,Bangkok
2556465399,Women's Health,น้ำมันพริมโรส ส่งฟรี!! อาหารเสริมสตรี พริมโรสของแท้ พริมโรสออยล์ พริมโรสกิฟฟารีน Giffarine Evening Primrose Oil พร้อมส่ง กิฟฟารีนของแท้,250.0,,2.0,Bangkok
4195662915,Women's Health,(1แถม 1)บุปผาBuppha สมุนไพรเพื่อผู้หญิง หมดปัญหาภายใน ของแท้ ปลอดภัย,190.0,,,Samut Prakan
2509227826,Women's Health,พรีมาแคป PrimaCap 1000 mg.ชนิดแคปซูลนิ่ม (30s),159.0,341.0,78.0,Chonburi
4426796654,Women's Health,ลูกซัดผสมขิง เพิ่ม/กู้ ทำสต็อกนมแม่ เร่งด่วน เซ็ท 3 กระปุก,265.0,73.0,16.0,Chiang Mai
259809796,Women's Health,Clara Plus คลาร่า พลัส 20 แคปซูล [1 กล่อง],269.0,623.0,89.0,Bangkok
219646045,Women's Health,S.K. herb (คัพ D) คัพดี เอส เค เฮิร์บ by นางเนียน บรรจุ 10 แคปซูล (3 กล่อง),165.0,52.0,1.0,Bangkok
4440788034,Women's Health,NOW FOODS Folic Acid 800 mcg 250 เม็ดโฟลิค ธาตุเหล็ก,249.0,169.0,29.0,Nonthaburi
4304946549,Women's Health,Gennita เจนนิต้า (1 แถม 1 เพียง 290 ส่งฟรี) อาหารเสริม วิตามิน ผู้หญิง วัยทองผิวใส ผิวเด็ก สิว ฝ้า กระ,290.0,603.0,124.0,Bangkok
1685842981,Women's Health,Mega We Care Evening Primrose Oil เมก้า วีแคร์ อีฟนิ่ง พริมโรส ออยล์ [100 แคปซูล] สารสกัดจากน้ำมันดอกอีฟนิ่งพริมโรส,395.0,2943.0,695.0,Pathum Thani
4631540642,Women's Health,🟣Baloom boom🟣 บาลูม บูม ชนิดแคปซูล1ซอง15แคปซูล ของแท้💯พร้อมส่ง,135.0,149.0,13.0,Pathum Thani
2721957861,Women's Health,(1กล่อง/30แคปซูล) Bigger BooBs สมุนไพรอัพไซส์ สูตรเร่งรัด,135.0,27.0,5.0,Pathum Thani
4479572650,Women's Health,[ส่งฟรี] ชุดเตรียมตั้งครรภ์ กิฟฟารีน โฟลิก ไบโอแฟลก NUTRI FOLIC / BIO FLAX PLUS Giffarine,135.0,20.0,2.0,Chanthaburi
1415110975,Women's Health,(10ซองแท้💯%แพ็คแกจใหม่)สมุนไพรว่านเสน่ห์หา ตราบ้านแก้ว ใส เฮิร์บ บรรจุ 10 แคปซูล,114.0,,2928.0,Nong Khai
3880246016,Women's Health,โฉมใหม่💚 ปลอมคืนเงิน💚 มาดามคอร์ดี้พลัส MADAM CORDY+ของแท้ 100%โดยตัวแทนจำหน่าย 8lfj ราคาถูก,238.0,13.0,,Rayong
4386241878,Women's Health,✅( แพค2กล่อง)   MADAM BOOM (มาดามบูม) คืนความอ่อนเยาว์ให้คุณอีกครั้ง ภายในฟิต กระชับ 1 กล่อง 15 แคปซูล!!,179.0,16.0,1.0,Bangkok
3537942645,Women's Health,MEGA Evening Primrose Oil อีฟนิ่งพริมโรส ลดอาการปจด บำรุงผิวให้ชุ่มชื้น,139.0,216.0,73.0,Bangkok
3477245481,Women's Health,🔥ของแท้100% 1 กระปุก🔥 โฉมใหม่ MADAM HOI PLUS+ มาดามหอย พลัส 30 แคปซูล มาดามหอยplus มาดามหอยฟิต มาดามหอย พลัส madamhoi plus,250.0,35.0,2.0,Rayong
4123853399,Women's Health,ส่งฟรี! วิจีเน่ Vigine ของแท้100% รับประกันสินค้า สมุนไพรอาหารเสริมสำหรับผู้หญิง ลดตกขาวเยอะมีกลื่น ช่วยฟิตเฟริมชะลอวัย ไม่บวม หย่อนหลวม,280.0,901.0,190.0,Nakhon Sawan
2412813092,Women's Health,( 20 ซอง 220 บาท ) สมุนไพรบ้านแก้วใส ว่านเสน่ห์หา อาหารเสริมสำหรับผู้หญิง 10 แคปซูล ( แพ็คเกจใหม่ล่าสุด ),220.0,899.0,99.0,Bangkok
3937187488,Women's Health,1 กล่อง 🌟ของแท้🌟 พร้อมส่ง ว่านร้อยชัย ว่านร้อยชาย-วิตามินเสริมเสน่ห์ นมใหญ่ เต่งตึง คัดเต้า หลีฟิต กระชับ ปรับฮอร์โมนจากภายในสู่ภายนอก,129.0,2855.0,396.0,Khon Kaen
2261750343,Women's Health,{จำนวน 10 ซอง) ว่านเสน่ห์หา สมุนไพร บ้านแก้วใส เฮิร์บ ผลิตภัณฑ์เสริมอาหารสำหรับผู้หญิง ของแท้100%,110.0,148.0,10.0,Bangkok
3612194658,Women's Health,( จำนวน 10 ชอง ) สมุนไพรว่านเสน่ห์หา ตราบ้านแก้ว ใส เฮิร์บ ( แพ็คแกจใหม่ ) บรรจุ 10 แคปซูล,110.0,48.0,8.0,Bangkok
4106860215,Women's Health,ขาวละออ ผลิตภัณฑ์เสริมอาหาร กวาวเครือขาวชนิดเม็ด 60 เม็ด (บำรุงร่างกาย อายุวัฒนะ ผิวเต่งตึง หน้าอกกระซับ),169.0,134.0,5.0,Bangkok
3332107688,Women's Health,Swisse Ultibiotic Womens Flora Probiotic 30 Capsules,690.0,5.0,1.0,Nakhon Ratchasima
1358036735,Women's Health,Sun Clara กล่องสีส้ม (1 กล่อง 30 แคปซูล),439.0,2705.0,358.0,Bangkok
4804815953,Women's Health,นารีญาพลัส NAREEYA plus ผลิตภัณฑ์เสริมอาหารสำหรับผู้หญิง ดูแลคุณผู้หญิงทุกวัย 1กระปุกบรรจุ 60 เม็ด ⭐️ส่งทุกวัน ⭐️ส่งด่วน!!!,340.0,,,Chiang Mai
4786363017,Women's Health,แท้100%  เจนนิต้า จากบริษัท วิตามิน ดูแล ผู้หญิง 1 กระปุก 30 แคปซูล,290.0,,,Bangkok
4810292265,Appetite Suppressant,YANHEE Callyn Plus ยันฮี คอลลิน พลัส,390.0,,,Bangkok
4809425505,Appetite Suppressant,UneSใหม่ ยูเน่ เอส ขนาดบรรจุ 10 แคปซูล,145.0,,,Bangkok
4807207360,Appetite Suppressant,{ ของแท้ / พร้อมส่ง } TTM TICHA MIXED FRUIT TEA ชาผลไม้ มีพรีไบโอติก ขับถ่ายง่าย ไม่ปวดบิด,390.0,,,Bangkok
4806410857,Appetite Suppressant,Blue S Plus บลูเอสเม็ดฟ้า บลูกเอสพลัส,180.0,,,Nakhon Si Thammarat
4806337855,Appetite Suppressant,ยูเน่เอส1 +เอ็นโซเอส1คู่จิ้นลงไว เห็นผลไวสำหรับสายที่อยากลงแบบจริงจัง คลีนลำไส้+เผาผลาญ  ยูเน่เอส 1 กล่อง บรรจุ 10 แคปซูล เอ็นโซเอส,619.0,,1.0,Bangkok
4805570784,Appetite Suppressant,คินเน่เอส kinne s ลดน้ำหนัก ลดพุง คุมหิว อิ่มนาน สูตรล้มช้าง สูตรดื้อยา ลดบวม พร้อมส่ง จัดส่งไว ของแท้ ปลอดภัย,290.0,,,Surin
4803743392,Appetite Suppressant,S sure Cocoa โกโก้คุมหิวพุงแบนราบ,850.0,,,Nonthaburi
4803660764,Appetite Suppressant,S sure Cocoa โกโก้คุมหิวพุงแบนราบ,290.0,,,Nonthaburi
4803645234,Appetite Suppressant,อาหารเสริม เดิมแคร์10วันอาหารเสริม เดิมแคร์10วัน,55.0,8.0,3.0,Ratchaburi
4802212277,Appetite Suppressant,S sure Cocoa โกโก้คุมหิวพุงแบนราบ,850.0,,,Nonthaburi
4802204191,Appetite Suppressant,S sure Cocoa โกโก้คุมหิวพุงแบนราบ,290.0,,,Nonthaburi
4802200660,Appetite Suppressant,S sure Cocoa โกโก้คุมหิวพุงแบนราบ,1650.0,,,Nonthaburi
4802072947,Appetite Suppressant,ดาร์เลเน่ ชาเน่ SS แคปซูล DARLENE Chane SS ชาลดไขมัน เร่งระบบเผาผลาญ ลดหุ่น ลดแขนใหญ่ ขาใหญ่ ชุด 3 แผง 30วัน,799.0,,,Ubon Ratchathani
4801534447,Appetite Suppressant,ESTRIX เอสทรีกซ์ ควบคุมน้ำหนัก ไม่ต้องอด ตัวช่วยดูแลขับถ่ายจากหลากหลายสารสกัดธรรมชาติ แก้ไขปัญหาท้องผูก สูตรถนอมลำไส้,399.0,,,Bangkok
4800060931,Appetite Suppressant,มายาอาร์เอ็ม สูตรเดิม เพ็คเกจใหม่ล่าสุด,80.0,,,
4798112168,Appetite Suppressant,เอ็นโซเอส 1แถม1 ขับโซเดียม ลดบวม,295.0,,,Nakhon Si Thammarat
4798076418,Appetite Suppressant,บาชิ ส้มมุก (เม็ดขาวแดง) #Baschi สูตรเพิ่มกลูต้าผอม+ขาวใส 30 แคปซูล,124.0,,,Bangkok
4798004609,Appetite Suppressant,Pre-order : ทีรามิสุ โกโก้ โพรไบโอติก (ไม่มีคาเฟอีน) คุมหิว อิ่มนาน ปรับระบบขับถ่าย อร่อยระดับคาเฟ่,1999.0,,,Bangkok
4797997706,Appetite Suppressant,ของแท้!! รุ่นดั่งเดิม บาชิส้ม (แบบกล่องรุ่นดั่งเดิม) บาชิเม็ดส้มเทา,134.0,25.0,2.0,Bangkok
4797953048,Appetite Suppressant,(ส่งฟรี) ของแท้เจ้าเเดิมลงใหม่ !! สมุนไพร บาชิ (เม็ดขาวแดง) สูตรดั้งเดิม 40 เม็ด เก็บเงินปลายทาง,130.0,33.0,6.0,Bangkok
4797704762,Appetite Suppressant,(ส่งฟรี) (สูตรดั่งเดิม) บาชิ baschi (เม็ดขาวแดง) 40เม็ด,129.0,30.0,8.0,Bangkok
4797549931,Appetite Suppressant,**ส่งฟรี** ของแท้ สูตรดั้งเดิม บาชิทอง ควบคุมน้ำหนัก Baschi บาชิ มี 40 เม็ด,126.0,8.0,1.0,Bangkok
4795786199,Appetite Suppressant,[พร้อมส่ง]S sure Coffee กาแฟเป้ย ปานวาด,1650.0,,,Nonthaburi
4795690513,Appetite Suppressant,[พร้อมส่ง]S sure Coffee กาแฟเป้ย ปานวาด,850.0,,,Nonthaburi
4795236509,Appetite Suppressant,🇯🇵พร้อมส่ง🇯🇵 อาหารเสริม ลดน้ำหนักญี่ปุ่น Very Very Easy Diet 600 เม็ด,739.0,,1.0,Bangkok
4794534480,Appetite Suppressant,วีน่าเอ็กซ์5 (1แถม1)venaX5 ผลิตภัณฑ์เสริมอาหารลดน้ำหนักตัวใหม่,299.0,,,Ratchaburi
4794434875,Appetite Suppressant,วีน่าx5 (1แถม1)วีน่าเอ็กซ์5 ผลิตภัณฑ์เสริมอาหารลดน้ำหนัก,299.0,,1.0,Ratchaburi
4792893071,Appetite Suppressant,ยูเน่เอส (มาดามกล่องแดง) 1 แถม 1 ส่งฟรี,350.0,,,Bangkok
4792601776,Appetite Suppressant,มายา อาร์เอ็ม Maya RM เพียวอาร์เอ็ม 1กล่อง 15แคปซูล,220.0,,,Suphan Buri
4792438798,Appetite Suppressant,มายา อาร์เอ็ม Maya RM เพียวอาร์เอ็ม 1กล่อง 15แคปซูล,210.0,,,Suphan Buri
4792438363,Appetite Suppressant,สลิมม์-ฟิตต์ ส้มแขกแคปซูล  สารสกัดจากผล ส้มแขก เผาผลาญไขมัน ผสม แอล-คาร์นิทีน และโครเมียม ชนิดผง  15ซอง/กล่อง,345.0,,,Bangkok
4792371583,Appetite Suppressant,สารสกัดจากผลส้มแขก วิตามินลดน้ำหนัก ซิตริแม็กซ์ Citrimax  ผสมโครเมียม ขนาด 30 แคปซูล,435.0,,,Bangkok
4791363860,Appetite Suppressant,เพรียว อาร์เอ็ม Pure RM กล่องส้มคุมหิว เซต 10 กล่อง,2000.0,,,Pathum Thani
4791332890,Appetite Suppressant,เพรียว อาร์เอ็ม กล่องส้ม มายาอาร์เอ็ม คุมหิว,999.0,,,Pathum Thani
4790421157,Appetite Suppressant,(แพ็คเกจใหม่‼️)💖Une'S ยูเน่เอส💖 โปร 1 แถม 1 กล่อง : ของแท้/พร้อมส่ง [มาดามกล่องแดงโฉมใหม่] ✅️จัดส่งฟรี,350.0,,1.0,Udon Thani
4790378093,Appetite Suppressant,ShanaS ชาน่าเอสสูตรใหม่ พร้อมส่ง มีบัตรตัวแทน,490.0,,,Nakhon Sawan
4789176139,Appetite Suppressant,อาหารเสริม Skinny Pill สกินนีเพียว สูตร1 แขนขาเรียว พุงยุบ ยอดขายดีต่อเนื่อง,99.0,,,Bangkok
4789157230,Appetite Suppressant,พริ้วอาร์เอ็ม Priw สูตร 2 มายาอาร์เอ็ม สำหรับสายดื้อ 1ซอง15เม็ด,250.0,,,Chachoengsao
4789017796,Appetite Suppressant,อาหารเสริม Skinny Pill สกินนีเพียว สูตร1  แขนขาเรียวพุงยุบ ขายดีตลอดกาล,99.0,,3.0,Bangkok
4788691127,Appetite Suppressant,กาแฟแจ่มใส กาแฟถั่งเช่าทอง ลดสัดส่วน คุมหิว เผาผลาญ ขับถ่ายคล่อง ทานนาน 2 เดือน แถมฟรี ชาไทย,700.0,,,Phitsanulok
4806337855,Appetite Suppressant,ยูเน่เอส1 +เอ็นโซเอส1คู่จิ้นลงไว เห็นผลไวสำหรับสายที่อยากลงแบบจริงจัง คลีนลำไส้+เผาผลาญ  ยูเน่เอส 1 กล่อง บรรจุ 10 แคปซูล เอ็นโซเอส,919.0,,1.0,Bangkok
4800060931,Appetite Suppressant,มายาอาร์เอ็ม สูตรเดิม เพ็คเกจใหม่ล่าสุด,220.0,,,
4798004609,Appetite Suppressant,Pre-order : ทีรามิสุ โกโก้ โพรไบโอติก (ไม่มีคาเฟอีน) คุมหิว อิ่มนาน ปรับระบบขับถ่าย อร่อยระดับคาเฟ่,590.0,,,Bangkok
4790665748,Appetite Suppressant,New Cetene Plus ตัวทานเสริมช่วยลดน้ำหนัก คุมหิว แขน ขา เล็กลง ลดตัวบวมจากการทานเยอะ,450.0,,1.0,Phrae
4789176139,Appetite Suppressant,อาหารเสริม Skinny Pill สกินนีเพียว สูตร1 แขนขาเรียว พุงยุบ ยอดขายดีต่อเนื่อง,390.0,,,Bangkok
4539000554,Appetite Suppressant,ยูเน่เอส Unes 1 แถม 1 ของแท้💯 พร้อมส่ง‼️ชื่อเก่า มาดามมาริต้า มาดามกล่องแดง,350.0,56.0,15.0,Saraburi
2140684548,Appetite Suppressant,BINA PLUS บีน่าพลัส 1 แถม​ 1 บีน่า ส่งไว ส่งฟรี มันม่วง MUNMAUNG,390.0,656.0,125.0,Bangkok
4310608989,Appetite Suppressant,ozy อาหารเสริม ของแท้ ส่งฟรี โอซี Ozy by หนิง ปณิตา สารสกัดธรรมชาติ 1กล่อง 10 แค็บซูล,3750.0,7.0,1.0,Nonthaburi
1184526486,Appetite Suppressant,CAR-B-BLOCK เหลือง คาร์บีบ๊อกแท้100%,115.0,3954.0,600.0,Bangkok
3412649938,Appetite Suppressant,Mercia S เมอเซียเอส ผลิตภัณฑ์เสริมอาหาร (10 แคปซูล x 1 ซอง),235.0,828.0,95.0,Bangkok
2783811213,Appetite Suppressant,PS ONE  ยาลด Pichy Plus พิชชี่ พลัส บรรจุ 10 แคปซูล,190.0,199.0,15.0,Pathum Thani
4180739251,Appetite Suppressant,CAR-B-BOCK คาร์บีบ๊อก อาหารเสริมสูตร (เหลือง) 1กระปุก,119.0,588.0,138.0,Bangkok
3599419621,Appetite Suppressant,DS ดีเอส แพ็คเกจใหม่ 1กล่อง มี10แคปซูล พร้อมส่ง,180.0,877.0,135.0,Lopburi
3760001484,Appetite Suppressant,ของแท้ 100% ผลิตภัณฑ์เสริมอาหาร เม็ดขาวชมพู สูตรดั่งเดิม ขนาด40แคปซูล ควิกสลิม ลดน้ำหนักแคปซูล,124.0,494.0,70.0,Pattani
1734556609,Appetite Suppressant,L-Slim Coffee แอลสลิม คอฟฟี่ กาแฟดี,425.0,830.0,87.0,Pathum Thani
4103911688,Appetite Suppressant,Deva S-Coconut  ผลิตภัณฑ์เสริมอาหาร น้ำมันมะพร้าวสกัดเย็น ผสมคอลลาเจน ไดเปปไทด์ (ตรา เอสโคโค่),329.0,721.0,175.0,Bangkok
4290960163,Appetite Suppressant,Fercy Diet เฟอร์ซี่ ไดเอ็ท [10 เม็ด] [1 กล่อง] อาหารเสริมfercy แคปซูล เฟอร์ซี่ เอวเอส คุมหิวอิ่มนาน,229.0,4992.0,798.0,Nonthaburi
3561632761,Appetite Suppressant,DS ดีเอส (D-ONEแพคเกจใหม่) ผลิตภัณฑ์เสริมอาหาร,175.0,1382.0,72.0,Bangkok
1249930011,Appetite Suppressant,(1 กล่อง) DONUTT Total Fibely โดนัท โทเทิล ไฟบีลี่ บรรจุ 10 ซอง,99.0,5547.0,747.0,Pathum Thani
2893765810,Appetite Suppressant,Sera เซร่า Sowi โซวี‼️อาหารเสริมคุมน้ำหนัก พร้อมส่ง🔥,269.0,2001.0,268.0,Nakhon Sawan
3563661179,Appetite Suppressant,ดีเอส แพ็คเกจใหม่แทนดีวัน 2 กล่อง พร้อมส่ง,359.0,266.0,61.0,Lopburi
3482257948,Appetite Suppressant,ม้าม่วง​ คุมหิว​ ไม่ต้องอดอาหาร​ ไม่โทรม​แพ็คเกจใหม่,335.0,344.0,62.0,Phra Nakhon Si Ayutthaya
3348530545,Appetite Suppressant,Oil PURE VIRGIN COCONUT OIL เพียวเวอร์จิ้น น้ำมันมะพร้าวสกัดเย็น 250 ml.,155.0,450.0,76.0,Pathum Thani
1345796091,Appetite Suppressant,ของแท้!! วันเดย์ ไดเอ็ท 1 day ลดน้ำหนัก เม็ดสีเลือดหมู 60 เม็ด,159.0,8902.0,1529.0,Bangkok
2667878981,Appetite Suppressant,พราต้า Prata พราเอสต้าโฉมใหม่ มีของแถม,319.0,725.0,132.0,Nakhon Ratchasima
2508034272,Appetite Suppressant,ค่าส่งถูกสุด!! ของแท้ Liso ลิโซ่สูตรเดิม(แคปซูลสกรีน) ลดน้ำหนัก สัดส่วน มี 40 เม็ด พร้อมส่ง,129.0,,2676.0,Bangkok
2054726901,Appetite Suppressant,✨ผลิตภัณฑ์ Liso/Lishou ลิโซ่สูตรเดิม(แคปซูลสกรีน) ลดน้ำหนัก สัดส่วน มี 40เม็ด ของแท้100% ส่งไว++,124.0,,1825.0,Sakon Nakhon
3397409490,Appetite Suppressant,🌸(รุ่นดั้งเดิม)🍎ผลิตภัณฑ์เสริมอาหารบาชิ  เม็ดสีทอง​ ของแท้​💯 บรรจุ40แคปซูล​ 🌸,115.0,3479.0,403.0,Nonthaburi
4669551730,Appetite Suppressant,(1แถม1) Be Secret by บีอีซีแบรนด์ บีซีเคร็ท นางบี กล่องละ 10 แคปซูล โปรดีล่าสุด คุม หิว อิ่ม นาน,329.0,119.0,35.0,Pathum Thani
4090567430,Appetite Suppressant,อาหารเสริมลดน้ำหนัก Hp by tima (1กป 15 แคปซูล)290 บาท ‼️แถมฟรีดีท็อก,290.0,22.0,4.0,Saraburi
808100238,Appetite Suppressant,( 1 กล่อง) กาแฟ 3 in 1 ลิโชคอฟฟี่ (มังกร) เกรดเอ มีสติกเกอร์ LIDA ลดน้ำหนัก รักษารูปร่าง 15 ซอง,124.0,3037.0,384.0,Bangkok
4329069557,Appetite Suppressant,ส่งฟรี 🔥อาหารเสริม Nobu โนบุ อาหารเสริมลดน้ำหนัก🔥 [10เม็ด/กล่อง] SET ทดลองทานได้ 10 วัน,489.0,85.0,14.0,Chonburi
4180790135,Appetite Suppressant,V Cocoa by vivi วีโกโก้ โกโก้ ลดน้ำหนัก 10 ซอง,100.0,1315.0,202.0,Bangkok
475434904,Appetite Suppressant,Sh ส้มเช้ง เอส เอช ลดน้ำหนักอาหารเสริม 1 กล่องบรรจุ 10 เม็ด ส่งฟรี มีเก็บปลายทาง (1 กล่อง),230.0,427.0,57.0,Bangkok
4650934461,Appetite Suppressant,Zip lock ซิปล็อค อาหารเสริมควบคุมน้ำหนัก ของแท้ 100% ( 1 กล่อง  15 แคปซูล) หมดอายุ 4/2024 ขึ้นไป,275.0,15.0,3.0,Samut Prakan
4176911632,Appetite Suppressant,ของแท้ ฟิ ต ฟิน fin & firm อาหารเสริมควบคุมน้ำหนัก การันตีเห็นผล💯( 1 กล่อง ),259.0,1602.0,257.0,Bangkok
2055184884,Appetite Suppressant,📌อาหาร เสริม/ลดน้ำหนัก/สัดส่วน Capsule Slimming ลิโซ่แคปซูลตัวเก่า มี 40เม็ด ของแท้ล้านน% พร้อมส่ง++,124.0,5781.0,711.0,Sakon Nakhon
4657970879,Appetite Suppressant,SLIN X TWO สลิน-เอ็กซ์ ทู อาหารเสริมควบคุมน้ำหนักสำหรับคนดื้อยา ของแท้พร้อมส่ง,145.66,58.0,8.0,Nakhon Si Thammarat
1105570848,Appetite Suppressant,♥️ 1กระปุก/แท้/พร้อมส่ง ♥️ CAR-B-BOCK คาร์บีบ๊อก อาหารเสริมสูตร (เหลือง),115.0,182.0,25.0,Bangkok
2863493,Appetite Suppressant,Signature กาแฟ Max Curve Coffee Sugar free (3 ห่อ),252.0,522.0,113.0,Bangkok
2799048300,Appetite Suppressant,พิเศษ 1 กล่อง กาแฟ เอสมีนาว (S ME.now) เพื่อสุขภาพ,99.0,66.0,17.0,Bangkok
1994538166,Appetite Suppressant,โล้ะล้างสต้อค อาหารเสริมยู เอส (U s )( 1กล่อง),229.0,1603.0,192.0,Bangkok
1120796715,Appetite Suppressant,กาแฟเหล็ก 3 in 1  ลิโซ่ กาแฟลดน้ำหนัก รูปร่าง สัดส่วน กระชับ บรรจุ 15 ซอง,140.0,7236.0,1219.0,Bangkok
3134523330,Appetite Suppressant,🧡แพคเกจใหม่ Lot 4 (แถมฟรีสินค้าทานร่วมกัน)คอร์เซ่ เฮิร์บ Korse by Herb 💓( พร้อมส่ง ) จัดส่งทุกวัน.. สูตรใหม่,59.0,,4532.0,Nonthaburi
3480179637,Appetite Suppressant,โฉมใหม่My Bio Cocoa มายไบโอโกโก้ มายด์ไบโอ โกโก้มิกซ์ ( 1กล่อง ),132.0,2628.0,356.0,Bangkok
1466588297,Pregnancy Care,Blackmores 9+ Care Gold 60cap  แบลคมอร์ส 9 พลัส แคร์ โกลด์ 60แคปซูล  1กระปุก  ส่งฟรี,578.0,19.0,4.0,Phitsanulok
2235899292,Pregnancy Care,(ขนาดทดลอง) Jessie mum เจสซี่มัม สมุนไพรกู้น้ำนม อาหารเสริมบำรุงน้ำนม ปลอดภัย มี อย และ ฮาลาล (1 ซอง 5 แคปซูล),180.0,2192.0,317.0,Pathum Thani
2385992178,Pregnancy Care,🔥 ส่งฟรี Jessie Mum เจสซี่ มัม  อาหารเสsิมบำรุงน้ำนม ขนาด 1 ชุดทดลอง 5 แคปซูล,180.0,485.0,115.0,Bangkok
4195462935,Pregnancy Care,ส่งฟรี #ฮอร์โมนหญิง #ฮอร์โมนไข่ #ผลิตภัณฑ์สริมอาหาร ญช #พร้อมตั้งครรภ์  #คำตอบวัยทอง #ฮอร์โมน #วัยทองผู้หญิง,360.0,,,Samut Prakan
1579314454,Pregnancy Care,"กิฟฟารีน นูทริ โฟลิค ผลิตภัณฑ์เสริมอาหาร วิตามินซี วิตามินบี1 วิตามินบี6 วิตามินบี12 และกรดโฟลิค Giffarine Nutri Folic Vitamin C, Vitamin B1, Vitamin B6, Vitamin B12",180.0,31.0,7.0,Bangkok
2887253763,Pregnancy Care,ลูกซัดผสมขิง สมุนไพรเพิ่ม/กู้น้ำนมลูกซัดผสมขิง  เห็นผลชัดเจนได้รับรอง อย.,99.0,1311.0,241.0,Chiang Mai
2385833867,Pregnancy Care,🔥 ส่งฟรี Jessie Mum เจสซี่ มัม  ขนาด 2 กล่อง (60 แคปซูล) พร้อมส่ง,1500.0,406.0,107.0,Bangkok
3788735656,Pregnancy Care,แถมงาดำคั่วบด เลือกรสได้‼️Protein Fertyครูก้อย โปรตีน เฟอร์ตี้ครูก้อย ช่วยเพิ่มโอกาส Ferty protein โปรตีนครูก้อย,730.0,523.0,78.0,Nonthaburi
3976949122,Pregnancy Care,🔴ส่งสินค้าทุกวันไม่หยุด🔴บำรุงน้ำนม  🤱 สุดคุ้ม!! 1 ลัง 24 ขวด น้ำอินทผลัมตรามุมิน  บำรุงน้ำนม กู้น้ำนม ฟื้นฟูร่างกายคุณแม่หลังคลอดบุตร,729.0,821.0,231.0,Bangkok
308956359,Pregnancy Care,"[ โฟลิค ] Now Foods, Folic Acid+ B-12 x 250 เม็ด (Tablets)",479.0,53.0,10.0,Bangkok
2379318886,Pregnancy Care,พร้อมส่ง exp: 05.2024  Blackmores Folate 500mcg 90 Tablets วิตามินนำเข้าจากออสเตรเลีย,290.0,199.0,42.0,Samut Prakan
3948381252,Pregnancy Care,เจสซี่ เอ็ม (5แคปซูล),180.0,20.0,4.0,Chonburi
258134229,Pregnancy Care,ชาอุ่นรัก เพิ่มบำรุงน้ำนมแม่หลังคลอด มัมโกลด์(แถมขวดน้ำพรีเมี่ยม สูตรใหม่แท้100%),199.0,7386.0,1570.0,Chai Nat
3334681643,Pregnancy Care,ไม้นมนางเพิ่มน้ำนม รวมสมุนไพรเรียกน้ำนม/กู้น้ำนม ทำสต็อกนมแม่แบบต้ม 7 ชนิด แถมถุงชาเปล่าฟรี ‼️,39.0,865.0,83.0,Chiang Mai
813208796,Pregnancy Care,Milk Plus & More - (สูตรขิง) น้ำหัวปลี ผสมอินทผลัม กระตุ้นเพิ่มน้ำนม บำรุงครรภ์ 250 mL,80.0,415.0,37.0,Nonthaburi
1737388499,Pregnancy Care,แบลคมอร์ส Pregnancy FOLATE Optimises Folic Acid 500mcg Levels 90 tablets,268.0,123.0,17.0,Samut Prakan
4125629803,Pregnancy Care,🔥ส่งฟรี! Jessie Mum 2 ชุดทดลอง🍼เจสซี่มัม อาหารเสริมเพิ่มน้ำนม กระตุ้นน้ำนม บำรุงน้ำนม กู้น้ำนม สมุนไพรเพิ่มน้ำนม,360.0,82.0,12.0,Bangkok
867342518,Pregnancy Care,👍พร้อมส่ง ! น้ำมะกรูดอินทผลัม Mommy Booster 15 ขวด,999.0,887.0,220.0,Pathum Thani
2385951103,Pregnancy Care,🔥 ส่งฟรี Jessie Mum เจสซี่ มัม  ขนาด 4 กล่อง (120 แคปซูล) พร้อมส่ง,2670.0,95.0,24.0,Bangkok
4125732922,Pregnancy Care,🔥ส่งด่วน ชุดทดลอง 5 แคปซูล Jessie Mum 🍼เจสซี่มัม อาหารเสริมเพิ่มน้ำนม กระตุ้นน้ำนม บำรุงน้ำนม กู้น้ำนม สมุนไพรเพิ่มน้ำนม ทำสต็อกนมแม่,180.0,14.0,1.0,Bangkok
2235817912,Pregnancy Care,(ขนาดทดลอง) JESSIE MUM JESSIEMUM เจสซี่มัม อาหารเสริมเพิ่มน้ำนม อาหารเสริมเร่งน้ำนม อาหารเสริมกู้น้ำนม อาหารเสริมกระตุ้นน้ำนม 5 แคปซูล,180.0,106.0,18.0,Pathum Thani
2831705183,Pregnancy Care,Life Extension Prenatal Advantage / 120 Easy-to-swallow Softgels,890.0,5.0,,Nakhon Pathom
4660500383,Pregnancy Care,Anmum รสจืด แอนมัม มาเทอร์น่า นมกล่องยูเอชที สำหรับคนท้อง,639.0,38.0,11.0,Nonthaburi
2165766881,Pregnancy Care,Jessie Mum - [ชุดทดลอง 2 ชุด] Jessiemum เจสซี่มัม อาหารเสริมเพิ่มน้ำนม สมุนไพรเพิ่มน้ำนม อาหารเสริมเร่งน้ำนม อาหารเสริมกู้น้ำนม หลังคลอด อยู่ไฟ,360.0,723.0,163.0,Bangkok
4512440812,Pregnancy Care,JESSIE MUM ผลิตภัณฑ์อาหารเสริมดูแลเกี่ยวกับน้ำนมแม่ ขนาด 1 ทดลอง บรรจุ 5 แคปซูล,180.0,9.0,3.0,Samut Sakhon
1262380094,Pregnancy Care,Myo-Inositol 120 Capsules วิตามินช่วยเพิ่มความสมบูรณ์ของไข่ และช่วยลดภาวะ PCOS ให้ได้ไข่ที่มีคุณภาพ และไข่ตกสม่ำเสมอ วิตามินเตรียมตัวก่อนตั้งครรภ,1790.0,65.0,5.0,Bangkok
3501245483,Pregnancy Care,🔥Jessie Mum เจสซี่ มัม ขนาดทดลอง 5 เม็ด พร้อมส่ง *เพิ่มน้ำนม กระตุ้นน้ำนม สมุนไพรสำหรับคุณแม่หลังคลอด ผลิตจากธรรมชาติ,360.0,11.0,2.0,Bangkok
627078254,Pregnancy Care,Mommy Booster น้ำมะกรูดอินทผลัม ออร์แกนิค 15 ขวด สกัดเข้มข้น มัมมี่บู๊สเตอร์ บำรุงเลือด เพิ่มโอกาสสมหวัง กระเช้าเยี่ยมคลอด,990.0,1812.0,398.0,Bangkok
1761440490,Pregnancy Care,Blackmores 9+ Care Gold (Dietary Supplement Product) แบลคมอร์ส 9 พลัส แคร์ โกลด์ 60 แคปซูล วิตามินบำรุงสำหรับคุณแม่ตั้งครรภ์ และคุณแม่ที่ให้นมบุตร exp 5/24,499.0,60.0,15.0,Chiang Mai
3002904635,Pregnancy Care,ประสระน้ำนมตราพารา สูตร2🔥เซต 6ซอง(ทาน2สัปดาห์) เพิ่มน้ำนม สมุนไพรเพิ่มน้ำนม,230.0,598.0,110.0,Bangkok
2532870479,Pregnancy Care,nature made Prenatal Multi + DHA 200mg 165 Softgels,1199.0,823.0,133.0,Bangkok
2862626505,Pregnancy Care,ชาอุ่นรัก มัมซ์โกลด์ 1 แถม 1 ชาบำรุงน้ำนมแม่หลังคลอด (ขนาดทดลอง สูตรใหม่แท้100% ส่งฟรี) เร่งน้ำนม ชาหัวปลี  Herbal tea boost mom's milk for postpartum,290.0,224.0,31.0,Chai Nat
3352792533,Pregnancy Care,OVA-Q โอวาคิว วิตามบำรุงไข่ วิตามินตั้งครรถ์ อาหารเสริมบำรุงไข่ อาหารเสริมตั้งครรถ์ มีลูกยาก มีบุตรยาก บำรุงมดลูก เพิ่มคุณภาพไข่ 1 ขวด,550.0,390.0,80.0,Bangkok
2235912231,Pregnancy Care,(ขนาดทดลอง) Jessiemum เจสซี่มัม อาหารเสริมเพิ่มน้ำนม เร่งน้ำนม อาหารเสริมกู้น้ำนม สมุนไพรเพิ่มน้ำนม หลังคลอด x  1 ซอง 5 แคปซูล,180.0,120.0,18.0,Pathum Thani
2635722343,Pregnancy Care,น้ำมะกรูด SHOT 10ขวด น้ำมะกรูดสด ขนาด150 ml มี อย. ครูก้อย เตรียมตั้งครรภ์ น้ำมะกรูดคั้นสด babyandmom บานาน่ามัม bananamom,600.0,1555.0,149.0,Bangkok
3514202006,Pregnancy Care,ลูกซัดผสมขิง แพ็คคู่ เพิ่มน้ำนม กู้น้ำนม ‼️ (รับประทานได้ 1 เดือน),185.0,344.0,80.0,Chiang Mai
627086180,Pregnancy Care,Mommy Booster น้ำหัวปลี ออร์แกนิค คละรส 15 ขวด สกัดเข้มข้น มัมมี่บู๊สเตอร์ เพิ่มน้ำนม บำรุงน้ำนม น้ำหัวปลีออร์แกนิก บำรุงครรภ์ กระเช้าเยี่ยม,990.0,1153.0,223.0,Bangkok
318368061,Pregnancy Care,พริกไทยดำ ปรับรูปร่างแม่หลังคลอด เผาผลาญ กระชับ พุงยุบ พิเศษ 2 กล่อง ทานได้ 2 เดือน( 60 แคปซูล) ส่งฟรี KERRY,690.0,15.0,1.0,Chai Nat
3976864321,Pregnancy Care,🔴ส่งสินค้าทุกวันไม่หยุด🔴บำรุงน้ำนม🤱เซ็ททดลอง 6 ขวด ด้วยน้ำอินทผลัมตรามุมิน บำรุงร่างกาย เพิ่มน้ำนม กู้น้ำนม ฟื้นฟูร่างกายคุณแม่หลังคลอด,189.0,885.0,173.0,Bangkok
2203819112,Pregnancy Care,Jessie Mum อาหารเสริมเพิ่มน้ำนม สำหรับคุณแม่น้ำนมน้อย 30 แคปซูล,890.0,1477.0,330.0,Pathum Thani
4795219071,Pregnancy Care,JESSIE M By JESSIE MUM แบบกล่อง,890.0,,,Bangkok
4792804946,Pregnancy Care,ผลิตภัณฑ์บำรุงน้ำนม หัวปลีชนิดผงชงดื่ม MM เสริมสารอาหารแก่น้ำนมเพื่อลูกน้อย ดูแลคุณแม่หลังคลอด,380.0,,,Songkhla
4776592709,Pregnancy Care,อาหารเสริมเพิ่มน้ำนมเเม่เจสซี่มัม#JessieMum​,1080.0,,,Trang
4774822061,Pregnancy Care,เซตเตรียมตั้งครรภ์ผู้หญิง เตรียมตั้งท้อง  โฟลิค ไบโอ แฟลกซ์ ถั่งเช่า Folic / Bio Flax / Chong Cao - W เตรียมพร้อมมีบุตร บำรุงมดลูก,1143.0,,1.0,Bangkok
4770125399,Pregnancy Care,ไบโอ แฟลกซ์ กิฟฟารีน สารสกัดเมล็ดเมล็ด Bio Flax Giffarine,390.0,,,Bangkok
4741797953,Pregnancy Care,Jessie Mum,890.0,,,Ubon Ratchathani
4738783234,Pregnancy Care,ไอแคน I Can ลดน้ำตาลสะสม แท้100%,4400.0,,,Bangkok
4730160942,Pregnancy Care,Blackmores 9+ Care Gold (60 Capsules) แบลคมอร์ส 9 พลัส แคร์ โกลด์ (60 แคมซูล),499.0,,,Nonthaburi
4725311295,Pregnancy Care,JESSIE MUM,940.0,,,Samut Prakan
4715697262,Pregnancy Care,บำรุงน้ำนมแม่ M kiss,250.0,,,Nakhon Ratchasima
4710805339,Pregnancy Care,บำรุงน้ำนมแม่ M kiss,250.0,,,Nakhon Ratchasima
4705576200,Pregnancy Care,(ส่งฟรี) ชุดเตรียมตั้งครรภ์ กิฟฟารีน โฟลิค ไบโอแฟลกซ์ มีบุตรยาก เลือดจาง NUTRI FOLIC / BIO FLAX,700.0,,,Bangkok
4705537419,Pregnancy Care,(ส่งฟรี) ชุดเตรียมตั้งครรภ์ กิฟฟารีน โฟลิค ไบโอแฟลกซ์ มีบุตรยาก เลือดจาง NUTRI FOLIC / BIO FLAX,1524.0,,,Bangkok
4702031111,Pregnancy Care,สมุนไพรเพิ่มน้ำนม Jessie Mum,180.0,,,Nakhon Si Thammarat
4694089373,Pregnancy Care,Jessie mum,890.0,,,Surat Thani
4693991779,Pregnancy Care,jessie mum,180.0,,,Udon Thani
4692418038,Pregnancy Care,Blackmores pre 9+ care gold แบล็กมอร์ส พรี ไนน์ พลัส แคร์ โกลด์ 30แคปซูล,645.0,,,Bangkok
4688665138,Pregnancy Care,Jessie Mum เจสซี่มัม,180.0,,,Samut Sakhon
4678448915,Pregnancy Care,โฟลิค กิฟฟารีน โฟลิคเตรียมตั้งครรภ์ NUTRI FOLIC GIFFARINE,135.0,16.0,3.0,Bangkok
4672307847,Pregnancy Care,Jessie Mum ชุดทดลอง,180.0,,,Nakhon Ratchasima
4665966313,Pregnancy Care,Jessie Mum ผลิตภัณฑ์เพิ่มน้ำนมสำหรับคุณแม่,890.0,,,Nakhon Ratchasima
4665463119,Pregnancy Care,นูทริ โฟลิค,190.0,,,Chonburi
4661879734,Pregnancy Care,[นำเข้าUSA] Super Nutrition Prenatal วิตามินสำหรับเตรียมตั้งครรภ์ วิตามินรวมบำรุงของคุณแม่ ก่อน/ระหว่างครรภ์ 30/100 เม็ด,299.0,5.0,1.0,Nonthaburi
4661435923,Pregnancy Care,ดีจีเอ็ม โฟลิก พลัส เครื่องดื่มนมแพะ 400 กรัม / DGM FOLIC PLUS VANILLA FLAVOURED GOAT MILK BEVERAGE 400G. หมดอายุ 2/2025,459.0,,,Chiang Mai
4657934702,Pregnancy Care,วิตามินคนท้อง Elevit Pregnancy Multivitamin 100 Tablets วิตามินคุณแม่ เพื่อเตรียมตัวตั้งครรภ์และคนที่มีบุตรยาก,3800.0,,,Sa Kaeo
4657518006,Pregnancy Care,INOSITOL อิโนซิทอล วิตามบำรุงไข่ วิตามินตั้งครรถ์ อาหารเสริมบำรุงไข่ อาหารเสริมตั้งครรถ์ มีบุตรยาก 30 แคปซูล,149.0,,,Pathum Thani
4648311588,Pregnancy Care,"🚚ส่งเร็ว มีปลายทาง🔥ของแท้ ✅  
อยากมีลูกต้องจัดชุดนี้! เซ็ทบำรุงร่างกาย  เตรียมพร้อมก่อนตั้งครรภ์ ไบโอ แฟลกซ์ พลัส และ นูทริ โฟลิค   60 แคปซูล",700.0,,,Bangkok
4637736205,Pregnancy Care,JESSIE MUM อาหารเสริมเพิ่มน้ำนม  เจสซี่มัม อาหารเสริมกระตุ้นน้ำนม  ส่งฟรี..,890.0,,,Nonthaburi
4628552207,Pregnancy Care,MilkyWay Wishes อาหารเสริม กระตุ้นน้ำนม น้ำนมน้อย แคปซูล 30 เม็ด 2กล่อง,1180.0,,,Samut Sakhon
4628487027,Pregnancy Care,MilkyWay Wishes เจลลี่ อาหารเสริมเพิ่มน้ำนม กระตุ้นน้ำนม สำหรับคุณแม่น้ำนมน้อย กลิ่นพีช 7 ซอง,690.0,,,Samut Sakhon
4628452625,Pregnancy Care,MilkyWay Wishes แคปซูล กระตุ้นน้ำนม บำรุงน้ำนม วิตามินเพิ่มน้ำนม ผลิตจากธรรมชาติ 100% แคปซูล 30เม็ด,590.0,,,Samut Sakhon
4628331924,Pregnancy Care,MilkyWay Wishes Jelly กระตุ้นน้ำนม บำรุงน้ำนม กู้น้ำนม 7 ซอง 2 กล่อง,1380.0,,,Samut Sakhon
4617040399,Pregnancy Care,"ส่งฟรี Jessie Mind ตัวช่วยป้องกันและลดปัญหาท่อน้ำนมอุดตันที่กวนใจคุณแม่ ซื้อ 3 กล่อง แถม 1 กล่อง 1,470.-  จากปกติ 1,960.-  ทานวันละ 2 เม็ด",1470.0,,,Chonburi
4617026288,Pregnancy Care,ส่งฟรี Jessie Mind ตัวช่วยป้องกันและลดปัญหาท่อน้ำนมอุดตันที่กวนใจคุณแม่ 1 กล่อง 490.- ทานวันละ 2 เม็ด,490.0,,,Chonburi
4617018214,Pregnancy Care,ส่งฟรี Jessie Mum สมุนไพรกระตุ้นน้ำนม 2 ชุดทดลอง 360.- ทานได้ 5 วัน,360.0,,,Chonburi
4617017220,Pregnancy Care,ส่งฟรี Jessie Mum สมุนไพรกระตุ้นน้ำนม กู้น้ำนม สำหรับคุณแม่หลังคลอด 3 ชุดทดลอง 540.- ทานได้ 7 วัน,540.0,,,Chonburi
4616968866,Pregnancy Care,"ส่งฟรี Jessie Mum สมุนไพรเพิ่มน้ำนม กู้น้ำนม สำหรับคุณแม่หลังคลอด ชุดทดลอง ซื้อ 6 ชุด แถม 2 ชุด ราคา 1,080.- ทานได้ 20 วัน",1080.0,,,Chonburi
4616933931,Pregnancy Care,ส่งฟรี Jessie Mind ตัวช่วยป้องกันและลดปัญหาท่อน้ำนมอุดตันที่กวนใจคุณแม่ 2 กล่อง 900.- จากปกติ 980.- ทานวันละ 2 เม็ด,900.0,,,Chonburi
4616857975,Pregnancy Care,ส่งฟรี Jessie Mum สมุนไพรเพิ่มน้ำนม กู้น้ำนม สำหรับคุณแม่หลังคลอด ชุดทดลอง ซื้อ 4 ชุด แถม 1 ชุด ราคา 720.- ทานได้ 12-13 วัน,720.0,,,Chonburi
2362002551,Pregnancy Care,🔥 ส่งฟรี Jessie Mum เจสซี่ มัม  ขนาด 1 กล่อง (30 แคปซูล) พร้อมส่ง,890.0,907.0,234.0,Bangkok
3788735656,Pregnancy Care,แถมงาดำคั่วบด เลือกรสได้‼️Protein Fertyครูก้อย โปรตีน เฟอร์ตี้ครูก้อย ช่วยเพิ่มโอกาส Ferty protein โปรตีนครูก้อย,720.0,523.0,78.0,Nonthaburi
3501245483,Pregnancy Care,🔥Jessie Mum เจสซี่ มัม ขนาดทดลอง 5 เม็ด พร้อมส่ง *เพิ่มน้ำนม กระตุ้นน้ำนม สมุนไพรสำหรับคุณแม่หลังคลอด ผลิตจากธรรมชาติ,180.0,11.0,2.0,Bangkok
4360943021,Pregnancy Care,(ส่งฟรี) ชุดเตรียมตั้งครรภ์ โฟลิค กิฟฟารีน โฟลิก ไบโอแฟลก NUTRI FOLIC / BIO FLAX PLUS Giffarine,135.0,93.0,23.0,Bangkok
872790659,Pregnancy Care,Conceive Plus Women’s Fertility Supplements: Balance Your Cycle and Hormones - Fertility Blend with Folate by CONCEIVE PLUS,900.0,40.0,0.0,Ubon Ratchathani
2483937903,Pregnancy Care,ชาหัวปลีไออุ่น ประคบเต้า วอร์มฮัก น้ำหัวปลีเพิ่มน้ำนม เพิ่มน้ำนม สำหรับคุณแม่ตั้งครรภ์ คุณแม่หลังคลอด,125.0,915.0,61.0,Uthai Thani
2963378088,Pregnancy Care,Australia Elevit Pregnancy Pre-conception breastfeeding Multivitamins Women Menevit Men Male Fertility Sperm Folic Acid,1629.0,415.0,69.0,Samut Prakan
4613867065,Pregnancy Care,Folic Acid กรดโฟลิก วิตามินซี calcium วิตามิน B1 B2 บำรุงเลือด โลหิตจาง อ่อนเพลีย เตรียมตั้งครรภ์ และหญิงให้นมบุตร 60 แคปซูล,139.0,70.0,12.0,Pathum Thani
1518820444,Pregnancy Care,มัมซ์โกลด์ พลัส ชาอุ่นรัก เพิ่มน้ำนมแม่หลังคลอด(2กล่องขึ้นไปฟรีขวดชงชาพีเมี่ยม+ส่งฟรี)เพิ่ม กู้ บำรุง ทำสต๊อกน้ำนมแม่ ของแท้100%,199.0,1886.0,415.0,Lampang
2205784768,Pregnancy Care,( ส่งฟรี ) ชุดเตรียมตั้งครรภ์ กิฟฟารีน โฟลิค ไบโอแฟลกซ์  มีบุตรยาก เลือดจาง NUTRI FOLIC / BIO FLAX,180.0,806.0,153.0,Bangkok
4045867870,Pregnancy Care,👍พร้อมส่ง ! น้ำมะกรูดอินทผลัม Mommy Booster 15 ขวด น้ำมะกรูด เตรียมตั้งครรภ์ บำรุงไข่ ลดปวดประจำเดือน บำรุงมดลูก มีลูกยาก,999.0,,,Bangkok
1188070361,Pregnancy Care,(2230) ชาปลีกล้วยสำเร็จรูป สูตรออริจินัล 1 กล่อง 10 ซอง,120.0,61.0,7.0,Bangkok
867392587,Pregnancy Care,👍พร้อมส่ง ! มะกรูดผง 100% Mommy Booster 1 กล่อง,590.0,286.0,39.0,Pathum Thani
2329680250,Pregnancy Care,Herbal One Fenugreek เฮอร์บัล วัน ฟีนูกรีค บรรจุ 60 แคปซูล เมล็ดลูกซัด มีสารตั้งต้นของฮอร์โมนที่ผลิตน้ำนม สามารถเพิ่มปริมาณน้ำนมแม่ภายใน 24-72 ชั่,132.0,8.0,,Bangkok
2440652008,Pregnancy Care,🔥 ส่งฟรี Jessie Mum เจสซี่มัม อาหาsเสsิมสำหรับคุณแม่ ขนาด 2 ชุดทดลอง,360.0,1661.0,397.0,Bangkok
2492625591,Pregnancy Care,ENEres 01 (Healthy Hen) อาหารเสริมเตรียมพร้อมเป็นคุณแม่ (60แคปซูล) สำหรับผู้ที่อยากมีบุตร,1690.0,48.0,12.0,Bangkok
2718443607,Pregnancy Care,Milk Plus & More / มิลค์พลัสแอนด์มอร์ น้ำหัวปลีสกัดเข้มข้น น้ำหัวปลีสกัดเข้มข้นผสมอิทผลัม 12/24 ขวด Organic 100% Natural บำรุงครรภ์ กระตุ้นน้ำนม บำรุงน้ำนม รับประทานง่าย รสชาติอร่อย,899.0,63.0,24.0,Pathum Thani
2790130775,Pregnancy Care,ชาอุ่นรักสีชมพู ชาบำรุงคุณแม่ก่อนคลอด บำรุงน้ำนม สร้างน้ำนม ดื่มได้ตั้งแต่ 6 เดือน (1 แถม 1 ขวดน้ำพรีเมียมน่ารัก)  บรรจุ 20 ซอง ส่งฟรี,490.0,61.0,12.0,Chai Nat
533212614,Pregnancy Care,กรดโฟลิก Folic Acid 400 mcg 100 Tablets (Mason Natural®) โฟเลต Folate,298.0,92.0,18.0,Chiang Mai
1919004842,Pregnancy Care,นิวทรีโฟลิค บำรุงเลือด บำรุงโลหิต โลหิตจาง บำรุงครรภ์ แก้อาการอ่อนเพลีย ตะคริวเหน็บชา ขาดวิตามินบี 1 6 12,180.0,6.0,1.0,Nakhon Pathom
4615506586,Pregnancy Care,JessieMum สมุนไพรกระตุ้นน้ำนม,540.0,,,Chonburi
4602659764,Pregnancy Care,ไออุ่น หัวปลีกระตุ้นน้ำนมชนิดผง,150.0,,,Si Sa Ket
4581311666,Pregnancy Care,มัมซ์โกลด์ พลัส ชาอุ่นรัก(3 กล่องแถมฟรีกระเป๋า ส่งฟรี)เพิ่มน้ำนม บำรุงน้ำนมแม่,1150.0,,,Pathum Thani
4567118167,Pregnancy Care,ชุดทดลอง JESSIE MUM ผลิตภัณฑ์อาหารเสริมดูแลเกี่ยวกับน้ำนมแม่,180.0,,,Nonthaburi
4567032724,Pregnancy Care,โปรสุดคุ้ม JESSIE MUM ผลิตภัณฑ์อาหารเสริมดูแลเกี่ยวกับน้ำนมแม่ 2 กล่อง 60 แคปซูล,1500.0,,,Nonthaburi
4566820491,Pregnancy Care,ส่งฟรี JESSIE MUM ผลิตภัณฑ์อาหารเสริมดูแลเกี่ยวกับน้ำนมแม่ 1 กล่อง 30 แคปซูล,890.0,,,Nonthaburi
4550384056,Pregnancy Care,[ส่งด่วน]JESSIE MUM ผลิตภัณฑ์เสริมอาหารเพิ่มน้ำนม  ขนาด 1 ชุดทดลอง 5 แคปซูล [โปรจัดเซท],720.0,,,Samut Sakhon
4550292975,Pregnancy Care,JESSIE MUM [ทานง่าย] อาหารเสริมเพิ่มน้ำนม สำหรับคุณแม่น้ำนมน้อย 30 แคปซูล,890.0,,,Samut Sakhon
4547201780,Pregnancy Care,Jessie Mum สมุนไพรกระตุ้นน้ำนมสำหรับคุณแม่ 1 กล่อง ขนาด 30 แคปซูล,890.0,,,Nakhon Si Thammarat
4546889721,Pregnancy Care,"With Love เครื่องดื่ม เพิ่มน้ำนม น้ำหัวปลี หัวปลี เพิ่มน้ำนม โฉมใหม่ กล่องสีชมพู ปลูกรัก Plant Love 1 กล่อง [With Love, drink to increase milk, Hua Pli juice, Hua Pli juice, add milk, new look, pink box, plant love, Plant Love 1 box]",169.0,,,Trang
4546191735,Pregnancy Care,"Folic Acid, Plus B-12, 800 mcg, 30 Tablets Thompson กรดโฟลิค",190.0,,,Bangkok
4543978052,Pregnancy Care,JESSIE MUM ผลิตภัณฑ์อาหารเสริมดูแลเกี่ยวกับน้ำนมแม่ ขนาด 2 ทดลอง บรรจุ 10 แคปซูล,360.0,,,Samut Sakhon
4543965220,Pregnancy Care,JESSIE MUM ผลิตภัณฑ์อาหารเสริมดูแลเกี่ยวกับน้ำนมแม่ ขนาด 1 ทดลอง บรรจุ 5 แคปซูล,180.0,,,Samut Sakhon
3988400843,Pregnancy Care,nature made Prenatal Multi+DHA 200mg 165 Softgels,1199.0,31.0,5.0,Bangkok
372852949,Pregnancy Care,Herbal One Fenugreek เฮอร์บัล วัน ฟีนูกรีค บรรจุ 60 แคปซูล เมล็ดลูกซัด   (ผลิตภัณฑ์เสริมอาหาร),124.0,977.0,146.0,Bangkok
2652122637,Pregnancy Care,ชาไม้บ้านคุณแม่ ชาเพิ่มน้ำนม ชาบำรุงน้ำนม สูตรโบราณดังเดิม,45.0,395.0,36.0,Nakhon Si Thammarat
1605932508,Pregnancy Care,Elevit pregnancy and breastfeeding with DHA+choline 60caps exp  10/2024,790.0,542.0,72.0,Pathum Thani
434602279,Pregnancy Care,เพิ่มน้ำนม กู้น้ำนม เร่งน้ำนม บำรุงน้ำนม แทนอยู่ไฟ 30 แคป (ทานได้ 1 เดือน /ส่งฟรี),390.0,2165.0,502.0,Chai Nat
1975696148,Pregnancy Care,Blackmores  9+ Care Gold ( 60 caps ) แบลคมอร์ส 9 พลัส แคร์ โกลด์ 60 เม็ด,745.0,1314.0,230.0,Chachoengsao
761442998,Pregnancy Care,Blackmores 9 Plus Care Gold 60 Capsules แบลคมอร์ส 9 พลัส แคร์โกลด์ (ราคาพิเศษ),580.0,17.0,3.0,Bangkok
1736040339,Pregnancy Care,Blackmores Pregnancy & Breast-Feeding GOLD For baby's healthy development 180 capsules,969.0,419.0,78.0,Samut Prakan
4616763796,Pregnancy Care,กลูต้าBTO,85.0,,,Bangkok
4609794704,Pregnancy Care,💥พร้อมส่งจากไทย💥 EU Natural Conception Fertility Prenatal Vitamins บำรุงก่อนตั้งครรภ์ บำรุงไข่ ปรับฮอร์โมน สายรีบ (ของแท้ 100% ),1699.0,10.0,1.0,Bangkok
4600974538,Pregnancy Care,NAN HA 1 gold pro สูตรสารอาหารครบถ้วนสำหรับเด็กแรกเกิดจนถึง 1 ปี,399.0,81.0,2.0,Lopburi
4550401073,Pregnancy Care,JESSIE MUM [รวมโปร setแบบกล่อง] ผลิตภัณฑ์เสริมดูแลเกี่ยวกับน้ำนมแม่ เหมาะกับคุณแม่สายปั๊มเลยนะคะ ทำสต๊อกน้ำนม แถมเข้ากลุ่มนัดปั๊มนมจ้าแม่,890.0,,,Samut Sakhon
4550384056,Pregnancy Care,[ส่งด่วน]JESSIE MUM ผลิตภัณฑ์เสริมอาหารเพิ่มน้ำนม  ขนาด 1 ชุดทดลอง 5 แคปซูล [โปรจัดเซท],540.0,,,Samut Sakhon
4550325581,Pregnancy Care,[รวมโปร]Jessiemum ขนาดทดลอง เจสซี่มัม อาหารเสริมเพิ่มน้ำนม สำหรับคุณแม่ให้นมน้อง x 1 ซอง 5 แคปซูล,540.0,,,Samut Sakhon
4550305738,Pregnancy Care,Jessie Mum [รวมโปร]ขนาดทดลอง อาหารเสริมเพิ่มน้ำนม สำหรับคุณแม่น้ำนมน้อย 5แคปซูล,540.0,,,Samut Sakhon
916328554,Pregnancy Care,Mommy Booster น้ำมะกรูดอินทผลัม ออร์แกนิค 30 ขวด สกัดเข้มข้น มัมมี่บู๊สเตอร์ บำรุงเลือด เพิ่มโอกาสสมหวัง กระเช้าเยี่ยมคลอด,1980.0,394.0,96.0,Bangkok
4807496506,Detoxification,Detox ญี่ปุ่น [4แผง],240.0,,,Kamphaeng Phet
4807478492,Detoxification,Detox ญี่ปุ่น [2แผง],125.0,,,Kamphaeng Phet
4807477635,Detoxification,Detox ญี่ปุ่น [1 กล่อง],390.0,,,Kamphaeng Phet
4807320983,Detoxification,Detox ญี่ปุ่น [3แผง],180.0,,,Kamphaeng Phet
4807296225,Detoxification,หมอสมหมาย เซตคู่ สุดคุ้ม จีเฮิร์บ แคปซูล วัน (1) เจลอาบน้ำ (1) ดูแลสุขภาพ ดูแลผิวพรรณ,1159.0,,1.0,Nonthaburi
4807279962,Detoxification,Detox ญี่ปุ่น [1แผง],65.0,,,Kamphaeng Phet
4806468377,Detoxification,คลอโรฟิลล์ คลอโรฟิล คลอโรฟีน คลอโรฟิว CHLOROPHYLL,480.0,69.0,,Bangkok
4804377042,Detoxification,Beta-X เบต้าเอ็กซ์แคปซูล สูตร Premium ผลิตภัณฑ์เสริมอาหาร ตัวช่วยฟื้นฟูบำรุง ดูแลปอด ดีท็อกซ์ ล้างสารพิษ สกัดจากกระชายขาว จากสมุนไพร ของแท้จากบริษัท พร้อมส่ง 1 กล่อง มี 10 แคปซูล (พิเศษโปร2แถม1) RUNoi888,990.0,,,Bangkok
4802650147,Detoxification,ดีท็อกญี่ปุ่น 400 Detox Slim ผลิตภัณฑ์เสริมขับถ่าย ดีท็อกซ์ล้างลำไส้ แก้ท้องผูกและของเสียสะสม,480.0,,,Kalasin
4802622548,Detoxification,Detox ดีท็อกญี่ปุ่น 50 เม็ดเล็กทานง่าย ดีท็อกซ์ของเสียตกค้าง ล้างลำไส้ ใม่ปวดมวนท้อง,240.0,,,Kalasin
4799829777,Detoxification,Liv-N ลีฟเอ็น ดื่มหนัก จนตับพัง! ลดอาการเมาค้าง (กันแฮงค์) ช่วยลดสารพิษในตับ Liv-N ลีฟเอ็น ช่วยได้ แค่วันละ 1 เม็ด,590.0,,,Suphan Buri
4798102261,Detoxification,อัลฟ่า คลอโรฟิลล์ พลัส 100g. ALFA Chlorophyll Plus ล้างของเสียสะสม ปรับสมดุลการขับถ่าย อัลฟา,335.0,,,Chonburi
4797702287,Detoxification,ชมพูใส่ซอง20ท็อกแบบซองถูกก ของแท้ สีชมพู20เม็ดส่งแบบเม็ดใส่ซอง ขายส่งราคาถูกสุด ส่งไว 貢食食食女 (มีบริการปลายทาง)หมายเลขใบอนุญาต/ อย. ดีท็อกซ์ 741615023000า,19.0,11.0,,Ratchaburi
4795368029,Detoxification,Healthy Care Lung Detox 180 แคปซูล บำรุงปกป้องปอด,685.0,,,Songkhla
4794446377,Detoxification,(ส่งฟรี) วีทกราส อัลฟาฟ่า คลอโรฟิลล์ ไฟเบอร์ ดีท็อก ลำไส้ ล้างสารพิษ ยูมิโกะ บรรจุ 200 กรัม,390.0,,,Rayong
4793795063,Detoxification,Himalaya Liv.52 DS บำรุงตับเข้มข้น 60 เม็ด,75.0,6.0,2.0,Bangkok
4793684978,Detoxification,อภัย ลิฟเวล Abhai Livwell,250.0,,,Udon Thani
4792420389,Detoxification,ต้นข้าวอ่อน ต้นออ่อนข้าวสาลี วีทกราส  เลือดจางทาลัสซีเมีย  บำรุงเลือดจาง  บำรุงเลือด วีทกราสไฟเบอร์ วีทกราส ขนาด10 ซอง,255.0,,,Bangkok
4791461428,Detoxification,คลอโรฟิลล์ คลอโรฟิล คลอโรฟีน คลอโรฟิว CHLOROPHYLL,360.0,26.0,4.0,Bangkok
4790517489,Detoxification,คลอโรฟิลล์ทมซี THOM C อัลฟัลฟา 30 ml,95.0,,,Bangkok
4789890171,Detoxification,(New) นาคโอสถ NakOsot อีกปัญหาเรื่องไตอย่ามองข้าม ขับล้างสารพิษของเสียสะสมออก,1500.0,,,Bangkok
4789789769,Detoxification,Real Elixir Alfa Chlorophyll Plus    คลอโรฟิลล์   1 กล่อง 6 ซอง/5กรัม   เรียล คลอโรฟิลล์    อัลฟ่า คลอโรฟิลล์     Real Chlorophyll Plus,125.0,,,Bangkok
4787122452,Detoxification,เพอร์ไบโอติคไฟเบอร์ปนันชิตา,490.0,,,Bangkok
4786883639,Detoxification,BetaLiv (เบต้าลีฟ) 1 กล่อง  อาหารเสริมบำรุงตับ ตับอักเสบ ตับแข็ง ไขมันพอกตับ บรรจุ 10 เม็ด,480.0,,1.0,Chiang Mai
4785034579,Detoxification,ส่งฟรี โปรพิเศษ 2 แถม 1 ของแท้ 100% BetaLiv (เบต้าลีฟ) ผลิตภัณฑ์เสริม อาหาร พร้อมส่ง 1 กล่อง บรรจุ 10 เม็ด #betaliv #เบต้าลิฟ My Hart Healthy,1390.0,,,Bangkok
4783798299,Detoxification,โรคไต uำ้เnลืo,120.0,,,Lopburi
4783681642,Detoxification,ผลิตภัณฑ์เสริมอาหาร คลอโรฟิลล ผสมวิตามินซี คลอโรฟิลล์ ซี-โอ ผสมวิตามินซี โอลิโกฟรุคโตส และสารสกัดจากแอปเปิ้ล,136.0,,1.0,Bangkok
4782565398,Detoxification,ส่งฟรี มีโปร 2 แถม 1 Balance F - BLF บีแอลเอฟ ดีท็อกซ์ล้างลำไส้ ไฟเบอร์ แก้อาการท้องผูก อาหารเสริมที่มีกากใยอาหาร,590.0,,,Bangkok
4782481692,Detoxification,ส่งฟรี มีโปร 2 แถม 1 Balance F - BLF บีแอลเอฟ ดีท็อกซ์ล้างลำไส้ ไฟเบอร์ แก้อาการท้องผูก อาหารเสริมที่มีกากใยอาหาร,590.0,,,Bangkok
4782452346,Detoxification,Life Extension  Liver Efficiency Formula / 30 Vegetarian Capsules,490.0,,,Nakhon Pathom
4780549055,Detoxification,Kenki Curucumin Gummy เก็นคิ คุรุคุมิน 2 กระปุก กระปุกละ 60 เม็ด,1750.0,,,Bangkok
4780516145,Detoxification,Kenki Curucumin Gummy เก็นคิ คุรุคุมิน กระปุกละ 60 เม็ด,2640.0,18.0,3.0,Bangkok
4780418645,Detoxification,🔥ส่งฟรี🔥 คลอโรฟิลล์ ขับของเสีย ล้างสารพิษ CHLOROPHYLL ขับไขมัน ชนิดชงดื่ม 1 ซอง ผสมน้ำ 1.5 ลิตร 🔥สินค้าแท้ 100%🔥,120.0,,,Lamphun
4780139290,Detoxification,[ โปร 3แถม3 ] สุดคุ้มได้ 6 กระปุก วีทกราส คลอโรฟิลล์ ไฟเบอร์ ดีท็อกลำไส้ ถ่ายง่ายไม่ปวดบิด ช่วยระบบขับถ่ายดี ขนาดใหญ่ 200 กรัม,1390.0,,,Rayong
4779812929,Detoxification,HEPA-1 💚บำรุงตับ ล้างพิษในตับ ลดค่าตับสูง ลดไขมันพอกตับ ดีท็อกซ์ตับ,790.0,,,Bangkok
4778030821,Detoxification,B-GRN+(ล้างลำใส้ ลดพุงช่วยต้านพยาธิลดปัญหาขับถ่ายผิดปกติ,1195.0,,,Nakhon Sawan
4777154433,Detoxification,🚛ส่งฟรี สั่งเลย🔥 VITAMORES Triphala Plus Lingzhi 30 แคปซูล อาหารเสริมตรีผลา พลัส เห็ดหลินจือ คุมน้ำหนักพร้อมกับการดูแลผิวสวย,189.0,,,Bangkok
4776953764,Detoxification,🚛ส่งฟรี สั่งเลย🔥 VITAMORES Triphala Plus Lingzhi 30 แคปซูล ไวต้ามอร์ส ตรีผลา พลัส เห็ดหลินจือ คุมน้ำหนักพร้อมกับการดูแลผิวสวย,189.0,,,Bangkok
4776161936,Detoxification,Beta Liv #เบต้าลิฟ #betaliv (จัดโปรพิเศษ) ผลิตภัณฑ์เสริมอาหาร เบต้าลีฟ พลัส ยาบำรุงตับไตแท้ ล้างสารพิษ 3 กล่อง บรรจุ 30 เม็ด ของแท้ พร้อมส่ง ส่งฟรีทั่วไทย เก็บปลายทาง ส่งตรงจากบริษัท (พิเศษโปร2แถม1) Me Plus,1390.0,,,Bangkok
4774387223,Detoxification,วิตซี+ไฟเบอร์ 1 แถม 1,260.0,,1.0,Lampang
4608344749,Detoxification,Kisslip ลูกอมแก้ตับแฮงค์ (1 ซอง),109.0,31.0,8.0,Bangkok
4743451727,Detoxification,อัลฟาคลอโรฟิล พลัส Alpha chlolphyllplus,75.0,10.0,2.0,Nonthaburi
4080830521,Detoxification,ดีท็อกซ์ Detox Proud charming พราวด์ชาร์มมิ่ง ดีท็อกซ์ล้างลำไส้,350.0,52.0,9.0,Samut Prakan
2753243381,Detoxification,Series One ซีรี่ย์วัน 10 ซอง,460.0,,1.0,Bangkok
4743794143,Detoxification,พร้อมส่ง BetaX โปร 2 แถม 1 ส่งฟรี (เบต้าเอ็กซ์) เบต้าเอ็กซ์ BetaX : 1 กล่อง บรรจุ 10 เม็ด ของแท้100% Health&Beauty77,990.0,37.0,6.0,Bangkok
4471201997,Detoxification,Real Elixir Alfa Chlorophyll Plus ( แบบซอง 5 กรัม ) 1 กล่อง 6 ซอง,85.0,260.0,31.0,Bangkok
4165706129,Detoxification,ส่งฟรี  คำหลวงริซซ์ ดูแลริดสีดวง 1 กระปุก,590.0,13.0,5.0,Bangkok
2490077234,Detoxification,D Aora Detox Herb ดีออร่า เฮิร์บ สมุนไพร ดีท็อกซ์ ล้างสารพิษในลำไส้ (ขนาดบรรจุ 100 เม็ด) ของแท้ พร้อมส่ง (2กระปุก),222.0,413.0,66.0,Pathum Thani
4559581899,Detoxification,Himalaya Liv.52 DS ล๊อตใหม่ บำรุงตับ 60 เม็ด,75.0,750.0,116.0,Bangkok
4269546840,Detoxification,3แถม1 Kisslip ลูกอมแก้ตับแฮงค์ (3 ซอง),299.0,79.0,12.0,Bangkok
3241731447,Detoxification,เพรียว คลอโรฟิลล์ (แพ็ค48ซอง) จากต้นอ่อนข้าวสาลี (ชนิดผง) ดีท็อกซ์ ล้างสารพิษในร่างกาย ช่วยระบบขับถ่าย ไม่มีน้ำตาล,186.0,3401.0,535.0,Bangkok
762356401,Detoxification,"Doctor's Best, NAC Detox Regulators, 60 Veggie Caps",349.0,407.0,65.0,Chiang Mai
3877282344,Detoxification,[1 แถม 1] เวนิสต้า  Venista Detox อาหารเสริม,99.0,148.0,16.0,Bangkok
4177279034,Detoxification,Livital ลิไวทอล 30 เม็ด สมุนไพรสกัด บำรุงตับ สูตรเข้มข้น นูรีฟ NURIV,200.0,1969.0,346.0,Bangkok
2871501270,Detoxification,คลอโรฟิลล์ กิฟฟารีน ของแท้  ส่งฟรี Chlorophyll คลอโรฟิลล์ซีโอ กลิ่นแอปเปิ้ล เครื่องดื่ม ( มีหลายรุ่นให้เลือก ) ส่งฟรี ส่งเร็ว,160.0,4155.0,888.0,Samut Prakan
2406114873,Detoxification,(ซื้อ 1 แถม 1) GIVE-ME Berry กีฟมีเบอร์รี่ พลัสไฟเบอร์ (ตราวิษามิน) มีไฟเบอร์จากเบอร์รี่ 10 ชนิด แพคคู่ 2 กล่อง ปริมาณรวม 14 ซอง,129.0,,5996.0,Bangkok
4438146075,Detoxification,Real Elixir Alfa Chlorophyll Plus เรียล อิลิคเซอร์ อัลฟ่า คลอโรฟิล พลัส (100 g.) จำนวน 1 กระปุก,299.0,1959.0,277.0,Bangkok
4673490382,Detoxification,คอลโรฟิลล์Chlorophyll Powder Unicity 91.64g.exp 04/2024 ฉลากไทยแท้(100%),685.0,99.0,22.0,Bangkok
3513607966,Detoxification,Nuriv Livital  ลิไวทอล 30 แคปซูล สมุนไพรสกัด บำรุงตับ สูตรเข้มข้น 8 สมุนไพร + 4 วิตามิน,200.0,7837.0,1472.0,Bangkok
1138350596,Detoxification,(1 กระปุก) D Aora Detox Herb ดีออร่า เฮิร์บ สมุนไพร ดีท็อคช์ (ขนาดบรรจุ 100 เม็ด/1 กระปุก),114.0,1098.0,193.0,Bangkok
4159384201,Detoxification,Kisslip ลูกอมแก้ตับแฮงค์ (5 ซอง),490.0,71.0,9.0,Bangkok
2611294641,Detoxification,ผงถ่านไม้ไผ่หรือผงชาร์โคลล้างสารเคมีขนาด 60 กรัม ใช้ลดแก็สในกระเพาะอาหารต่อต้านเชื้อแบคทีเรียใช้ล้างผักผลไม้ให้สดกรอบอยู่ได้นาน,75.0,9.0,1.0,Nakhon Nayok
311296330,Detoxification,D Aora Detox Herb ดีออร่า เฮิร์บ สมุนไพร ดีท็อคช์ (ขนาดบรรจุ 100 เม็ด),114.0,2788.0,441.0,Bangkok
4396953514,Detoxification,คลอโรฟิลล์ กิฟฟารีน คลอโรฟิลล์ของแท้100 CHLOROPHYLL C-O GIFFARINE  คลอโรฟิล คลอโรฟิว ล้างสารพิษ,120.0,409.0,102.0,Bangkok
3706416981,Detoxification,D Aora Detox ดีออร่าดีท็อกซ์ ล้างสารพิษ ( 100 เม็ด),119.0,265.0,44.0,Bangkok
1550138529,Detoxification,1แถม1 Kisslip ลูกอมแก้ตับแฮงค์ (10 ซอง),900.0,152.0,20.0,Bangkok
559764730,Detoxification,Vitacel Gold ไวต้าเซล โกลด์ (1กระปุก 60 แคปซูล ),589.0,874.0,138.0,Bangkok
628952552,Detoxification,MaxxLife GD1 Spirulina แพ็คคู่ สาหร่ายเกลียวทอง  สาหร่ายสไปรูไลน่า 100เม็ด 2 กระปุก,537.0,508.0,109.0,Phitsanulok
4238483216,Detoxification,ไฮคิวโปร (Hi Q Pro) ดีท็อกซ์ลำไส้ (12ซอง),285.0,300.0,20.0,Nonthaburi
4346538521,Detoxification,Ume gold ยูมีโกลด์ 20 ซอง (ไม่มีกล่อง),895.0,47.0,12.0,Bangkok
2441535435,Detoxification,Mega We Care D-Toxi 30 Capsules เมก้า วีแคร์ ดี-ท๊อกซี่ (ผลิตภัณฑ์เสริมอาหาร) 1ขวด/30แคปซูล,330.0,46.0,9.0,Bangkok
4479944885,Detoxification,คลอโรฟิล ( 1 ซอง ผสมน้ำ 1.5 ลิตร )  CHLOROPHYLL  คลอโรฟิล ฟรีกระบอกน้ำ,340.0,366.0,97.0,Chanthaburi
4354093027,Detoxification,SEII เซอิ ตรีผลาแคปซูล ตรีผลาสมุนไพร ตรีผลาดีท็อก (60 แคปซูล),149.0,37.0,8.0,Phayao
117298235,Detoxification,🔥ส่งฟรี สั่งเลย🚚 Vitamores ผลิตภัณฑ์เสริมอาหารไวต้ามอร์ส ตรีผลา พลัส เห็ดหลินจือ 1 กระปุก 30 แคปซูล ดูแลหุ่นสวย ผิวกระจ่างใส,185.0,1257.0,106.0,Saraburi
4670399463,Detoxification,ไฟเบอร์ดีท็อกซ์ Balance F - BLF Fiber detox,590.0,,1.0,Phitsanulok
613642916,Detoxification,G-Zanol 10 เซียน จี-ซานอล ราคา 1 ขวด,395.0,49.0,5.0,Bangkok
3969855318,Detoxification,Himalaya party smart สมุนไพรเเก้เเฮงค์,260.0,125.0,7.0,Bangkok
4520528874,Detoxification,JEJUVITA Xs Tox Fiber powder 15000mg เจจูวีต้า เอ็กซ์เอส ท็อกซ์ ไฟเบอร์พาวเดอร์ อาหารเสริม (15g x 10ซอง),319.0,,,Surin
399752460,Detoxification,คลอโรฟิลล์ กิฟฟารีน Chlorophyll คลอโรฟิลล์ ซี โอ กลิ่นแอปเปิ้ล เครื่องดื่ม ขนาด 30 ซอง/กล่อง (แถมกระบอกน้ำ) ส่งฟรี กิฟฟารีของแท้ ส่งเร็ว,480.0,116.0,26.0,Samut Prakan
4809183462,Detoxification,"Real Elixir Alfa Chlorophyll Plus ( คลอโรฟิลล์ ) 5,000mg.",290.0,,,Samut Prakan
4808922014,Detoxification,สินค้า Himalaya Liv.52 DS อาหารเสริมบำรุงตับสูตรเข้มข้น นำเข้าจากอินเดีย ชนิดเม็ด 60 เม็ด จำนวน 2 กระปุก,220.0,,,Bangkok
4808638242,Detoxification,คลอโรฟิลล์ กิฟฟารีน คลอโรฟิลล์แท้100 คลอโรฟิลล์ giffarine คลอโรฟิลล์กิฟฟารีน chlorophyll,360.0,70.0,,Pathum Thani
4808513784,Detoxification,คลอโรฟิลล์ คลอโรฟิล คลอโรฟีน คลอโรฟิว CHLOROPHYLL,480.0,51.0,,Pathum Thani
4808065607,Detoxification,Nn Yaeyama Chlorella Green Algae สาหร่ายคลอเรลล่ากำจัดสารพิษภายใน(300mg),460.0,,,Bangkok
4807682674,Detoxification,[✔️ลด100 ] เบต้าลีฟ BetaLiv ขับสารพิษ ฟื้นฟูตับ ป้องกันการเกิดไขมันพอกตับ,640.0,,,Bangkok
4802650147,Detoxification,ดีท็อกญี่ปุ่น 400 Detox Slim ผลิตภัณฑ์เสริมขับถ่าย ดีท็อกซ์ล้างลำไส้ แก้ท้องผูกและของเสียสะสม,240.0,,,Kalasin
4800369204,Detoxification,แถมฟรีดีท็อกซ์(ของทางร้าน)ของแท้ส่งด่วน DELLA เดลล่า เดลล่าเอส พลัส ซ้อฝัน,80.0,,,Udon Thani
4781427347,Detoxification,นาย่าคลอโรฟิลล์ชนิดน้ำเข้มข้น 100%,1900.0,,,Nakhon Sawan
4780516145,Detoxification,Kenki Curucumin Gummy เก็นคิ คุรุคุมิน กระปุกละ 60 เม็ด,880.0,18.0,3.0,Bangkok
200016014,Detoxification,UME GOLD ยูมีโกลด์ 20 ซอง (ของแท้ 100%),880.0,78.0,12.0,Samut Prakan
4422860762,Detoxification,เบต้าเอ็กซ์ BATAX อาหารเสริมฟื้นฟูปอด 1ล่อง10เม็ด,320.0,25.0,6.0,Chiang Mai
4551382135,Detoxification,คลอโรฟิลล์ ของแท้ 100% Chlorophyll powder Unicity,699.0,183.0,43.0,Chiang Mai
1228186005,Detoxification,ส่งฟรี 🎁 CORDYTHAI ถั่งเช่า ซื้อ3แถม1 (60 แคปซูล)  กระปุกสีแดง  เซตผู้ชาย 3 แถม 1 กระปุก แถมฟรี เจล 50 ml +แมส (50 ชิ้น/กล่อง) +กระเป๋าพับได้,5400.0,10.0,2.0,Bangkok
4113186357,Detoxification,ตรีผลาชีววิถี รสธรรมชาติ (มีกล่อง),245.0,209.0,34.0,Nakhon Si Thammarat
4640120079,Detoxification,(ส่งฟรี) คลอโรฟิลล์ กิฟฟารีน CHLOROPHYLL C-O GIFFARINE คลอโรฟิล 1 กล่อง 30 ซอง ( แถมกระบอกชง ),350.0,32.0,8.0,Bangkok
1779642360,Detoxification,"NUUI FIBERRY PRUNE _""หนุยม่วง""_ หนุย ไฟเบอร์รี่ พรุน (1 กล่อง 10 ซอง)",285.0,862.0,96.0,Bangkok
402138009,Detoxification,ซื้อ 2 แถม 2 !!! Venista เวนิสต้า อาหารเสริม (ขนาด 30 เม็ด) อาหารเสริม ผลิตภัณฑ์เสริมอาหาร,198.0,293.0,52.0,Pathum Thani
1278994538,Detoxification,TAB-D,1000.0,162.0,39.0,Prachuap Khiri Khan
569020897,Detoxification,Himalaya party smart สมุนไพรเเก้เเฮงค์,450.0,556.0,34.0,Bangkok
4377256869,Detoxification,"(พร้อมส่ง) California Gold Nutrition, Organic Spirulina, 500 mg 240 เม็ด",499.0,6.0,,Samut Prakan
113711464,Detoxification,ดีทอกซ์ MFL BODY CLEANSE 50 CAPS,599.0,133.0,32.0,Bangkok
2531558780,Detoxification,Puritan s Pride Green Tea Standardized Extract 315 mg 200 Capsules,490.0,62.0,11.0,Samut Prakan
4471439840,Detoxification,Real Elixir Alfa Chlorophyll Plus  x  4  กล่อง ( 6 ซอง/กล่อง),279.0,45.0,16.0,Bangkok
4232581403,Detoxification,ยูนิทอล์ค ดีท๊อกซ์ ไฟเบอร์ กำจัดสารพิษ ลดพุง แก้ปัญหาท้องผูก ช่วยในการขับถ่าย,635.0,23.0,4.0,Bangkok
4471234063,Detoxification,Posh Medica Fiber พอช เมดิก้า ไฟเบอร์ [6 ซอง] [MC Plus แมค พลัส เดิม],129.0,,1012.0,Pathum Thani
1676868611,Detoxification,"NUUI FIBERRY PRUNE _""หนุยม่วง""_ หนุย ไฟเบอร์รี่ พรุน (1 กล่อง 10 ซอง)",285.0,1957.0,266.0,Bangkok
1325944145,Detoxification,FOD ยาแก้เมา ยาแก้แฮงค์ กินแล้วคอแข็ง ไม่แฮงค์ บำรุงตับ 1ซอง,77.0,1732.0,116.0,Bangkok
4421039532,Detoxification,ชุดดีท็อกซ์ (DETOX) ขวด detox + กาแฟดีท็อกซ์79 ขนาด100กรัม,149.0,35.0,4.0,Bangkok
4774384858,Detoxification,ผงผัก VEGET POWDER ผงผักชายนิ่ง (วีเก็ตพาวเดอร์) Shining Fiber ชายนิ่ง ไฟเบอร์ ดีท๊อกซ์ มี 5 ซอง,189.0,,,Samut Prakan
4773158028,Detoxification,กิฟฟารีน ดีท๊อค คลอโรฟิลล์ พลัส,600.0,,,Bangkok
4772596086,Detoxification,D-KOK(ดี-ค๊อก)สลายไขมันล้างสารพิษ,195.0,,,Bangkok
4772528327,Detoxification,ส่งฟรี โปรพิเศษ BetaLiv (เบต้าลีฟ) ผลิตภัณฑ์เสริมอาหาร ของแท้ 100% พร้อมส่ง 1 กล่อง บรรจุ 10 เม็ด #betaliv #เบต้าลิฟ พร้อมส่ง V-WAY SHOP,640.0,,,Chanthaburi
4747345851,Mass Gainer,CREATINE 5000 ขนาด 300g เพิ่มพละกำลัง สะสมพลังงานให้กล้ามเนื้อ VITAXTRONG 100% PURE,459.0,126.0,28.0,Roi Et
4780163639,Mass Gainer,วิตามินเพิ่มน้ำหนักคลีนิค เวย์โปรตีนเพิ่มน้ำหนัก โปรตีนสูง80%,65.0,134.0,14.0,
713622829,Mass Gainer,มัลโตเดกตริน Maltodextrin (แป้งผง เพิ่มนํ้าหนัก อยากอ้วน โหลดคาร์บ กินข้าวได้น้อย),90.0,5120.0,676.0,Bangkok
728756330,Mass Gainer,MS  MASS SOY PROTEIN GAINER เวย์โปรตีน ซอยโปรตีน เกนเนอร์ โปรตีนถั่วเหลือง เพิ่มกล้ามเนื้อ เพิ่มน้ำหนัก คนผอม แพ้wheyเวย์โปรตีนนมทานได้ CHOCOLATE อร่อย,219.0,8995.0,1846.0,Bangkok
4370211028,Mass Gainer,ครีเอทีนMax Creatine สร้างกล้ามเนื้อ (ความแข็งแรง),387.0,397.0,77.0,Chiang Mai
2422934583,Mass Gainer,MATELL Mass Soy Protein Gainer 2 lb แมส ซอย โปรตีน 2ปอนด์ หรือ 908กรัม (Non Wheyเวย์) เพิ่มน้ำหนัก + เพิ่มกล้ามเนื้อ,249.0,,4592.0,Khon Kaen
2083860124,Mass Gainer,[ แท้100% มีรหัสตัวแทน ] มัลติวิตามิน พลัส วิตามินเพิ่มน้ำหนัก (1 กระปุก) - Multivitamin plus สูตรใหม่!! ไม่ง่วงนอน อาหารเสริม เพิ่มน้ำหนัก ปลอดภัย100%,650.0,89.0,18.0,Bangkok
2423001179,Mass Gainer,MATELL Mass Whey Protein Gainer 2 lb แมส เวย์ โปรตีน 2ปอนด์ หรือ 908กรัม Non Soy ซอย,449.0,,2258.0,Khon Kaen
323104095,Mass Gainer,VERYUP เพิ่มน้ำหนักสำหรับคนผอม  สูตรใหม่เพิมคอลลาเจน สกัดจากธรรมชาติแท้,450.0,1276.0,210.0,Nonthaburi
4749839305,Mass Gainer,(ใหม่) อะมิโน พลัส โปรตีนฟื้นฟูไต โดยหมอบุญชัย ช่วยเสริมสร้างกล้ามเนื้อ เพิ่มน้ำหนัก ทานได้ทุกเพศทุกวัย Amino Plus,890.0,37.0,8.0,Bangkok
3517298145,Mass Gainer,Soy Protein Isolate 2.2 lbs Set2ถุง ซอยโปรตีนไอโซเลท ขนาด 1000 กรัม ลีน ฟิต กล้ามเนื้อ อิ่มท้อง เวย์โปรตีนถั่วเหลือง,445.0,1088.0,297.0,Nonthaburi
4441142713,Mass Gainer,[เซ็ต 4 กระป๋อง]Biovitt (XSชาไทย/XSช็อก/XSชาเขียว/XSกาแฟ/CIMMU/Fiberyy/Gluta/ไลโคปีน/โรสที อื่นๆ) ขนาด 120 กรัม,999.0,109.0,32.0,Bangkok
960508630,Mass Gainer,(2 กระปุก ช็อค)Biovitt Whey Protein Isolate เวย์โปรตีน รสช็อกโกแลต ไบโอวิตเหมาะกับทุกเพศ โปรตีน 35g ขนาด 907.2กรัม,1998.0,851.0,115.0,Samut Prakan
758488147,Mass Gainer,เพิ่มแรง เพิ่มกล้ามเนื้อ ครีเอทีน 100% CREATINE 5000 (ซอง) 300g c5000 กินกับ เวย์ โปรตีน ดีมาก whey protein,520.0,3032.0,447.0,Bangkok
4448885630,Mass Gainer,*Ors* *ผงเกลือแร่* เกลือแร่ผง ท้องเสีย *ออรีด้า* กล่อง 50 ซอง Exp3/26 *ผงเกลือแร่ ออรีด้า*,178.0,21.0,8.0,Songkhla
4581792962,Mass Gainer,"CREATINE 5000 ขนาด 1,000 กรัม เพิ่มพละกำลัง สะสมพลังงานให้กล้ามเนื้อ VITAXTRONG 100%",1300.0,9.0,3.0,Roi Et
728726953,Mass Gainer,MS MASS WHEY PROTEIN GAINER เวย์โปรตีน เพิ่มน้ำหนัก เพิ่มกล้ามเนื้อ สำหรับคนผอม อยู่ท้อง ตัวใหญ่ขึ้น ขนาด 2LBS CHOCOLATE รสช็อกโกแลต ไม่ใช่soyถั่วเหลือง,299.0,1838.0,467.0,Bangkok
334538014,Mass Gainer,WHEYWWL เวย์โปรตีนไอโซเลท ลดไขมัน/เพิ่มกล้ามเนื้อ - ขนาด 1 ปอนด์ รสซูกัส (แถมฟรี! แก้วเชคเกอร์),1000.0,143.0,29.0,Nonthaburi
3904481676,Mass Gainer,MATELL SOY PROTEIN GAINER 2Lb เวย์ ซอย โปรตีน 908 กรัม ถั่วเหลือง เพิ่มน้ำหนัก แถม แก้วเชค สุ่มสี Shaker 500 ml,289.0,1492.0,277.0,Khon Kaen
4140139589,Mass Gainer,biovitt Whey Protein Isolate ไบโอวิต เวย์โปรตีน ไอโซเลท แบบกระปุก  ไม่มีน้ำตาล,1199.0,40.0,8.0,Samut Prakan
4776178773,Mass Gainer,BAAM CREATINE 5000  (300 g.) เพิ่มพละกำลังกล้ามเนื้อ,459.0,5.0,2.0,Roi Et
2717448278,Mass Gainer,ใหม่!(เซ็ตเวย์รสชาไทย) Biovitt Whey Protein Isolate เวย์โปรตีน ไอโซเลท ลีนไขมัน สร้างกล้ามเนื้อ ไร้แป้งไร้น้ำตาล 2 ปอนด์,999.0,526.0,112.0,Bangkok
4533593246,Mass Gainer,(มีตัวเลือกด้านใน) ส่งฟรี Biovitt Whey Protein Thai TEA เวย์โปรตีน รสชาไทย ลดไขมันและน้ำหนักไม่มีน้้ำตาล,999.0,8.0,2.0,Samut Prakan
3474625996,Mass Gainer,[ แท้100% มีรหัสตัวแทน ] มัลติวิตามิน พลัส วิตามินเพิ่มน้ำหนัก - Multivitamin plus สูตรใหม่!! ไม่ง่วงนอน อาหารเสริม เพิ่มน้ำหนัก ไม่ใช่ยา ปลอดภัย100%,650.0,246.0,38.0,Bangkok
4370216078,Mass Gainer,โปร 3ถุง สร้างกล้ามเนื้อ ครีเอทีนMax Creatine 3ถุง X3,981.0,96.0,13.0,Chiang Mai
4724885898,Mass Gainer,✅การันตีของแท้ 💯%✅ ON OPTIMUM BCAA 1000 Caps กรดอะมิโนเสริมสร้างขนาดและมวลกล้ามเนื้อ (ชนิดแบบเม็ด),450.0,,,Nonthaburi
4082218272,Mass Gainer,(พร้อมส่ง กทม. 1 วัน)Biovitt Whey Protein Isolate ไบโอวิต เวย์โปรตีน ไอโซเลท รสชาไทย รสจืด รสช็อค เพิ่มกล้าม โปรตีนสูงสุดถึง 34 กรัม | ปริมาณ 907.2,999.0,210.0,48.0,Samut Prakan
2468693683,Mass Gainer,PROTIMUS เวย์โปรตีน สูตรเสริมมวลกล้ามเนื้อ และน้ำหนักตัว ขนาด 2.2ปอนด์ ( 1กิโลกรัม ) ส่งฟรีทั่วประเทศ,890.0,1711.0,479.0,Samut Sakhon
4739109152,Mass Gainer,วีเวย์ V WHEY BULK เวย์โปรตีน คุณภาพ เพิ่มสร้างมวลกล้ามเนื้อ สำหรับคนผอม คนอยากมีกล้าม ของแแท้ 100% รสช็อคโกแลต โปรตีน 24 G. Health&Beauty77,990.0,21.0,1.0,Bangkok
4790239508,Mass Gainer,Creatine ขนาด 300g. เพิ่มพละกำลัง เพิ่มแรง สร้างกล้ามเนื้อ ของแท้100%,459.0,,,Roi Et
1469398840,Mass Gainer,เจริญอาหาร The Na Multivitamin Plus วิตามินรวม เพิ่มน้ำหนัก 1 กระปุก 45 แคปซูล เบื่ออาหาร น้ำหนักน้อย อยาก อ้วน Multivit มัลติวิต,608.0,120.0,19.0,Chiang Mai
4243063956,Mass Gainer,✅ พร้อมส่ง กทม. 1 วัน ✅ Biovitt Whey Protein Isolate ไบโอวิต เวย์โปรตีน ไอโซเลท รสจืด เพิ่มกล้าม ลีนไขมัน โปรตีนสูงถึง 27 กรัม | ปริมาณ 907.2 g,999.0,15.0,2.0,Samut Prakan
2991952347,Mass Gainer,[แบ่งขาย] Mass เวย์โปรตีนสำหรับคนผอม ต้องการให้ตัวใหญ่ขึ้น หนาขึ้น กล้ามโตขึ้น ขนาด 100g ขึ้นไป,139.0,233.0,47.0,Chiang Mai
3506720651,Mass Gainer,Mutant Mass Muscle Weight Gainer - 5 LB เวย์โปรตีนเพิ่มน้ำหนัก เพิ่มกล้ามเนื้อ,1299.0,359.0,82.0,Chiang Rai
4720149929,Mass Gainer,ALLMAX Beta Alanine (100/400g)  เพิ่มความอดทน เพิ่มความทนทาน เพิ่มกล้าม,1490.0,,,Bangkok
4378480727,Mass Gainer,Skratch Labs Sport Hydration Drink Mix เครื่องดื่มผง 440 g ผลิตเพื่อทดแทนน้ำและแร่ธาตุ,650.0,11.0,3.0,Samut Prakan
4370100461,Mass Gainer,ISOLATE ลีนไขมันเพิ่มกล้ามเนื้อ Protein ISOLATE.X01,630.0,8.0,1.0,Chiang Mai
4720355089,Mass Gainer,Nutrex​ Research HMB 1000 (120แคปซูล) HMB คุณภาพสูง ช่วยสังเคราะห์โปรตีน เพิ่มกล้ามเนื้อ,1290.0,,,Bangkok
4588749560,Mass Gainer,Proflex Whey Protein Concentrate CHOCOLATE 700g โปรเฟล็กซ์ เวย์โปรตีน  รสช็อคโกแลต สูตรคอนเซนเทรต 700 กรัม,1029.0,,,Phitsanulok
381156,Mass Gainer,Optimum Nutrition Amino Energy Grape,899.0,661.0,76.0,Bangkok
4813244577,Mass Gainer,เพิ่มน้ำหนักคลีนิค สูตรเดิม หิวX2 เพิ่มโปรตีน,245.0,,,Nakhon Ratchasima
4809326259,Mass Gainer,SUPER MASS GAINER 12ปอนด์ สร้างกล้ามเนื้อเพิ่มน้ำหนัก,2599.0,,,Khon Kaen
4805974163,Mass Gainer,วิตามินเพิ่มน้ำหนักคลีนิค สูตรเดิม ผู้ใหญ่(อยากอ้วน อยากอวบ มีน้ำมีนวล),245.0,,,Nakhon Ratchasima
4803132827,Mass Gainer,Mass 2600 เวย์โปรตีนเพิ่มน้ำหนัก เพิ่มกล้ามเนื้อ สูตรเพิ่ม 2600 แคลอรี่ ให้สารอาหารครบ,128.0,,,Roi Et
4801500691,Mass Gainer,Mass Soy Protein Gainer 2 lb แมส ซอย โปรตีน 2 ปอนด์ หรือ 908กรัม (Non Wheyเวย์) เพิ่มน้ำหนัก + เพิ่มกล้ามเนื้อ,299.0,,,Roi Et
4801376882,Mass Gainer,แบ่งขาย พร้อมส่ง เวย์โปรตีนเพิ่มน้ำหนัก เวย์โปรตีนเพิ่มกล้ามเนื้อ Mega Mass Pro1350 อัดให้ใหญ่ไม่ใช่ให้อ้วน!!,159.0,,,Bangkok
4800271426,Mass Gainer,Saltstick Electrolyte Caps : แคปซูล อิเลคโทรไลต์ อาหารเสริม ป้องกันตะคริวสำหรับนักวิ่ง นักปั่น และนักกีฬา,1199.0,,1.0,Pathum Thani
4800260479,Mass Gainer,Saltstick Electrolyte Fastchews : เม็ดเคี้ยว เกลือแร่ ป้องกันตะคริวสำหรับนักกีฬา นักวิ่ง นักป้่น,160.0,,,Pathum Thani
4799945941,Mass Gainer,Mass gainer whey protein ( 1Ib 1 ปอนด์ ) เวย์โปรตีนสูตรเพิ่มน้ำหนัก เพิ่มกล้ามเนื้อ,159.0,15.0,3.0,Roi Et
4797639908,Mass Gainer,Sarms Proviron เสริมสร้างฟื้นฟูกล้ามเนื้อให้ ฮอรโมนแข็งแรง,1150.0,,,Chonburi
4794046342,Mass Gainer,เวย์โปรตีนไอโซเลท รสดาร์กช้อกโกแลต 10 ซอง แพคเกจใหม่ (1 กล่อง ),1250.0,,,Phuket
4793847179,Mass Gainer,Mega Mass ขนาด 1Ib เวย์โปรตีนเพิ่มน้ำหนัก เพิ่มกล้ามเนื้อ whey protein,379.0,,1.0,Roi Et
4792716001,Mass Gainer,Whey Protein Isolate เวย์โปรตีน คุณภาพพรีเมี่ยม แพคเกจใหม่ (2 กล่อง บรรจุ 20 ซอง)แท้100%,2490.0,,,Phuket
4791592380,Mass Gainer,แถมฟรีแก้วเชค + ช้อนสกู๊ป Mass whey protein เวย์โปรตีนเพิ่มน้ำหนัก เพิ่มกล้ามเนื้อ,209.0,,,Roi Et
4791173659,Mass Gainer,MEGA MASS PRO WHEY PROTEIN เวย์โปรตีน ผลิตภัณฑ์เสริมอาหาร เพิ่มพลังงาน เพิ่มน้ำหนัก เพิ่มกล้ามเนื้อ ขนาด 12 ปอนด์ (ประมาณ 5.44 กิโลกรัม),2990.0,,,Samut Prakan
4787298119,Mass Gainer,แถมช้อนสกู๊ปฟรี!! Mass gainer ขนาด 1Ib (1ปอนด์ 1 ถุง) เพิ่มน้ำหนัก และเพิ่มกล้ามเนื้อ,99.0,6.0,2.0,Roi Et
4785372094,Mass Gainer,✨New✨ส่งฟรี Amino Plus อะมิโน พลัส  สูตรเพิ่มกล้ามเนื้อ สูตรใหม่,890.0,,,Chonburi
4785253476,Mass Gainer,"[เข้มข้น] TRIBULUS 1,000 mg  โคกกระสุน 60 เม็ด California Gold Nutrition  EXP 07/25",499.0,,,Nonthaburi
4784604846,Mass Gainer,Primeval Labs Creatine 300g,790.0,,,Nakhon Si Thammarat
4784314635,Mass Gainer,Scivation XTEND BCAA - 90 Servings,2150.0,7.0,2.0,Nakhon Si Thammarat
4782556698,Mass Gainer,เวย์โปรตีนเพิ่มน้ำหนัก MEGA MASS 12Ib เพิ่มกล้าม เพิ่มน้ำหนัก,1499.0,,,Roi Et
4782154816,Mass Gainer,NEW- VITAXTRONG MEGA MASS GAINER PRO WHEY PROTEIN 3 LBS เวย์โปรตีนสูตรเพิ่มน้ำหนัก/สร้างกล้ามเนื้อ FITWHEY,2614.0,,,Bangkok
4782097963,Mass Gainer,NEW- // แบ่งขาย // เวย์โปรตีน สูตรเพิ่มน้ำหนัก เพิ่มกล้ามเนื้อ (Mega Mass) - เวย์แบ่งขาย,609.0,,,Bangkok
4781118595,Mass Gainer,"Super Discount Nitric Oxide, L-Arginine รองรับพลังงาน - ปรับปรุงความทนทาน ประสิทธิภาพ ประสิทธิภาพ และมวลกล้ามเนื้อ",310.7,,,Pathum Thani
4780327456,Mass Gainer,เวย์ whey protein Baam  เพิ่มกล้าม แท้100%,1790.0,,,Lamphun
4780193358,Mass Gainer,วิตามินเพิ่มน้ำหนักคุณนาย 15 วัน เวย์โปรตีนเพิ่มน้ำหนัก โปรตีนสูง80%,89.0,8.0,,
4780102283,Mass Gainer,วิตามินคุณนาย 15 วัน เวย์โปรตีนเพิ่มน้ำหนัก,88.0,13.0,2.0,Bangkok
4780039735,Mass Gainer,Clover Plus Meal Whey Protein ISOLATE มีล เวย์ โปรตีน รสชอคโกแลต 30 ซอง (30 กรัม) ฟรีแก้ว Clover Plus 1 ใบ,1470.0,,,Bangkok
4777432345,Mass Gainer,เพิ่มแรง เพิ่มกล้ามเนื้อ ครีเอทีน 100% CREATINE 5000 (ซอง) 300g c5000 กินกับ เวย์ โปรตีน ดีมาก whey protein,520.0,,,Bangkok
4773863989,Mass Gainer,"Muscletech CellTech CREATOR, Creatine HCI + Free-Acid Creatine, Fruit Punch Extreme, 120 servings (269 g)",1190.0,,,Chonburi
4771820910,Mass Gainer,Mass Whey Protein Gainer เวย์โปรตีน Mass Gainer 2lbs.เพิ่มน้ำหนัก เวย์ โปรตีน ไม่มีถั่วเหลือง Non Soy สำหรับผู้ที่อยากเพิ่มน้ำหนักและเพิ่มกล้ามเนื้อ,590.0,,,Bangkok
4771714383,Mass Gainer,อาหารเสริมครีเอทีน โมโนไฮเดรต Sports Creatine Monohydrate 750 mg 120 Veg Capsules - Now Foods,1275.0,,,Chiang Mai
4771506407,Mass Gainer,พี โปรตีน ไอโซเลท (รสธรรมชาติ)  Pea Protein Isolate  โปรตีนถั่วลันเตา Non Whey เวย์ ลดน้ำหนัก โปรตีนพืช Plantbased  อาหารเสริมพีไอโซเลท,464.0,,,Udon Thani
4766482528,Mass Gainer,Mass Whey Protein Gainer เวย์โปรตีน Mass Gainer 2lbs.เพิ่มน้ำหนัก เวย์ โปรตีน ไม่มีถั่วเหลือง Non Soy สำหรับผู้ที่อยากเพิ่มน้ำหนักและเพิ่มกล้ามเนื้อ,590.0,,,Bangkok
4765101171,Mass Gainer,MATELL Mass Whey Protein Gainer 2 lb แมส เวย์ โปรตีน  2 ปอนด์ หรือ 908กรัม (Non Soyซอย) เพิ่มน้ำหนัก + เพิ่มกล้ามเนื้อ,449.0,,,Roi Et
4765075794,Mass Gainer,เวย์โปรตีนจากพืช 2ถุง (รสโกโก้1ถุง และรสกาแฟ1ถุง) Soy Protein โปรตีนจากถั่วเหลือง Plant Protein  ลดไขมัน เพิ่มกล้ามเนื้อ,2550.0,,,Bangkok
4763451013,Mass Gainer,MATELL Plant-Based Protein Isolate แพลนต์เบสด์ ไอโซเลท โปรตีนพืช 7 ชนิด Non Whey เวย์ ลดน้ำหนัก เพิ่มกล้ามเนื้อ 908g,589.0,,,Bangkok
4140139589,Mass Gainer,biovitt Whey Protein Isolate ไบโอวิต เวย์โปรตีน ไอโซเลท แบบกระปุก  ไม่มีน้ำตาล,1099.0,40.0,8.0,Samut Prakan
3474625996,Mass Gainer,[ แท้100% มีรหัสตัวแทน ] มัลติวิตามิน พลัส วิตามินเพิ่มน้ำหนัก - Multivitamin plus สูตรใหม่!! ไม่ง่วงนอน อาหารเสริม เพิ่มน้ำหนัก ไม่ใช่ยา ปลอดภัย100%,1200.0,246.0,38.0,Bangkok
4739109152,Mass Gainer,วีเวย์ V WHEY BULK เวย์โปรตีน คุณภาพ เพิ่มสร้างมวลกล้ามเนื้อ สำหรับคนผอม คนอยากมีกล้าม ของแแท้ 100% รสช็อคโกแลต โปรตีน 24 G. Health&Beauty77,890.0,21.0,1.0,Bangkok
4330302072,Mass Gainer,biovitt whey protein ไบโอวิต เวย์โปรตีน ไอโซเลท สูตรลีนไขมัน เสริมมวลกล้ามเนื้อ กระปุกใหญ่ขนาด 2 ปอนด์ (902.7 กรัม),999.0,212.0,54.0,Samut Prakan
2298142229,Mass Gainer,[ แท้100% มีรหัสตัวแทน ] มัลติวิตามินพลัส วิตามินเพิ่มน้ำหนัก (1 ซอง) ขนาดทดลอง 7 วัน - Multivitamin plus สูตรใหม่! ไม่ง่วงนอน อาหารเสริม เพิ่มน้ำหนัก,290.0,32.0,4.0,Bangkok
4812302137,Pre-Workout,Cellucor C4 Original 60 Servings - Sour Batch Bros (Pre-Workout) กรดอมิโนเพิ่มแรงในการออกกำลังกาย,2599.0,,,Bangkok
4812162946,Pre-Workout,Scivation Xtend BCAA + Electrolytes - Air Heads 30 Servings กรดอะมิโนป้องกันกล้ามเนื้อสลายตัว,1699.0,,,Bangkok
4811988028,Pre-Workout,BSN Amino X Muscle Recovery & Endurance Powder 30 Servings กรดอะมิโน กระตุ้นการสังเคราะห์โปรตีนเพื่อสร้างกล้ามเนื้อ,1290.0,,,Khon Kaen
4811944033,Pre-Workout,MUTANT MADNESS ALL-IN Pre-Workout 34 Serving เพิ่มแรง เพิ่มพลัง ตัวแรง ก่อนออกกำลังกาย ครบจบในกระปุกเดียว,1350.0,,,Khon Kaen
4811781646,Pre-Workout,PVL Creatine X8 Creatine + Amino Acid Supplement - 249 g 30 Serving สุดยอด เพิ่มแรง เพิ่มพลัง สร้างกล้าม + กรดอะมิโน,720.0,,,Khon Kaen
4811606777,Pre-Workout,MUTANT MADNESS Pre-Workout 30 Serving เพิ่มแรง เพิ่มพลัง ก่อนออกกำลังกาย,990.0,,,Khon Kaen
4810991800,Pre-Workout,เข้าใหม่พร้อมส่งทุกรส(ซื้อ​ 5​ แถม​ 1​)​ Bolt Energy Gel เจลให้พลังงานโบลท์,75.0,,,Nakhon Nayok
4810964850,Pre-Workout,เข้าใหม่JETdro Energy Gel 40 ml (ซื้อ 5 แถมฟรี 1 ซอง) เจลให้พลังงาน ให้พลังงานสูงถึง 130 KCal  กินง่าย ดูดซึมเร็ว,80.0,,,Nakhon Nayok
4810743456,Pre-Workout,เข้าใหม่ GU Roctane Energy Gel เจลให้พลังงาน หมดอายุ2/2024,135.0,,,Nakhon Nayok
4809997541,Pre-Workout,5ฟรี1 ทุกรสคละได้ Active Peak Energy Gel เจล ให้พลังงาน 120 แคล,79.0,,,Nakhon Nayok
4809986550,Pre-Workout,เข้าใหม่!!CrampFix 20ml แคมฟริกเครื่องดื่มสำหรับตัวช่วยคลายตะคริว แบบซอง,130.0,,,Nakhon Nayok
4809850454,Pre-Workout,"(ของแท้ พร้อมส่ง) Primaforce, Creatine-X, Unflavored, 250 g",1190.0,,,Samut Prakan
4787400694,Pre-Workout,"JNX THE CURSE! NON-STIM PUMPS , CAFFEINE FREE  Pre-Workout 20 Servings เพิ่มแรง เพิ่มพลัง ก่อนออกกำลังกาย ปราศจากคาเฟอีน",1299.0,,,Chiang Rai
4786858244,Pre-Workout,Six Star Explosion Ripped Pre Workout​ Watermelon(30serving​s)​,1359.0,,,Bangkok
4784022638,Pre-Workout,"Creatine, EVLution Nutrition, Unflavored, 10.58 oz (300 g), Creatine Monohydrate",849.0,,,Chonburi
4780133951,Pre-Workout,"Evlutionnutrition Agmatine750, 100serving",880.0,,,Bangkok
4772573289,Pre-Workout,บียอนด์ เอ็ม-เอ็กซ์ เอ็มพลัส931 (บรรจุ 1 กล่อง มี 15 ซอง),1800.0,,,Bangkok
4771708193,Pre-Workout,🔥อันดับ1🔥Soy Protein ซอยโปรตีน ฟิตต์ เฟิร์ม  ลดไขมัน เพิ่มกล้ามเนื้อ ผสม คอลาเจน เมล็ดองุ่น มะเขือเทศ 60 แคปซูล,776.0,,,Samut Prakan
4760712694,Pre-Workout,Fitness Labs Nitric Oxide Boost with L Arginine and L Citrulline 120 Capsules,1719.0,,,Pathum Thani
4760256047,Pre-Workout,"สุดยอดอาหารเสริม T-Booster Supreme, 11 สมุนไพรเข้มข้นเทียบเท่า 14,000mg ของผง, Tribulus Terrestris, โสมรากและอื่น ๆ - 60 แคปซูล - อุปทานเดือน 1 [ สินค้านำเข้าต่างประเทศ ]   ( ระวังของปลอม ) ราคา ถูก /  ส่ง",398.71,,,Bangkok
4760139721,Pre-Workout,อาหารเสริม Nitric Oxide Booster พร้อม L-Citrulline และ Beta Alanine - 60 แคปซูล [ สินค้านำเข้าต่างประเทศ ]   ( ระวังของปลอม ) ราคา ถูก /  ส่ง,386.29,,,Bangkok
4760098609,Pre-Workout,L-Arginine Capsules - อาหารเสริมก่อนออกกำลังกาย Havasu Nutrition 120 Capsules [ สินค้านำเข้าต่างประเทศ ]   ( ระวังของปลอม ) ราคา ถูก /  ส่ง,362.94,,,Bangkok
4758297127,Pre-Workout,"สุดยอดอาหารเสริม T-Booster Supreme, 11 สมุนไพรเข้มข้นเทียบเท่า 14,000mg ของผง, Tribulus Terrestris, โสมรากและอื่น ๆ - 60 แคปซูล - อุปทานเดือน 1 [ ของแท้!!! สินค้านำเข้า ] ( ระวังของปลอม!! ) ราคา ถูก / ส่ง",385.39,,,Bangkok
4758260116,Pre-Workout,L-Arginine Capsules - อาหารเสริมก่อนออกกำลังกาย Havasu Nutrition 120 Capsules,343.19,,,Bangkok
4758257155,Pre-Workout,อาหารเสริมไนตริกออกไซด์เพื่อความแข็งแรงเป็นพิเศษ L Arginine 1300mg - Malate citrulline - 60 แคปซูล,644.11,,,Bangkok
4758232170,Pre-Workout,"การสนับสนุนการทดสอบสมุนไพร 13000 มก. 12 ใน 1 Horny Goat Weed, Zn วิตามิน D, โสม, Tribulus Terrestris, Ashwagandha, Tongkat Ali Energy Booster, การสนับสนุนหน่วยความจำ - 60 แคปซูล [ ของแท้!!! สินค้านำเข้า ] ( ระวังของปลอม!! ) ราคา ถูก / ส่ง",362.57,,,Bangkok
4758146516,Pre-Workout,อาหารเสริม Nitric Oxide Booster พร้อม L-Citrulline และ Beta Alanine - 60 แคปซูล [ ของแท้!!! สินค้านำเข้า ] ( ระวังของปลอม!! ) ราคา ถูก / ส่ง,428.33,,,Bangkok
4758127590,Pre-Workout,"การสนับสนุนการทดสอบสมุนไพร 13000 มก. 12 ใน 1 Horny Goat Weed, Zn วิตามิน D, โสม, Tribulus Terrestris, Ashwagandha, Tongkat Ali Energy Booster, การสนับสนุนหน่วยความจำ - 60 แคปซูล [ ของแท้!!! สินค้านำเข้า ] ( ระวังของปลอม!! ) ราคา ถูก / ส่ง",397.57,,,Bangkok
4758114833,Pre-Workout,อาหารเสริม Nitric Oxide Booster พร้อม L-Citrulline และ Beta Alanine - 60 แคปซูล [ ของแท้!!! นำเข้าจากต่างประเทศ ] ( ระวังของปลอม!! ) ราคา ถูก / ส่ง,386.29,,,Bangkok
4753104280,Pre-Workout,PVL Gold Series L-Citrulline Malate 2:1 Pre-Workout 360 g (180 Serving) เพิ่มแรง เพิ่มการทำงานของหลอดเลือดและการไหลเวียนของเลือด เพิ่มไนตริกออกไซด์และปั๊มกล้ามเนื้อ,1190.0,,,Chiang Rai
4752821139,Pre-Workout,PVL DOMIN 8 Sport Pre-Workout 225 g (30 Serving) สุดยอด เพิ่มแรง เพิ่มพลัง ก่อนออกกำลังกาย,790.0,12.0,2.0,Chiang Rai
4752591346,Pre-Workout,PVL Creatine X8  Creatine + Amino Acid Supplement - 249 g  30 Serving สุดยอด เพิ่มแรง เพิ่มพลัง ก่อนออกกำลังกาย + กรดอะมิโน ช่วยในการฟื้นฟูและสร้างกล้ามเนื้อ,790.0,8.0,1.0,Chiang Rai
4750645107,Pre-Workout,Cellucor NO3 Chrome (90 Capsules) Nitric Oxide Supplements with Arginine Nitrate for Muscle Pump & Blood Flow preworkout Stimulant free pre workout,1390.0,,,Chumphon
4741987372,Pre-Workout,"(ใหม่พร้อมส่ง) Cellucor, C4 Sport, Pre-Workout 30 Servings",1190.0,,,Samut Prakan
4740754070,Pre-Workout,SEATTLE GUMMY - POWER UP - เยลลี่ให้พลังงาน BB : 03/25,140.0,,,Pathum Thani
4740726269,Pre-Workout,SEATTLE GUMMY - HYDRAFUEL - เยลลี่ให้พลังงาน BB : 03/25,140.0,,,Pathum Thani
4740651545,Pre-Workout,SEATTLE GUMMY - MOCCA SHOTS - เยลลี่ให้พลังงาน BB : 09 - 12/24,140.0,,,Pathum Thani
4730935512,Pre-Workout,[ ของแท้!!! สินค้านำเข้า ] ความเข้มพิเศษ L Arginine - 1200 มก. ส่งเสริมการเจริญเติบโตของกล้ามเนื้อหลอดเลือดและพลังงาน - มี L-citrulline และกรดอะมิโนที่จำเป็นสำหรับการฝึกอบรมอีกต่อไป ( ระวังของปลอม!! ) ราคา ถูก / ส่ง,353.35,,,Bangkok
4730922531,Pre-Workout,[ ของแท้!!! สินค้านำเข้า ] ดร. เอมิลอาร์จินีบวก-L อาร์จินี + L citrulline - 2500mg 120 แคปซูล ( ระวังของปลอม!! ) ราคา ถูก / ส่ง,368.56,,,Bangkok
4730834514,Pre-Workout,[ ของแท้!!! สินค้านำเข้า ] ความเข้มพิเศษ L Arginine - 1200 มก. ส่งเสริมการเจริญเติบโตของกล้ามเนื้อหลอดเลือดและพลังงาน - มี L-citrulline และกรดอะมิโนที่จำเป็นสำหรับการฝึกอบรมอีกต่อไป ( ระวังของปลอม!! ) ราคา ถูก / ส่ง,353.35,,,Bangkok
3995376698,Pre-Workout,"ผลิตภัณฑ์เสริมอาหาร ครีเอทีน โมโนไฮเดรต Creatine Monohydrate 100% (ตราวิษามิน) ปริมาณ 1,110  mg./แคปซูล ขนาด 1 กระปุก บรรจุ 30 แคปซูล",195.0,1577.0,233.0,Bangkok
4179281810,Pre-Workout,SASHII Z NERGY MICROGEL ซีเนอร์จี้ ไมโครเจล อาหารเสริมออกกำลังกาย อาหารเสริมก่อนออกกำลังกาย อาหารเสริมการออกกำลังกาย 15 ซอง 2 กล่อง,900.0,29.0,8.0,Bangkok
3995294708,Pre-Workout,"ผลิตภัณฑ์เสริมอาหาร แอล-กลูตามีน (L-Glutamine 100%) ปริมาณ 1,110 mg./แคปซูล (ตราวิษามิน) ขนาด 1 กระปุก บรรจุ 30 แคปซูล",195.0,284.0,51.0,Bangkok
3995363979,Pre-Workout,"ผลิตภัณฑ์เสริมอาหาร BCAA (บีซีเอเอ) 1,110 มิลลิกรัม/แคปซูล กรดอะมิโนสายโซ่กิ่ง สำหรับผู้ออกกำลังกาย (ตราวิษามิน) ขนาด 1 ขวด บรรจุ 30 แคปซูล",198.0,973.0,217.0,Bangkok
3994017797,Pre-Workout,"ผลิตภัณฑ์เสริมอาหาร BCAA (บีซีเอเอ) กรดอะมิโนสายโซ่กิ่ง 1,110 มิลลิกรัม/แคปซูล สำหรับผู้ออกกำลังกาย (ตราวิษามิน) ขนาด 1 ขวด บรรจุ 30 แคปซูล",198.0,111.0,18.0,Bangkok
4345025779,Pre-Workout,"(ของแท้ พร้อมส่ง) Primaforce, Beta-Alanine, Unflavored, 7 oz (200 g)",1190.0,49.0,3.0,Samut Prakan
4449242648,Pre-Workout,"ของแท้!!! อาหารเสริม HGH สำหรับผู้ชายและผู้หญิง, REVSCI กล้ามเนื้อเพิ่มฮอร์โมนการเจริญเติบโตของมนุษย์, 60/120 แคปซูล ราคาถูก / ส่ง",360.34,,,Bangkok
4369937,Pre-Workout,DEVER energy gel (vital source of energy) ดีเวอร์ เจลให้พลังงาน เจลพลังงาน เจลวิ่ง เนื้อเยลลี่ สำหรับนักกีฬา นักวิ่ง นักปั่น ว่ายน้ำ &gt; 100 ML องุ่น 6 ซอง,560.0,254.0,61.0,Bangkok
2275091702,Pre-Workout,"Muscletech, Essential Series, Platinum 100% Caffeine, 220 mg, 125 Tablets ก่อนออกกำลังกาย, ออกกำลังกาย",419.0,397.0,62.0,Nonthaburi
330994623,Pre-Workout,DEVER energy gel (vital source of energy) ดีเวอร์ เจลให้พลังงาน เจลพลังงาน เจลเพิ่มพลังงาน เกลือแร่ สำหรับนักกีฬา นักวิ่ง ออกกำลังกาย &gt; 40 ML มะนาว 6 ซอง,480.0,762.0,157.0,Bangkok
1611650013,Pre-Workout,(ซื้อ 5 แถม 1) Dever Energy Gel (ดีเวอร์เจล) 40ml ให้เจลพลังงาน 120kcal ซองขนาดเล็กพกพาสะดวก (Z1),60.0,1939.0,86.0,Bangkok
934260082,Pre-Workout,PVL 100% Pure Creatine ขนาด 300 g. ครีเอทีน แบบผง เพิ่มแรง เพิ่มพลัง,972.0,101.0,18.0,Bangkok
734690742,Pre-Workout,Optimum Nutrition Creatine เพิ่มกล้ามเนื้อ เพิ่มพลัง (600 กรัม เป็นฝาสีขาว),1100.0,4267.0,522.0,Bangkok
3454283684,Pre-Workout,"Royal-D Energy Gel รอแยล-ดี เอนเนอจี้ เจล รสส้ม, องุ่น, โกโก้, กาแฟ 40 กรัม บรรจุ 10 ซอง [1 กล่อง] เจลให้พลังงาน สำหรับนักกีฬา",330.0,49.0,4.0,Bangkok
2874579744,Pre-Workout,DEVER ENERGY GEL 100 ML เจลเพิ่มพลังงาน  (Z2),80.0,2785.0,131.0,Bangkok
4391294776,Pre-Workout,SALTPRO (ซอลท์ โปร) เกลือแร่แคปซูลป้องกันตะคริว สำหรับวิ่ง ออกกำลังกาย (Z10),100.0,133.0,15.0,Bangkok
1883812440,Pre-Workout,[Exp2025 ] Six Star Elite Series Testosterone Booster 60 Caplets เทสโทสเทอโรน,699.0,456.0,66.0,Nonthaburi
4065821023,Pre-Workout,"Royal-D Energy Gel รอแยล-ดี เอนเนอจี้ เจล รสส้ม, องุ่น, โกโก้, กาแฟ 40 กรัม บรรจุ 10 ซอง [1 กล่อง] เจลให้พลังงาน สำหรับนักกีฬา",363.0,19.0,1.0,Bangkok
265233364,Pre-Workout,"คาเฟอีน High Caffeine 200 mg + Calcium 75 mg, Extra Strength 100 Tablets (Natrol®) Energy Support",679.0,37.0,6.0,Chiang Mai
4528487635,Pre-Workout,ครีเอทีนแบ่งขาย ของแท้100% 100% CREATINE 5000 เวย์โปรตีนแบ่งขาย,109.0,226.0,45.0,Nakhon Si Thammarat
4336181919,Pre-Workout,"(ของแท้ พร้อมส่ง) Muscletech, Platinum 100% Caffeine, 220 mg, 125 Tablets",399.0,62.0,5.0,Samut Prakan
3774877557,Pre-Workout,CELLUCOR C4 ORIGINAL Pre-Workout 60 Serving เพิ่มแรง เพิ่มพลัง ก่อนออกกำลังกาย,1690.0,224.0,31.0,Chiang Rai
2013740212,Pre-Workout,C4 Original Pre-workout 30Servings อาหารเสริมก่อนออกกำลังกาย,1379.0,778.0,81.0,Bangkok
4369956,Pre-Workout,DEVER energy gel (vital source of energy) ดีเวอร์ เจลให้พลังงาน เจลพลังงาน เจลเพิ่มพลังงาน เกลือแร่ สำหรับนักกีฬา นักวิ่ง ออกกำลังกาย &gt; 40 ML ส้ม 12 ซอง,790.0,1930.0,302.0,Bangkok
2452707053,Pre-Workout,[Exp05/2024] คาเฟอีนชนิดเม็ด ALLMAX Nutrition Caffeine 200 mg (100เม็ด),399.0,34.0,4.0,Nonthaburi
4369955,Pre-Workout,DEVER energy gel (vital source of energy) ดีเวอร์ เจลให้พลังงาน เจลพลังงาน เจลวิ่ง เนื้อเยลลี่ สำหรับนักกีฬา นักวิ่ง นักปั่น ว่ายน้ำ &gt; 100 ML ผลไม้รวม 24 ซอง,2040.0,95.0,6.0,Bangkok
4369940,Pre-Workout,DEVER ดีเวอร์ (vital energy) เครื่องดื่มเยลลี่ให้พลังงาน เกลือแร่ เจลพลังงาน สำหรับนักวิ่ง นักปั่น นักกีฬา ออกกำลังกาย energy gel &gt; 100 ML ผลไม้รวม 6 ซอง,560.0,1115.0,157.0,Bangkok
4188489800,Pre-Workout,❤️PrimaForce Yohimbine HCl 2.5mg 90​ capsules.,889.0,,,Bangkok
4507955843,Pre-Workout,SaltStick Fastchews 60 ct - อิเล็กโทรไลต์ชนิดเม็ดแบบเคี้ยว 60 เม็ด best by 2024-2025,850.0,8.0,3.0,Pathum Thani
305484773,Pre-Workout,"คาเฟอีน Caffeine 200mg + Calcium 75mg Metabolism & Performance, Essentials 100 Tablets (GAT)",668.0,51.0,15.0,Chiang Mai
4179291672,Pre-Workout,SASHII Z NERGY MICROGEL ซีเนอร์จี้ ไมโครเจล อาหารเสริมออกกำลังกาย อาหารเสริมก่อนออกกำลังกาย อาหารเสริมการออกกำลังกาย 15 ซอง 1 กล่อง,499.0,21.0,3.0,Bangkok
721102081,Pre-Workout,"ซื้อ4 แถมอีก1 ,ซื้อ12 แถมอีก4 DEVER ENERGY GEL ดีเวอร์ เจล ขนาด 40ml. ให้พลังงาน 120 kcal.",60.0,1082.0,31.0,Nong Khai
330726217,Pre-Workout,DEVER vital energy gel เจลวิ่ง เจลนักวิ่ง นักปั่น นักกีฬา เนื้อเยลลี่ เจลให้พลังงานพร้อมทาน สารอาหารสำหรับนักกีฬา เกลือแร่ &gt; 100 ML มะนาว 6 ซอง,560.0,163.0,45.0,Bangkok
1843334422,Pre-Workout,[Exp2025] Six Star Elite Series Testosterone Booster 60 Caplets แพคเกจใหม่,660.0,49.0,7.0,Nonthaburi
4449771576,Pre-Workout,Swiss Energy L-Carnitine เม็ดฟู่แอลคาร์นิทีน 20 เม็ด,475.0,,,Bangkok
289486009,Pre-Workout,"[ คาเฟอีน + แคลเซียม ] Natrol , High Caffeine (200 mg) x 100 เม็ด (Tablets)",649.0,124.0,13.0,Bangkok
3994001678,Pre-Workout,"ผลิตภัณฑ์เสริมอาหาร ครีเอทีน โมโนไฮเดรต Creatine Monohydrate (ตราวิษามิน) 100% ปริมาณ 1,110  mg./แคปซูล ขนาด 1 กระปุก บรรจุ 30 แคปซูล",195.0,80.0,10.0,Bangkok
4382224204,Pre-Workout,"(ของแท้ พร้อมส่ง) ALLMAX Nutrition, Citrulline Malate, Unflavored, (300 g)",1290.0,38.0,7.0,Samut Prakan
2940487752,Pre-Workout,RSP Nutrition QUADRA​LEAN​ THERMO(90capsules),899.0,5.0,,Bangkok
4810913942,Pre-Workout,แคปซูลเกลือแร่ Salt Pro (ซอลท์ โปร) แผง 6 แคปซูล,100.0,,,Nakhon Nayok
4810004394,Pre-Workout,สินค้าเข้าใหม่! GU Energy Gel เจลให้พลังงานที่ดีทีสุด,85.0,,,Nakhon Nayok
4780171624,Pre-Workout,"Ronnie Coleman Signature Series Pre XS (Green Apple) (30 Servings) RC Pre Workout Powder for Women and Men for Extreme Energy and Focus Supplement with Beta-Alanine, preworkout",1150.0,,,Chumphon
4758123530,Pre-Workout,L-Arginine Capsules - อาหารเสริมก่อนออกกำลังกาย Havasu Nutrition 120 Capsules [ ของแท้!!! สินค้านำเข้า ] ( ระวังของปลอม!! ) ราคา ถูก / ส่ง,376.91,,,Bangkok
4741082652,Pre-Workout,PRIMEVAL LABS L-CARNITINE MAX3000(30servings),1299.0,,,Bangkok
3774877557,Pre-Workout,CELLUCOR C4 ORIGINAL Pre-Workout 60 Serving เพิ่มแรง เพิ่มพลัง ก่อนออกกำลังกาย,1990.0,224.0,31.0,Chiang Rai
2013740212,Pre-Workout,C4 Original Pre-workout 30Servings อาหารเสริมก่อนออกกำลังกาย,1499.0,778.0,81.0,Bangkok
4338236752,Pre-Workout,Nuun Hydration Electrolyte Sport  + Caffeine: เม็ดฟู่เกลือแร่แบบเม็ดผสมน้ำ,150.0,74.0,2.0,Chonburi
4337125562,Pre-Workout,"(ของแท้ พร้อมส่ง) Muscletech, Essential Series, Platinum 100% Glutamine 5 g, Unflavored 300 g",799.0,47.0,4.0,Samut Prakan
293544943,Pre-Workout,"ALLMAX Nutrition, Caffeine , 200 mg, 100 Tablets, (100 เม็ด.)",390.0,892.0,133.0,Nonthaburi
4396404294,Pre-Workout,"(พร้อมส่ง!) MuscleTech, Platinum 100% Caffeine, 220 mg, 125 เม็ด",399.0,,1.0,Samut Prakan
4263019192,Pre-Workout,Dr. Emil's ARGININE Plus - L-Arginine + L-Citrulline - ปริมาณสูง 2500 มก. ไม่มีตัวเสริม (Arginine AAKG & Citrulline Malate 2:1),239.0,294.0,75.0,Samut Sakhon
4040880721,Pre-Workout,📣Muscletech​ Sixstar pre-workout​ Explosion​ ripped 30 servings08/23(เพิ่มแรงในการออกกำลังกาย)​,899.0,,,Bangkok
4369945,Pre-Workout,DEVER vital energy gel เจลวิ่ง เจลนักวิ่ง นักปั่น นักกีฬา เนื้อเยลลี่ เจลให้พลังงานพร้อมทาน สารอาหารสำหรับนักกีฬา เกลือแร่ &gt; 100 ML ผลไม้รวม 12 ซอง,1070.0,233.0,40.0,Bangkok
2133126041,Pre-Workout,ALLMAX Nutrition Caffeine 200 mg  100 Tablets,300.0,70.0,5.0,Phuket
4812321231,Pre-Workout,กรดอมิโนเพิ่มแรง + ลดไขมัน Cellucor C4 Ripped 30 Servings - Raspberry Lemonade,1699.0,,,Bangkok
4793730382,Pre-Workout,Nutrex Research Ultra Pure Creatine Monohydrate Powder - 300 g | 60 Servings สุดยอด เพิ่มแรง เพิ่มพลัง ก่อนออกกำลังกาย เสริมสร้างกล้ามเนื้อ,1090.0,,,Chiang Rai
3321618074,Pre-Workout,ส่งฟรี Swiss Energy L-Carnitine (4 หลอด แถมฟรีแอลคาร์นิทีน 1 หลอด +ของแถมพรีเมี่ยม) วิตามินเม็ดฟู่ แอลคาร์นิทีน 500mg,1866.0,,,Bangkok
616542012,Pre-Workout,บีซีเอเอ BCAA Essentials 750mg 240 Capsules (MusclePharm®),1598.0,7.0,1.0,Chiang Mai
2496464389,Pre-Workout,คาเฟอีน อัดเม็ด 100% Pure Caffeine 200 mg Plus green tea 100 Tablets (PipingRock®) Piping Rock,558.0,34.0,5.0,Chiang Mai
4810713415,Fat Blockers & Burners,Asahi SUS CP1563 Slim Lactic Acid Bacteria Burn Fat Shake 250g 2ชนิด / Tablet 20วัน slim up slim,949.0,,,Chonburi
4804433272,Fat Blockers & Burners,🎁มีของแถม! แท้! ส่งฟรี! สูตรใหม่ ชาน่าเอส Shana S Apple คุมหิว อิ่มนาน การเผาผลาญไขมัน 30แคปซูล,260.0,,,Samut Prakan
4800922940,Fat Blockers & Burners,ดาร์เลเน่ ชาเน่ SS แคปซูล DARLENE Chane SS ชาลดไขมัน เร่งระบบเผาผลาญ ลดหุ่น ลดแขนใหญ่ ขาใหญ่ ชุดทดลอง 1 แผง 10 วัน,290.0,,1.0,Ubon Ratchathani
4795213747,Fat Blockers & Burners,EverSlim Diet เม็ดฟู่บล๊อคไขมัน สุดฮิตจากเกาหลี 1หลอด มี 18เม็ด,95.0,,,Trat
4794213516,Fat Blockers & Burners,ออนฟลีค อาหารเสริมช่วยการเผาผลาญไขมัน บล็อคแป้ง เร่งเผาผลาญ,699.0,,1.0,Bangkok
4793416974,Fat Blockers & Burners,Slim plus Dtox (6แถม1) ดีท๊อกสลายไขมัน บรรจุ20เม็ด,25.0,,2.0,Nakhon Si Thammarat
4792971448,Fat Blockers & Burners,Yanhee Ultimate L-Carnitine [ ซื้อ1แถมฟรี1 ] ยันฮี อัลติเมท แอลคานิทีน จากยันฮี,1090.0,,,Chiang Mai
4792903884,Fat Blockers & Burners,Yanhee Ultimate L-Carnitine [ ซื้อ4แถมฟรี4 ] ยันฮี อัลติเมท แอลคานิทีน จากยันฮี,3690.0,,,Chiang Mai
4792589455,Fat Blockers & Burners,ส่งฟรี | 1แถม1 มาดามโฉมใหม่ ยูเน่เอส UneS มาดามกล่องแดง Madam Double S+,350.0,,,Samut Prakan
4792264839,Fat Blockers & Burners,ผลิตภัณฑ์เสริมอาหาร บล็อค โฟร์ สลิม   สารสกัดจากถั่วขาว ชนิด แคปซูล Giffarine Block 4 slimm ขนาด 60 แคปซูล,585.0,,,Bangkok
4791576107,Fat Blockers & Burners,✅พร้อมส่ง ของแท้ ถูกที่สุด DHC New Slim วิตามินญี่ปุ่น ลดแป้ง เผาผลาญ,409.0,,,Bangkok
4790978608,Fat Blockers & Burners,DELLA S เดลล่าเอส เดลล่า เอส ยาลดซ้อฝัน 1 กล่องบรรจุ 10 แคปซูล อาหารเสริมลดความอยากอาหาร,79.0,,,Pathum Thani
4789351389,Fat Blockers & Burners,FANCL Calorie Limit Special Adult 30 Days,1100.0,,,Kalasin
4789308305,Fat Blockers & Burners,ผงมะพร้าว วิงค์ไวท์ MCT WINKWHITE,60.0,,1.0,Samut Prakan
4786893340,Fat Blockers & Burners,🎌 DHC Diet Power ลดน้ำหนัก เผาผลาญ สลายไขมัน คาร์โบไฮเดรต ของแท้จากญี่ปุ่น ダイエットパワー,449.0,,1.0,Bangkok
4786273825,Fat Blockers & Burners,ลาเซีย ซีโร่ DW LACEA ZIRO ผลิตภัณฑ์ เสริมอาหาร 1 กล่อง มี 10 แคปซูล,1200.0,,,Pathum Thani
4785356770,Fat Blockers & Burners,ลาเซีย ซีโร่ DW LACEA ZIRO ผลิตภัณฑ์ เสริมอาหาร 1 กล่อง มี 10 แคปซูล,1200.0,,,Pathum Thani
4785307996,Fat Blockers & Burners,SET 4 ซอง พริ้วอาร์เอ็ม สูตรใหม่พิเศษจาก MAYA RM ของแท้ 100% ทานได้ 2 เดือน,1100.0,,,Pathum Thani
4784912020,Fat Blockers & Burners,ROOM COFFEE 2 ห่อ / 1ห่อ 10 ซอง ( รูม คอฟฟี่ ) กาแฟ เพื่อคนรักสุขภาพ กาแฟ เพื่อคนรักสุขภาพ คอเลสเตอรอล 0% กาแฟสุขภาพ กาแฟลดหุ่น กาแฟหุ่นสวย,299.0,,,Phetchaburi
4784724496,Fat Blockers & Burners,โซนิ เอ็นคิว  (ของแท้),290.0,,,Ratchaburi
4784181430,Fat Blockers & Burners,SET ลดไว S3 SYN2 NATACHA ผลิตภัณฑ์อาหารเสริม,1788.0,,,Nakhon Si Thammarat
4784181316,Fat Blockers & Burners,SET เปิดใจ S2 SYN1 NATACHA ผลิตภัณฑ์อาหารเสริม,1188.0,,1.0,Nakhon Si Thammarat
4783436826,Fat Blockers & Burners,เดลล่า เอส พลัส Della S Plus เดลล่าดีท็อกซ์ แบรนด์ซ้อฝัน ยาลดซ้อฝัน ลดน้ำหนัก 1 กล่อง 10 แคปซูล,117.0,,,Bangkok
4782818254,Fat Blockers & Burners,Maxxlife Siluet Peptide 30 capsules ควบคุมน้ำหนัก บล็อกไขมัน,359.0,,,Nonthaburi
4782620027,Fat Blockers & Burners,ผลิตภัณฑ์อาหารเสริมToma+Garcinia กู้ร่างพัง,1300.0,,,Pathum Thani
4782465270,Fat Blockers & Burners,Life Extension Super CLA Blend with Sesame Lignans / 120 Softgels,995.0,,,Nakhon Pathom
4780579587,Fat Blockers & Burners,1 แถม 1 ยูเน่เอส มาดามดับเบิ้ลเอสพลัส 1 กล่อง มี 10 แคปซูล มีเก็บเงินปลายทาง,1250.0,,,Phra Nakhon Si Ayutthaya
4780448619,Fat Blockers & Burners,ELLY Coffee with Collagen เอลลี่ กาแฟ ผสม คอลลาเจน คุมหิว ผิวปิ๊ง หุ่นเป๊ะ,290.0,,,Samut Prakan
4780424401,Fat Blockers & Burners,(พร้อมส่ง) Sex it up 1 กล่อง 10 แคปซูล By AllGooddd,278.4,,,Khon Kaen
4780370730,Fat Blockers & Burners,(พร้อมส่ง) CHALIEW YIZA triphala ผลิตภัณฑ์เสริมอาหารชนิดเม็ด 1 ซอง บรรจุ 3 เม็ด By AllGooddd,44.8,,,Khon Kaen
4780113095,Fat Blockers & Burners,Une S ยูเน่ เอส ผลิตภัณฑ์เสริมอาหารเพื่อลดน้ำหนัก 10 แคปซูล (1 กล่อง),199.0,,,Pathum Thani
4779844346,Fat Blockers & Burners,kenki KIRORI คิโรริ อาหารเสริมสารสกัดเห็ดแชมปิญอง ดักไขมัน กระปุกละ 30 แคปซูล,1490.0,12.0,4.0,Bangkok
4779816241,Fat Blockers & Burners,Clover Plus BSL + Chitosan 500 mg.แพ็คคู่  (30 แคปซูล/กระปุก),355.0,,1.0,Bangkok
4779665490,Fat Blockers & Burners,Yanhee Callyn Plus [ 1 กล่อง 10 เม็ด ] คอลลิน พลัส ผลิตภัณฑ์จากยันฮี  คุมหิว อิ่มนาน บล็อกแป้ง บล๊อกไขมัน,390.0,,1.0,Pathum Thani
4777937461,Fat Blockers & Burners,แพคเกจใหม่ ยูเน่เอส Une S มาดามกล่องแดง มาดามดับเบิ้ลเอส,145.0,11.0,1.0,Bangkok
4776912361,Fat Blockers & Burners,Well u S-balance Advance [ 2 กล่อง ]ผลิตภัณฑ์เสริมอาหาร กระตุ้นการเผาผลาญ ควบคุมน้ำหนัก ด้วยสารสกัดจากมะระขี้นก,1169.0,,,Pathum Thani
4776879982,Fat Blockers & Burners,Une S ยูเน่เอส มาดามกล่องแดง โฉมใหม่ อาหารเสริม [10 แคปซูล/กล่อง] [1 กล่อง],175.0,,,Pathum Thani
4775648948,Fat Blockers & Burners,Ozy โอซี่แท้✅ 2 แถม 6💕Ozy โอซี่ Ozyหนิง Ozyส่งฟรี โอซีคุณหนิง โอซีพี่หนิง โอซีของแท้ Ozyอาหารเสริม พร้อมส่ง โอซีหนิง โอซี่,1290.0,,2.0,Khon Kaen
3829538279,Fat Blockers & Burners,🧡ส่งด่วน | บาชิ แคปซูล ส้มเทา (สูตรใหม่แบบขวด) อาหารเสริมควบคุมน้ำหนัก  30 แคปซูล🧡,60.0,667.0,105.0,Nonthaburi
1732250772,Fat Blockers & Burners,ของแท้ Liso 🔥ลิโซ่สูตรดั่งเดิมขวดเขียวใส 40 แคปซูล,125.0,5098.0,766.0,Pattani
4438727719,Fat Blockers & Burners,Macher Black Orange Coffee กาแฟดำส้ม กาแฟดำส้มมาเชอร์ กาแฟดำน้ำส้มทัตซึมะมาเชอร์ กาแฟส้มมาเชอร์ 10 ซอง,179.0,489.0,77.0,Bangkok
2119088372,Fat Blockers & Burners,🌿Clean Detox🌿(แพค10ซอง)คลีนดีท็อกซ์ สมุนไพรล้างลำไส้ดูแลรูปร่าง,220.0,1042.0,149.0,Pattani
4171949607,Fat Blockers & Burners,(ส่งฟรี) ของแท้ ลิโซ่ LIso สูตรดั้งเดิม 40 เม็ด,135.0,1227.0,192.0,Bangkok
2048188643,Fat Blockers & Burners,📌📌ลดน้ำหนัก ดื้อยา บาชิส้ม กล่องกระดาษ บาชิ Baschi Slimming สูตรเดิม มี 30เม็ดต่อกล่อง ของแท้100%%,139.0,3763.0,261.0,Sakon Nakhon
1732326586,Fat Blockers & Burners,[🔥มีวิธีดูของแท้🔥] ลิโซ่ขวดใส แบบไม่แถมดีท็อกซ์ สูตรดื้อลดยาก ขนาด40แคปซูล,125.0,1226.0,175.0,Pattani
2507119336,Fat Blockers & Burners,❤️อาหารเสริมน้ำหนัก [บาชิเม็ดขาวแดง] Baschi สูตรดั้งเดิม มี 40เม็ด แท้100% ☑️มีเก็บเงินปลายทาง,129.0,4098.0,475.0,Sakon Nakhon
3829458895,Fat Blockers & Burners,(รุ่นดั้งเดิม)🍎ผลิตภัณฑ์เสริมอาหารบาชิ ฺBaschi เม็ดสีทอง 40 แคปซูล ผลิตภัณฑ์เสริมอาหารควบคุมน้ำหนัก,125.0,385.0,30.0,Nonthaburi
4306604587,Fat Blockers & Burners,Everteen Diet Toc เอฟเวอร์ทีน ไดเอ็ท ท็อก [เหลือง/แดง] [18 เม็ด/หลอด] [1 หลอด] everteenเม็ดฟู่ช่วย เม็ดฟู่สำหรับคนอยากลดน้ำหนัก,86.48,8705.0,978.0,Nonthaburi
3829534309,Fat Blockers & Burners,สุขภาพดี ผลิตภัณฑ์เพื่อสุขภาพ ✰Liso 🔥ลิโซ่สูตรดั่งเดิมขวดเขียวใส ลิโซ่❁,115.0,1800.0,222.0,Nonthaburi
4041803381,Fat Blockers & Burners,viviplus Shikku พร้อมส่ง รับตรงบริษัท ส่งฟรีส่งไว 1กล่อง15แคปซูล,290.0,321.0,65.0,Nakhon Si Thammarat
1154740447,Fat Blockers & Burners,(1กระปุก) คาร์บีบ๊อก (เหลือง),115.0,1077.0,147.0,Pathum Thani
4687709059,Fat Blockers & Burners,วิตามินแขนขาเรียว นำเข้าจากญี่ปุ่น สูตร๑ )ราคาส่ง 100 เม็ด แบบแผง 10 เม็ต,48.51,8.0,3.0,Bangkok
2881508504,Fat Blockers & Burners,(01)❤(แถมฟรีสินค้าทานคู่กัน)❤🔥 คอร์เซ่ เฮิร์บ​ HERB VIP  Korse 💙(กล่องซีล & ล็อตใหม่) จัดส่งทุกวัน,83.0,,4305.0,Nonthaburi
2593233637,Fat Blockers & Burners,🔵Liso ลิโซ่ใส สูตรดั่งเดิม ไม่มีกล่อง คะ(40 แคปซูล) 🔵,120.0,8383.0,1048.0,Nonthaburi
3383753543,Fat Blockers & Burners,🥑น้ำมันอโวคาโดสกัดเย็น 🥥น้ำมันมะพร้าว ชาเขียว  Avocado mix,69.0,3540.0,568.0,Nonthaburi
4660532688,Fat Blockers & Burners,สลิน-เอ็กซ์ ทู SLIN X TWO,145.0,25.0,2.0,Saraburi
4022122327,Fat Blockers & Burners,สมุนไพรลดน้ำหนักสูตรเร่งรัด,129.0,1303.0,153.0,Bangkok
2881528219,Fat Blockers & Burners,(01)💙(แถมฟรีสินค้าทานคู่กัน)🔥HERB VIP  Korse คอร์เซ่ เฮิร์บ วี ไอ พี ❤(กล่องซีล & ล็อตใหม่),83.0,,3741.0,Nonthaburi
1151434484,Fat Blockers & Burners,1กระปุกCAR-B-BOCK คาร์บีบ๊อก (เหลือง)   30 แคปซูล,115.0,69.0,2.0,Pathum Thani
3717223822,Fat Blockers & Burners,ZOM DT ส้มดีที น้องใหม่ล่าสุด จากแบรนด์ คอลลาริช( ซื้อ1แถม1),159.0,456.0,44.0,Bangkok
4063603484,Fat Blockers & Burners,ส้มแขก การ์ซีเนีย พลัส Garcinia Plus ขนาด 600 มิลลิกรัม 60 แคปซูล ตราบลูเบิร์ด Bluebird,89.0,614.0,104.0,Nakhon Ratchasima
3092325378,Fat Blockers & Burners,📣🇰🇷[พร้อมส่ง]เม็ดฟู่ช่วยเผาผลาญEver teen diet Toc,150.0,3105.0,474.0,Pathum Thani
2822452932,Fat Blockers & Burners,Hom Coffee(ฮอมคอฟฟี่กาแฟผสมคอลลาเจน) 1 กล่อง บรรจุ 10 ซอง 145 บาท,145.0,611.0,138.0,Bangkok
2245489236,Fat Blockers & Burners,9X Purely Inspired Garcinia Cambogia+ สารสกัดจากส้มแขก 100 Tablets,550.0,20.0,7.0,Nonthaburi
2372155406,Fat Blockers & Burners,ของแท้ Jelly Fiber The Charming Garden เจลลี่ไฟเบอร์ (สินค้าพร้อมส่ง) 1กล่อง 5ซอง,115.0,,1113.0,Bangkok
4563387701,Fat Blockers & Burners,ซีแอลเอ CLA Conjugated Linoleic Acid Plus L-carnitine  ตรา บลูเบิร์ด 600 มิลลิกรัม 60 แคปซูล,219.0,,1.0,Bangkok
3829470824,Fat Blockers & Burners,ของแท้ 100%  ลิด้าซอฟเจล ลิด้า  Lida softgel  บรรจุ 36 เม็ด แพคเกจใหม่ล่าสุด ลิด้า,135.0,955.0,92.0,Nonthaburi
100185938,Fat Blockers & Burners,3 Bottle ขวด Herbal One Garcinia ผลส้มแขก อ้วยอัน 100 Capsule,347.0,61.0,21.0,Phuket
4385310988,Fat Blockers & Burners,DS ดีเอส (D-ONEแพคเกจใหม่) ผลิตภัณฑ์เสริมอาหาร,179.0,365.0,44.0,Bangkok
4298926559,Fat Blockers & Burners,D-ONE ดีวัน อาหารเสริม ของแท้100%,175.0,1853.0,166.0,Bangkok
2891085756,Fat Blockers & Burners,ของแท้ 100% ลิด้าซอฟเจล ลิด้า Lida softgel บรรจุ 36 เม็ด สำหรับคนควบคุมน้ำหนัก ป ลิด้า,135.0,4791.0,600.0,Nonthaburi
4223465203,Fat Blockers & Burners,เอเน่ ซีเครท เอ็กซ์ เอส Aene Secret XS ของแท้ 100%,304.0,337.0,89.0,Samut Prakan
4107626262,Fat Blockers & Burners,บูมโกโก้พลัส BoomCocoaPlus ( 1 กล่อง 10 ซอง ),99.0,237.0,26.0,Chachoengsao
3873048430,Fat Blockers & Burners,♦️( แถมฟรีสินค้าทานคู่กัน  ) ♦️คอร์เซ่ Korse  / vip s วีไอพีเอส อาหารเสริมควบคุมน้ำหนัก กล่องซีล  ตัวใหม่,83.0,,856.0,Nonthaburi
4202568539,Fat Blockers & Burners,BB สารสกัดจากถั่วขาว ถั่วขาว ถั่วขาวสกัด  White Kidney Bean Extract (60 แคปซูล),99.0,258.0,53.0,Chaiyaphum
3459718077,Fat Blockers & Burners,❤️❤️แถมดีท็อก(ขนาดทดลอง)❤️❤️ผลิตภัณฑ์เสริมอาหาร คอร์เซ่บายเฮิร์บ Korse By Herb แพ็คเกจใหม่ #สูตรสีทอง สายดื้อสายกินเก่งแนะนำตัวนี้มี 15เม็ด,49.0,4432.0,383.0,Sakon Nakhon
736108137,Fat Blockers & Burners,Mega we care hi green 30 แคปซูล เมก้า วีแคร์ ไฮ กรีน ชาเขียวสกัด,269.0,126.0,21.0,Bangkok
1674522858,Fat Blockers & Burners,สูตรเก่าดั้งเดิม💋 อาหารเสริมลดน้ำหนัก ลดสัดส่วน บาชิส้มกล่องกระดาษ บาชิ Baschi (มีกล่อง) # 30 แคปซูลต่อกล่อง 🔥พร้อมส่ง/แท้ 100%🔥,139.0,6989.0,722.0,Sakon Nakhon
2768793012,Fat Blockers & Burners,DHC kitosan DHC Meriroto 20 วัน,129.0,1736.0,258.0,Bangkok
2891121589,Fat Blockers & Burners,Liso ลิโซ่สูตรดั่งเดิมขวดเขียวใส ลิโซ่,120.0,6886.0,1001.0,Nonthaburi
1460948183,Fat Blockers & Burners,[2 กล่อง] เวนิสต้าดีท็อก [30 เม็ด/กล่อง] Venista Detox อาหารเสริมดีทอกซ์,99.0,8353.0,1265.0,Bangkok
3829534311,Fat Blockers & Burners,(รุ่นดั้งเดิม)วันเดย์ไดเอท ONE DAY DIET อาหารเสริมควบคุมน้ำหนัก ไม่มีกล่องนะคะ,145.0,584.0,79.0,Nonthaburi
4804358726,Fat Blockers & Burners,สารสกัดถั่วขาว บล็อคแป้ง บล็อคน้ำตาล กิฟฟารีน บล็อค-โฟร์-สลิม Block 4 Slimm Giffarine,585.0,,,Bangkok
4800090278,Fat Blockers & Burners,30แคปซูล สมุนไพรสลายไขมัน สลายเซลลูไลท์,99.0,37.0,9.0,Bangkok
4794008791,Fat Blockers & Burners,CLA Conjugated Linoleic Acid + L-carnitine ซีแอลเอ ตรา บลูเบิร์ด 600 มิลลิกรัม 60 แคปซูล,219.0,,,Nakhon Ratchasima
4793169988,Fat Blockers & Burners,Ultmate L-Carnitine Yanhee Callyn Plus+ ยันฮี คอลลินพลัส แอลคาร์นิทีน ยันฮีลดน้ำหนัก แอลคานิทีน ส่งฟรี,1480.0,,,Chiang Mai
4781869618,Fat Blockers & Burners,SET ลดไว S3 SYN2 NATACHA ผลิตภัณฑ์อาหารเสริม,1788.0,,,Nakhon Si Thammarat
4781462416,Fat Blockers & Burners,N So S เอ็น โซ เอส 1กล่อง10 แคปซูล,120.0,24.0,,Bangkok
4780558083,Fat Blockers & Burners,ELLY Coffee with Collagen เอลลี่ กาแฟ ผสม คอลลาเจน คุมหิว ผิวปิ๊ง หุ่นเป๊ะ,715.0,,1.0,Samut Prakan
4810713415,Fat Blockers & Burners,Asahi SUS CP1563 Slim Lactic Acid Bacteria Burn Fat Shake 250g 2ชนิด / Tablet 20วัน slim up slim,849.0,,,Chonburi
4804298986,Fat Blockers & Burners,✅ของแท้ ส่งไว✅ เซตลืมหิว ชาน่าเอส ชาน่าดีท็อกซ์ พิชาโกโก้เอส การเผาผลาญไขมัน,290.0,,,Samut Prakan
4795329230,Fat Blockers & Burners,Naturopathica Fatblaster Platinum + ThermoBurn 40 แคปซูล 8 Keys Benefits จาก ออสเตรเลีย,690.0,,,Songkhla
4795026580,Fat Blockers & Burners,สมุนไพรลดหน้าท้อง Abdomen Slim,138.0,,,Bangkok
4794846850,Fat Blockers & Burners,VISTRA CLA & L-Carnitine 1100mg 30 เม็ด,650.0,,,Bangkok
4792208891,Fat Blockers & Burners,[เซตสุดลีน]Yanhee Callyn Plus/Ultimate L-Carnitine/Veggy Mix Plus คอลลิน พลัส อัลติเมท แอล คานิทีน เวจจี้ มิกซ์ พลัส 10เม็ด/60แคปซูล,3980.0,,,Pathum Thani
4472325406,Food Supplement,"Doctor's Best, Betaine HCI Pepsin & Gentian Bitters x 120 แคปซูล (Capsules)",749.0,15.0,3.0,Bangkok
4743451727,Food Supplement,อัลฟาคลอโรฟิล พลัส Alpha chlolphyllplus,75.0,10.0,2.0,Nonthaburi
4471201997,Food Supplement,Real Elixir Alfa Chlorophyll Plus ( แบบซอง 5 กรัม ) 1 กล่อง 6 ซอง,85.0,260.0,31.0,Bangkok
303962966,Food Supplement,MATELL L-Carnitine 500mg(100capsules) แอลคาร์นิทีน 500มก(100แคป),249.0,,3940.0,Khon Kaen
610896268,Food Supplement,Blackmores Ginkgo แบลคมอร์ส ใบแป๊ะก๊วย [30 เม็ด],268.0,879.0,152.0,Pathum Thani
1600768540,Food Supplement,💦 ส่งฟรี อาหารเสริมน้ำมันปลากิฟฟารีน อาหารเสริมสำหรับนักเรียนฉลาด อาหารเสริมสำหรับเด็กและการจดจำ น้ำมันตับปลา การจดจำสมธิเจริญอาห,131.0,27.0,1.0,Samut Prakan
4438727719,Food Supplement,Macher Black Orange Coffee กาแฟดำส้ม กาแฟดำส้มมาเชอร์ กาแฟดำน้ำส้มทัตซึมะมาเชอร์ กาแฟส้มมาเชอร์ 10 ซอง,179.0,489.0,79.0,Bangkok
3527770453,Food Supplement,สมุนไพรบำรุงสายตา 60 แคปซูล ตาล้า ต้อตา แพ้แสง ตาแห้ง ตราคเณศ เบญจภิรมย์,140.0,65.0,10.0,Pathum Thani
4236540839,Food Supplement,CHU ผลิตภัณฑ์เสริมอาหาร ชูว์ อาหารเสริมบำรุงสุขภาพท่านชาย ขนาด 10 แคปซูล,140.0,2164.0,468.0,Pathum Thani
4019003685,Food Supplement,โปรโมชั่น 5 กล่อง SOM CMAX เอสโอเอ็ม ซีแมคซ์ กาแฟ 5 กล่อง,748.0,154.0,23.0,Bangkok
4812621679,Food Supplement,โคซานอล โอเมก้า3 กิฟฟารีน โคซานอลกิฟฟารีน น้ำมันงาขี้ม่อน เมล็ดแฟลกซ์ cosanol giffarine,220.0,120.0,,Pathum Thani
4811385290,Food Supplement,น้ำมันปลา 4X กิฟฟารีน น้ำมันตับปลา FISH OIL GIFFARINE มี DHA สูงถึง 500 mg สูตรเข้มข้น,620.0,40.0,,Pathum Thani
4811202933,Food Supplement,[8.8] โพรไบโอต้า (Probiota) นวัตกรรมโพรไบโอติกสำหรับดูแลระบบทางเดินอาหารและลำไส้ (1 กล่อง 30 ซอง),1399.0,,,Bangkok
4811021058,Food Supplement,8.8 ⚡ ซื้อ 1 แถม 1 แถมฟรี ZINC SOAP สบู่ซินซี [AGLAM COLLCERA&ASTRA Q10 คอลเซร่า&แอสตร้าคิวเท็น] วิตามินสำหรับคนเป็นฝ้า กระ ผิวคล้ำ,399.0,,,Pathum Thani
4810890583,Food Supplement,8.8 ⚡ ซื้อ 1 แถม 1 แถมฟรี ZINC SOAP สบู่ซินซี [AGLAM ASTRA Q10 แอสตร้าคิวเท็น ] วิตามินสำหรับคนเป็น ฝ้า กระ,399.0,5.0,2.0,Pathum Thani
4808638242,Food Supplement,คลอโรฟิลล์ กิฟฟารีน คลอโรฟิลล์แท้100 คลอโรฟิลล์ giffarine คลอโรฟิลล์กิฟฟารีน chlorophyll,360.0,70.0,,Pathum Thani
4808513784,Food Supplement,คลอโรฟิลล์ คลอโรฟิล คลอโรฟีน คลอโรฟิว CHLOROPHYLL,480.0,51.0,,Pathum Thani
4808500844,Food Supplement,โคซานอล โคซานอล มัลติ แพลนท์ โอเมก้า 3 ออยล์ น้ำมันงาขี้ม่อน น้ำมันเมล็ดแฟลกซ์ และน้ำมันงา ผสมวิตามินอี,220.0,48.0,,Pathum Thani
4807207360,Food Supplement,{ ของแท้ / พร้อมส่ง } TTM TICHA MIXED FRUIT TEA ชาผลไม้ มีพรีไบโอติก ขับถ่ายง่าย ไม่ปวดบิด,390.0,,,Bangkok
4806549089,Food Supplement,น้ำมันปลา  ( 500 มก. 50 แคปซูล ) Fish oil  น้ำมันตับปลา,200.0,60.0,,Bangkok
4460219658,Food Supplement,Takabb ยาอม ตราตะขาบ 5 ตัว ชนิดซอง 3 กรัม/ซอง,16.0,423.0,30.0,Bangkok
344858315,Food Supplement,Vitaccino coffee เกรดเอ มีสติกเกอร์ LIDA กาแฟลดน้ำหนัก กาแฟดำ ไวแทคชิโน อีริต้า กาแฟ 15 ซอง,118.0,,6800.0,Bangkok
3451499993,Food Supplement,สเปรย์ ตราตะขาบ 5ตัว,90.0,775.0,134.0,Udon Thani
3405405975,Food Supplement,💦ส่งฟรี ยาดมกิฟฟารีน ยาดมสมุนไพร ยาแผนโบราณ ยาสามัญประจำบ้าน ไพรธรรมชาติ บรรเทาอาการวิงเวียนศีรษะ,40.0,70.0,15.0,Samut Prakan
2486233645,Food Supplement,ขมิ้นชัน 60แคปซูล,58.0,5304.0,565.0,Udon Thani
4806534114,Food Supplement,กระเทียม กระเทียมแคปซูล กระเทียม  กระเทียมสกัด  GARLIC,400.0,56.0,,Bangkok
4806504249,Food Supplement,โฟลิคโฟลิก โฟลิก โฟลิค เสริมธาตุเหล็ก NUTRI FOLIC,180.0,67.0,,Bangkok
4806492324,Food Supplement,โคซานอล โคซานอล มัลติ แพลนท์ โอเมก้า 3 ออยล์ น้ำมันงาขี้ม่อน น้ำมันเมล็ดแฟลกซ์ และน้ำมันงา ผสมวิตามินอี,220.0,50.0,,Bangkok
4806483337,Food Supplement,โคลีนบี  วิตามินบีรวม วิตามินบี  Choline - B GIFFARINE สมอง ความจำ ปลายประสาท,280.0,69.0,,Bangkok
4808549166,Food Supplement,Goodies โปรตีนพืชรสช็อคโกแลต 1 กระปุก,1390.0,,3.0,Nakhon Pathom
4808500844,Food Supplement,โคซานอล โคซานอล มัลติ แพลนท์ โอเมก้า 3 ออยล์ น้ำมันงาขี้ม่อน น้ำมันเมล็ดแฟลกซ์ และน้ำมันงา ผสมวิตามินอี,560.0,48.0,,Pathum Thani
4806492324,Food Supplement,โคซานอล โคซานอล มัลติ แพลนท์ โอเมก้า 3 ออยล์ น้ำมันงาขี้ม่อน น้ำมันเมล็ดแฟลกซ์ และน้ำมันงา ผสมวิตามินอี,560.0,50.0,,Bangkok
